826785448064,3744,False,3613,1,TCCACAAGGTGG
824633769984,12480,False,12229,1,GTATAAAGAAGC
274877906944,12544,False,12293,1,TTTAGTATGGTG
4210688,14400,False,14149,1,CAGTATGATTTT
827859189952,14560,False,14309,1,GTTTTGGGCCTC
278111748224,14656,False,14405,1,TGGATGTGGATA
274882150592,15040,False,14789,1,GTGGGTGTATAC
2160115776,15072,False,14821,1,AATAATTATGAT
2155888832,15104,False,14853,1,TAATAAATTTGG
550829605056,15232,False,14981,1,GTGCTAAGAATA
827854995456,15584,False,15333,1,TGTTATGTGTGG
827867529344,15648,False,15397,1,GCTTTTGCTAAT
3229646848,15840,False,15589,1,CATTTTAGTATG
826793787520,16416,False,16165,1,ACATCATTACGT
826785398976,16544,False,16293,1,ATGTGATGTAAA
824633769984,16928,False,16677,1,TACTGGCTACCA
3233808512,16960,False,16709,1,CAGTTTTAGGTG
552989638720,16992,False,16741,1,GAGTTGACTAAT
824633753792,17504,False,17253,1,AGTTAGTATGCT
274886295744,18016,False,17765,1,ATTCACAGACTG
3233841344,19584,False,19342,1,ATCACAAGATGC
826781253824,19616,False,19374,1,TTTAAAACATGC
549764251648,19680,False,19438,1,TTTACTTTTTGG
826785448064,20096,False,19854,1,TGATGGTCGTGA
824646353024,20768,False,20526,1,TGTGAGTAAGGT
3225469120,20992,False,20750,1,TGAATGTTGCTA
551907540992,21248,False,21006,1,AATTTCTGATAT
551915929728,29152,False,28934,1,TTTCAATTGCGT
277025406976,30016,False,29793,1,TATTTTTACTAT
