1086374080,7840,False,7742,1,TATGATGATGTT
552989671424,12352,False,12254,1,AAGAAGAGTAAG
824646303808,13536,False,13438,1,CAATTAAGGGCA
549755830272,14496,False,14398,1,ATGAATATGGAT
824642109632,14784,False,14686,1,ACTGATTATAAT
827863367872,15424,False,15326,1,GTGAAATTGTTA
824646352896,15680,False,15582,1,AAATAAGCATTT
3221225472,15776,False,15678,1,CTTTCAACAGGT
827854979072,16192,False,16094,1,TTTACAAGAACA
549764235456,16832,False,16734,1,TAAGAGTGAGTT
552989622272,17280,False,17182,1,ACTCGTAAGTAT
551903346880,18752,False,18663,1,TGATATTCAACA
3221274816,19040,False,18951,1,TGCCTGTGTCAA
552985428160,20640,False,20551,1,GTTGATTTTAAA
550829604992,21024,False,20935,1,GTGAGTGACAGT
278111715520,21088,False,20999,1,ATTTGATAATTT
827859140800,26976,False,26883,1,TACAAGAAATTC
827863334912,29632,False,29419,1,TAAGGATGTCTT
2160083136,30528,False,30324,1,TTAAAACTTGGA
3225436352,30688,False,30490,1,CAATTAGATTTG
