827867545664,96,False,105,1,TATAAACGGCAC
274886295552,192,False,201,1,GTGTCCATTCGG
277033779264,224,False,233,1,GTTGCATAATGG
825707511872,256,False,265,1,CTCGGCTTCAAA
278099165312,288,False,297,1,GATGCTTCCGAA
825720078336,384,False,393,1,AAAAACTTTGGT
278107553984,416,False,425,1,GTAGCCGGCTTC
2160115904,448,False,457,1,CAGTCTGCCATA
551903313920,480,False,489,1,TGAGGATCCCCA
1073758272,512,False,521,1,TGATGGCATTGC
2155872256,544,False,553,1,GTTAAGCCATCC
551915896832,576,False,585,1,ATGGACTAATTT
825711706176,608,False,617,1,CTGCCATGGGGT
551915913280,640,False,649,1,TGTAACACCAGG
278103343168,672,False,681,1,CGTGGCCTTTCA
827863367872,704,False,713,1,ATGGTGTATGCC
278099132480,736,False,745,1,GGCTGGTTCGTT
552977055936,768,False,777,1,GTATGCGAAGCA
3221225600,800,False,809,1,TCCTTCTTCGTA
278103359680,832,False,841,1,GTGACATCCGGC
827854946432,864,False,873,1,CATGCCTGTGTA
827854962816,896,False,905,1,CTTGTGAGGAGG
1086341312,928,False,937,1,AAGTACTCCTGC
824637931712,960,False,969,1,GGGCTATCGCGG
550842155008,992,False,1001,1,TGGACCAGTATG
274882134016,1024,False,1033,1,CTCGCCAAGGGT
549755846720,1056,False,1065,1,CACCTTGAGTGA
277025390656,1088,False,1097,1,TGTGGCGTGACT
549755830400,1120,False,1129,1,GTGGCTTGGCAC
549768446080,1152,False,1161,1,TGCTATGCGTCT
2151694400,1184,False,1193,1,GTTGCATTGATT
549764235392,1216,False,1225,1,GATGTGGTGGAT
826785447936,1248,False,1257,1,GCCTGCTCATCT
278107521216,1280,False,1289,1,TTAAAAGACTCC
825720078528,1312,False,1321,1,CTGTATACGGAT
552977055936,1344,False,1353,1,TTATAAAACCAA
552985460928,1376,False,1385,1,TCACGCAGTTTG
826789625920,1408,False,1417,1,GACACCTGCGAT
827859189888,1440,False,1449,1,CAATATGATGGA
2160066688,1472,False,1481,1,GTACCAAAAATT
552977072256,1504,False,1513,1,GCCCAGTCATCA
824637964416,1536,False,1545,1,TGTTCTATTCAC
826793820352,1568,False,1577,1,ATCGTGAGTCCT
550842187904,1600,False,1609,1,GTTGTGCCTTTT
827867529216,1632,False,1641,1,CCCTTGCCCAGG
12615808,1664,False,1673,1,GGTCTTCTGTTA
551915913408,1696,False,1705,1,TATACAGGAGTA
274886344768,1728,False,1737,1,TCAAGAGACAGA
826781237312,1760,False,1769,1,ATATGGATTATG
552989671424,1792,False,1801,1,CTCGAGCAGAGA
3233841152,1824,False,1833,1,TGTCTATCATAG
825715851392,1856,False,1865,1,GTGACTATAGTC
277038022720,1888,False,1897,1,TTGTTTGTTAAG
277025439872,1920,False,1929,1,CAAATTCGCCAC
3229630528,1952,False,1961,1,CCCTCCTACTAG
2160099520,1984,False,1993,1,TATTATTTGATT
827863384192,2016,False,2025,1,CTCTATGATGGT
825715900544,2048,False,2057,1,CTGACATGTGTA
3225419776,2080,False,2089,1,ATGCATGATGTT
824646320192,2112,False,2121,1,TAAGAAGGTTAC
824633753600,2176,False,2185,1,ATTACTGAATGG
277033828544,2208,False,2217,1,TGCTGCTAGTGC
549764251712,2240,False,2249,1,AGCTGGTAAATG
827863367744,2272,False,2281,1,GGTGTTATAACC
826781237248,2304,False,2313,1,GCTTGTCAAGAA
826789609600,2336,False,2345,1,CATTTTTCAAGG
826793820352,2368,False,2377,1,GTTTCTATCTTG
826789642368,2400,False,2409,1,GACTGCCTCAAA
3225419968,2432,False,2441,1,GTAAGGTTTATG
1082179712,2464,False,2473,1,TCTGCATATGTT
551903346752,2496,False,2505,1,AGCCACTTGTTT
3229614208,2528,False,2537,1,CAGTTTTTGAAG
49280,2560,False,2569,1,AAAGCCCCATTA
826781253632,2592,False,2601,1,GCCACCCACTTC
2147516608,2624,False,2633,1,TGGATAAATTGT
552989622272,2656,False,2665,1,CAATTTTACCCT
1082163392,2688,False,2697,1,TGTTGGCGTGTT
8437824,2720,False,2729,1,CCTGTGCGGGCA
49216,2752,False,2761,1,AAGCCCAAAGTC
278103359616,2784,False,2793,1,TAAGATTAAGAT
827854962880,2816,False,2825,1,CCTTTGATAGTG
549768396992,2848,False,2857,1,GAGTTTGAAGTT
826793803904,2880,False,2889,1,TGAGCTGCTTGA
552977039552,2912,False,2921,1,AGAGTACGCTCA
3233857728,2944,False,2953,1,GTGATAGGCACA
3233857728,2976,False,2985,1,TAGGTTGGCAGG
16512,3008,False,3017,1,ATGAGGGAGGCG
825720078336,3040,False,3049,1,ATGTATTGTTCC
2160066688,3072,False,3081,1,AGACTGCGTTGC
3229614144,3104,False,3113,1,ATGAAAACCAAG
549760040960,3136,False,3145,1,GCAGTCCTTGTC
550842171520,3168,False,3177,1,CGGCGTTGCCAA
826781237440,3200,False,3209,1,CGGAAATTTGCG
550842171520,3232,False,3241,1,GAAGAATTGGCT
278103359488,3264,False,3273,1,TCAAACTCCCAT
275951648896,3296,False,3305,1,AAGTCGGAGAGG
550837977088,3328,False,3337,1,GCTGAGGCGAAG
277025423488,3360,False,3369,1,TGTAGATGCCTG
3229630528,3392,False,3401,1,TTGAAATTGAAA
12615744,3424,False,3433,1,GATGAGCTTCAA
826793820352,3456,False,3465,1,GGACAAGACCTA
277037989888,3488,False,3497,1,ATGCCGTATGCT
8405184,3520,False,3529,1,TATGCTGTGCCG
278103376000,3552,False,3561,1,AGTGTGTGGATT
551915896960,3584,False,3593,1,GCACTAATTGTT
275960086528,3616,False,3625,1,GTAATGCAGAGT
1082163392,3648,False,3657,1,CTTGGAGATGCA
12632128,3680,False,3689,1,AGGCCGGCTATG
550837944512,3712,False,3721,1,CTAGTTAAGAGC
826785448064,3744,False,3753,1,TCCACAAGGTGG
551903346688,3776,False,3785,1,ATTTCTTTCTAA
277025439744,3808,False,3817,1,TATGCTAACTGG
826793803776,3840,False,3849,1,GGAGTTAAAGCT
3233808512,3872,False,3881,1,TTTTCTATGGGG
3225468992,3904,False,3913,1,AAGTGTGGTAAT
278099181696,3936,False,3945,1,AGATATACCCTA
825720045696,3968,False,3977,1,GAGATGATAAGT
1086357696,4000,False,4009,1,AGAAAGGTCTTT
827867578496,4032,False,4041,1,TGTTAATGATTG
827854995648,4064,False,4073,1,AGGGCAAGCAAA
549768446144,4096,False,4105,1,AAATTTATTGGT
552985460800,4128,False,4137,1,GGGTTACGGGAT
8405184,4160,False,4169,1,TTGAACTCGCCC
827867561984,4192,False,4201,1,ACACCAAATGTT
827867578496,4224,False,4233,1,TATAAAGGTTGT
278107553920,4256,False,4265,1,TCATTGTTAACC
550842138688,4288,False,4297,1,CATGGTGCAGGT
827867529216,4320,False,4329,1,AAAGGCGGGCAG
3229663296,4352,False,4361,1,CCGATATGGTGA
824646336640,4384,False,4393,1,GTTGGTGAATGC
550829604992,4416,False,4425,1,GTTATGTAAAAA
552977039424,4448,False,4457,1,CAGATGCGCGAG
275964248256,4480,False,4489,1,TCACTTTTAGAG
826785447936,4512,False,4521,1,TAAGTGTGACAA
827859157184,4544,False,4553,1,CGGCTGGTATAT
827867562048,4576,False,4585,1,TCCCTAACTTAC
824633737344,4608,False,4617,1,GAATGTCATTCT
826793787520,4640,False,4649,1,ATTTTGATGTGA
8437952,4672,False,4681,1,TCCGTTGCTGGT
827863384064,4704,False,4713,1,ATTGGCCAAAAA
278111764672,4736,False,4745,1,TTGTGACGAATG
550833782976,4768,False,4777,1,GAATCTTGCTTT
1082179584,4800,False,4809,1,GCAGGAAGTTGA
3229663360,4832,False,4841,1,AATTGGATGATG
827859173504,4864,False,4873,1,GCTAATATGGAC
2155921536,4896,False,4905,1,TCTCGTTAACAA
3229646976,4928,False,4937,1,TTAGAACCATTA
826789593088,4960,False,4969,1,GGGATTTTTGTA
551907541120,4992,False,5001,1,TGGTTATGTTCA
8437824,5024,False,5033,1,CGAGTGTTAGCC
552989655040,5056,False,5065,1,AATAAGGTTGAT
278107521152,5088,False,5097,1,TGTTAACTTCCG
551915913216,5120,False,5129,1,GTGAAGTTTTTG
4194496,5152,False,5161,1,TTTTGTGATGGC
824642142400,5184,False,5193,1,GTGTAGTGCCAT
2155888832,5216,False,5225,1,TTCAGTACAGTG
550842187776,5248,False,5257,1,GTGGCTGTTAAA
552977088576,5280,False,5289,1,ACCACAACTGCT
549764251840,5312,False,5321,1,GCATGTGTAAGT
824642109440,5344,False,5353,1,AATTATTTTGCT
826789593152,5376,False,5385,1,TTGCTATATAAA
826785398912,5408,False,5417,1,AACACTTGAGTT
824642125888,5440,False,5449,1,TGGCAAGAGGCT
551907524800,5472,False,5481,1,TAAACCACTAAG
824633721024,5504,False,5513,1,CAAAGGGCAGCT
827867562176,5536,False,5545,1,GATTCTATCGAT
551907524608,5568,False,5577,1,TGAAGCAGATTT
549764251776,5600,False,5609,1,TGGAATTTGTTT
552981266624,5632,False,5641,1,GAGCAGCGCAAA
549764251776,5664,False,5673,1,TTTTGGTACGTT
824633753792,5696,False,5705,1,GGGGTTATAATA
825707462848,5728,False,5737,1,AAACTTGTGCAT
274882101376,5760,False,5769,1,ATTTTTAATTTG
3229630656,5792,False,5801,1,GGAAACTGCCCG
551911702528,5824,False,5833,1,ATTTTTACTGGT
825707479104,5856,False,5865,1,GCATGTGAAATG
3221274752,5888,False,5897,1,ATGATGCTTGTA
825720061952,5920,False,5929,1,GCTAAGGGTAAT
549768429696,5952,False,5961,1,TAAAAATTTAAA
8437888,5984,False,5993,1,TGACGACTTTTT
274877923328,6016,False,6025,1,GTGGAGTATAAG
827854946368,6048,False,6057,1,CTGTGAGTCTGG
3221274752,6080,False,6089,1,TTATTAAGGCCC
825711657152,6112,False,6121,1,GTTGATGGTGTC
826781220992,6144,False,6153,1,GGGACATAGTAT
3233824960,6176,False,6185,1,AGCTGGGATTTG
8388672,6208,False,6217,1,GAGTATAAAATT
551911735488,6240,False,6249,1,TGGAGATGTGGT
552985460736,6304,False,6313,1,TTTGGTAAACCG
552989622464,6336,False,6345,1,GGAAGCATCGCT
827863334912,6368,False,6377,1,ATAGACCTAGTG
549760041024,6400,False,6409,1,AATGTGTTGCCC
825711657024,6432,False,6441,1,GGACAAGGGGCC
274886311936,6464,False,6473,1,TTACCGGCGTCC
549764202560,6496,False,6505,1,GGTGCCGGTATT
826781237376,6528,False,6537,1,TGCTTCTGCTAG
2160115712,6560,False,6569,1,CGGAGGTTCGTC
552977039488,6592,False,6601,1,GCTGATGTCAAA
826781253760,6624,False,6633,1,TAAAAAGCCTGT
278107537408,6656,False,6665,1,TTGTTAATGATC
827867561984,6688,False,6697,1,GTTAAAAGTTTG
3221274752,6720,False,6729,1,TATGTTCCTGAC
2151727104,6752,False,6761,1,GGACTGCTAATG
12583040,6784,False,6793,1,TCACCGACTGTT
2151678016,6848,False,6857,1,TGTTGTTAAGAG
549764235456,6880,False,6889,1,GCGCCAAAAGTA
824642158656,6912,False,6921,1,CTGCTATTGTGC
549768396992,6944,False,6953,1,ATTGTTTTAGTT
825707495488,6976,False,6985,1,AATAAGGTTATA
278107570304,7008,False,7017,1,AAAGCTTACTTT
826793787520,7040,False,7049,1,TTAAGAATGCCT
552981266496,7072,False,7081,1,GTTGTGTCTAGG
3221274816,7104,False,7113,1,GGTCTTTTTATT
827867529344,7136,False,7145,1,CTAATGTTATTT
275960070272,7168,False,7177,1,AATATTGGGCCT
549760008320,7200,False,7209,1,GATAGTTGCGTG
552989622400,7232,False,7241,1,TGTCAACCATCT
2155921408,7264,False,7273,1,GATTTGGGCTAT
825715867776,7296,False,7305,1,AAGTATGGTATG
1082146816,7328,False,7337,1,TTGATATGCTGG
552989638848,7360,False,7369,1,GTTGTTCAACAC
825720045696,7392,False,7401,1,CTTTGACTATAT
825720094912,7424,False,7433,1,TTGAGCTTGTAA
278111731904,7456,False,7465,1,GTGTGCTTCTAC
549764235392,7488,False,7497,1,AATGCAGTTGTT
3225452736,7520,False,7529,1,TCTTTATGCTGG
827859140800,7552,False,7561,1,CGTTTGTTTGTG
1086341248,7584,False,7593,1,AGCTTTTACGTT
2160099520,7616,False,7625,1,TGACAGCTATGT
826793787456,7648,False,7657,1,AGACATGTTATG
824642125824,7680,False,7689,1,TTGCTTGTTTTG
550837993664,7712,False,7721,1,TCCGTGTTAAGT
824633753600,7744,False,7753,1,TCACTACGCTAT
274877923520,7776,False,7785,1,CGGCACAGGTTT
552989622272,7808,False,7817,1,ACTGTCTTAATT
32832,7840,False,7849,1,AATACATTCATA
549764251648,7872,False,7881,1,CCTCTCTAAGGA
278111764480,7904,False,7913,1,CAACAGATTCTG
551907508416,7936,False,7945,1,GTTAAGCAGGTT
825715900544,7968,False,7977,1,CTACGAGAGAGA
551911686272,8000,False,8009,1,ATGTTAATGCTA
824646336704,8032,False,8041,1,GGTCTGCTGCAT
826793820288,8064,False,8073,1,TGAAACGCATGT
552985444352,8096,False,8105,1,CTGATAAAGCTG
827859157184,8128,False,8137,1,TTTTATGCACAA
552989671552,8160,False,8169,1,GATGGTGGAAAA
278103343232,8192,False,8201,1,ACACTGGTTTGT
550837944512,8224,False,8233,1,GACCTTTATGTA
274890490048,8256,False,8265,1,CGACGTGGATCG
1077936256,8288,False,8297,1,TAAATGCTGCGC
278107521216,8320,False,8329,1,GTTCAGCTTGAA
8437888,8352,False,8361,1,TGGCTGTGCCCG
277025407104,8384,False,8393,1,CTGATGTTGAAA
549768429568,8416,False,8425,1,GTCATGTCGGCA
824633753664,8448,False,8457,1,TACGGATGAGAG
550829604864,8480,False,8489,1,CCTATGTTAAAA
278107521088,8512,False,8521,1,GATTTGGGTGTT
826785398912,8544,False,8553,1,GCATGTACAGGC
826789593280,8576,False,8585,1,ATGTGGCTTGCA
549755830400,8608,False,8617,1,AACCAGCTATCT
824637931520,8640,False,8649,1,GCGAAAAGCATG
3225419776,8672,False,8681,1,TTAAGCTTACTT
1082179776,8704,False,8713,1,GTTCCTATTTTA
824642142272,8736,False,8745,1,AGGGGGCGCTGT
278099165248,8768,False,8777,1,GGTTGTTTGTTG
278099181632,8800,False,8809,1,GTGTTGTGGGCC
825720094912,8832,False,8841,1,GCACAAATCGGA
824633753728,8864,False,8873,1,CCAGTTTTAAAG
550833799360,8896,False,8905,1,AGGGATGTGTCT
827854946496,8928,False,8937,1,AAACAAATTTAA
552989622336,8960,False,8969,1,AGTCTACTTTTG
278107553984,8992,False,9001,1,TCTAAGGCTTGT
825711656960,9024,False,9033,1,AGATCAAGACAT
824646336704,9056,False,9065,1,TTCCTACCACAG
1086373952,9088,False,9097,1,GTGTTGCATTTT
552981233664,9120,False,9129,1,TGATAGCGTGCA
3233824960,9152,False,9161,1,AAATCCCCTATG
827867529408,9184,False,9193,1,TGCGTGTTGTCA
1073791168,9216,False,9225,1,GCATGCAGATGG
826781221056,9248,False,9257,1,ATACAGGGGGTG
550842155008,9280,False,9289,1,TATAGTTCTTTG
2147483840,9312,False,9321,1,CCTGGCTAGTTC
549755863232,9344,False,9353,1,CCGAAGTGGTTA
827859189888,9376,False,9385,1,GTGCGCACTCGC
551903330304,9408,False,9417,1,TGGTTTATGTGA
3233857664,9440,False,9449,1,GCTTTAATTTTA
1082163264,9472,False,9481,1,AACCCGTATTAT
827854946368,9504,False,9513,1,TTGTGGTAGGAA
549760024768,9536,False,9545,1,AAGTTTTAGGAG
1086357568,9568,False,9577,1,TTCTTTGCCTTA
12632192,9600,False,9609,1,TGCTATCCTTGC
826781237312,9632,False,9641,1,TCTATTATTTAA
3229614080,9664,False,9673,1,GGTGACTACACT
824646336576,9696,False,9705,1,AATTGTGTGGTG
827854995648,9728,False,9737,1,TTGTGTTTCAGG
824637915200,9760,False,9769,1,TTATATGCTTGT
549764251648,9792,False,9801,1,TTATTTCCCTTC
825720078528,9824,False,9833,1,ATTTGCAATGGC
826793836736,9856,False,9865,1,ATGCCCTTGTGG
1077969088,9888,False,9897,1,AGTCGTTGTTTC
549764219008,9920,False,9929,1,TCTCTTACTGCC
3229614144,9952,False,9961,1,CGTAGTGACGGC
549755814080,9984,False,9993,1,TACTACCTTTAT
3233808576,10016,False,10025,1,GTAAGTTGAAAA
826793787392,10048,False,10057,1,TTTAACAGGTAC
824646353024,10080,False,10089,1,TCGTTATTTTAG
275964231808,10112,False,10121,1,CTTATAGAGAGG
3225419776,10144,False,10153,1,AAGGCAATGGAA
275955843200,10176,False,10185,1,TAATGATGTTCT
278103343296,10208,False,10217,1,CTGTTACTACAT
825711657152,10240,False,10249,1,GTGAAGATGGTG
826785447936,10272,False,10281,1,GCCTTGTATTGT
551915880640,10304,False,10313,1,TGACACTTAATG
12632128,10336,False,10345,1,GTTTATTGCCCA
1073790976,10368,False,10377,1,AGCTGACATGAC
824633721024,10400,False,10409,1,TGCTTTGTAGAG
278103326912,10432,False,10441,1,GTTATGTCTGGT
551911686272,10464,False,10473,1,GTCTTATCAAAT
824637915264,10496,False,10505,1,TGACTGTTACAC
552989638784,10528,False,10537,1,AAGTATTCCTTC
2151694464,10560,False,10569,1,GACATTTACTGT
275960053952,10592,False,10601,1,GACCTCAAGGAG
4243648,10624,False,10633,1,AGTAGCCATACC
826789642432,10656,False,10665,1,TGGATCCTGCGG
824642109568,10688,False,10697,1,CTGGCGATAGTG
1086341184,10720,False,10729,1,CAGCTAGAGTTG
824646352960,10752,False,10761,1,TACTGACTTTAG
3225469120,10784,False,10793,1,ATAGAGATGCGC
275964264640,10816,False,10825,1,CAGGATTATACG
824646320320,10848,False,10857,1,TTGGCTTTATGC
3221258304,10880,False,10889,1,ACTGGTTTGTGC
551915880448,10912,False,10921,1,GAGGAGTTTAAT
277033828352,10976,False,10985,1,ATGCGCTTGCTT
550842138816,11008,False,11017,1,GAACAGGTGTTG
549755863168,11040,False,11049,1,TTCTGGATTCCA
3225436160,11072,False,11081,1,GTTGTGTGCTTG
278111748096,11104,False,11113,1,GATGTTTATCAA
274890489984,11136,False,11145,1,ACAGTCAAAGCG
826793803968,11168,False,11177,1,CATGTTGCTGGA
1073774592,11200,False,11209,1,TTCTGTAGCATT
551907508224,11232,False,11241,1,GACTATGTTTAT
827859173568,11264,False,11273,1,TGGGAGTGACAT
827859156992,11296,False,11305,1,AGCTTTGCTATG
827867562112,11328,False,11337,1,TTTGTATTTAAC
825707462784,11360,False,11369,1,TATGCACACTGT
3221241920,11392,False,11401,1,GTGTACAAACAG
3233857664,11424,False,11433,1,TGCTTGGCTTTC
827863384256,11456,False,11465,1,ATTATACATATA
550837993664,11488,False,11497,1,GTTGTGTTGCTA
1073758400,11520,False,11529,1,CATGCGTAGCAT
827859189824,11552,False,11561,1,TTATGTTCTTGG
827854946496,11584,False,11593,1,GTATCCATGTGG
3233808448,11616,False,11625,1,GGAAGAGGTACT
277025439872,11648,False,11657,1,TTGGCACGTACA
3233808512,11680,False,11689,1,TTGGCTACCGCT
278111715456,11712,False,11721,1,GGCTGTGAATGT
827867562048,11744,False,11753,1,CGCAAATTAAAT
551915929728,11776,False,11785,1,TGTATTGGTTAT
274886344704,11808,False,11817,1,AATCTTGTCACT
274886328320,11872,False,11881,1,GTTCAGGAGTTA
824642158720,11904,False,11913,1,CTTGCGCCCACC
826793820352,11936,False,11945,1,TGATGCTTAATT
16576,11968,False,11977,1,GGTGTGCCAGTC
551903346688,12000,False,12009,1,ATCAAGATTGAC
1077936256,12032,False,12041,1,TTGTGTTGCTTA
824642125824,12064,False,12073,1,ATTGCATCTAAT
277038006272,12096,False,12105,1,TAGTACTTTGCA
825715851392,12128,False,12137,1,CTGATTTGAGCG
552989622336,12160,False,12169,1,CAGCTCTTAGTT
278111715328,12192,False,12201,1,AGCAGTGGATAG
3229646912,12224,False,12233,1,AAGAAGTGAGCG
552985460928,12256,False,12265,1,ACTGTCTTGCAA
277025439808,12288,False,12297,1,TAATATGGCTAG
827863335104,12320,False,12329,1,CTAAGAAGAATC
274886295552,12352,False,12361,1,GGCTCTGCCAAT
824637948032,12384,False,12393,1,AGAGAAGGCGTG
552985460864,12416,False,12425,1,ATGAGCGCGACA
552989622272,12448,False,12457,1,GAACGTATGGCT
824633769984,12480,False,12489,1,GTATAAAGAAGC
274882117760,12512,False,12521,1,GTAAGGTAGTGT
274877906944,12544,False,12553,1,TTTAGTATGGTG
826781204480,12576,False,12585,1,TCTTAATTCTAT
827854962688,12608,False,12617,1,GTTGTGTACCTT
275951681600,12640,False,12649,1,ACTTCGAACACT
825720078336,12672,False,12681,1,TAAGCAGGTTTT
3221274752,12704,False,12713,1,TGTATGTCACCT
274890522688,12736,False,12745,1,ATACAGTTTATT
824633770176,12768,False,12777,1,TAAACAATTGAA
827863335040,12800,False,12809,1,CCTGGCCTCTAG
3233824768,12832,False,12841,1,AATGAAGTGTCT
824646303808,12864,False,12873,1,TGAGTTGATGCC
549755814080,12896,False,12905,1,TTGTCAATAGTG
824646303808,12928,False,12937,1,ACTCCTACCCAG
827859140608,12960,False,12969,1,CACGGGTAAGAT
826781204480,12992,False,13001,1,ACTGTGATGGTC
2160115712,13024,False,13033,1,AAAGAAGATGGA
827859189888,13056,False,13065,1,GGATCCTCCCTG
3233857600,13088,False,13097,1,TGAAGGGCCTTA
1082130560,13120,False,13129,1,GTGAAGGGGTGT
278103326720,13152,False,13161,1,GGTTGTAGGCAC
274886295616,13184,False,13193,1,TGCAGGCGGGTA
275960070336,13216,False,13225,1,AACTCTGCAATA
549755846848,13248,False,13257,1,TGTAGATCCTAA
552985444544,13280,False,13289,1,TAAAACAGGGTG
824646336576,13312,False,13321,1,GTTAAGATGTTA
824637947904,13344,False,13353,1,TATGGCCATTAC
278107537472,13376,False,13385,1,CTAATCAGGATT
275964264448,13408,False,13417,1,TGTATATATTGC
3221225600,13440,False,13449,1,AGATGTTGATGG
825715900416,13472,False,13481,1,AGTTTGTCCAAG
552985460928,13504,False,13513,1,CCTGTGTCATAT
278107570176,13536,False,13545,1,TCAGGTTTGTGG
549768396992,13568,False,13577,1,GTTCCTGTGTAG
3221258432,13600,False,13609,1,TCAAAAGACACG
1086357568,13632,False,13641,1,GGTACAAGTGTA
549755863232,13664,False,13673,1,TGCCAGTGGCTT
827863334912,13696,False,13705,1,GGGCATTTGACA
824633720960,13728,False,13737,1,GGCATTGGTTTG
826781220864,13760,False,13769,1,CCGCTTCCAGCG
827863334912,13792,False,13801,1,AGTTGGATAAGT
824642109440,13824,False,13833,1,AATTTAGAAGTG
2155921536,13856,False,13865,1,CTATGAGTTGAC
825720045696,13888,False,13897,1,CTGAACACGAGT
274877923328,13920,False,13929,1,GGAAGTCGGGTA
824646353088,13952,False,13961,1,TCTTTCAAAGTT
3225419968,13984,False,13993,1,ATGCATTGCGTC
552981233664,14016,False,14025,1,TCAACTCTTAAG
552989622272,14048,False,14057,1,TGAGTGTGAAGA
827854962880,14080,False,14089,1,ACTGGTATGATT
12599488,14112,False,14121,1,ATTAATGTGTAT
549760024768,14144,False,14153,1,TAATAGAGCCCT
826789642240,14176,False,14185,1,CAGACGCATTAG
549755863040,14208,False,14217,1,GTTTTAACACTT
277025439744,14240,False,14249,1,TCAATGGTATGA
552985477120,14272,False,14281,1,CAGTACCTGGTT
827863335104,14304,False,14313,1,TCTTATTATTCA
551911719104,14336,False,14345,1,TATGTGTCATGC
2160066752,14368,False,14377,1,TTAATGGTACTT
4210688,14400,False,14409,1,CAGTATGATTTT
824633753600,14432,False,14441,1,CTTCACTAAGTA
1082163328,14464,False,14473,1,CCTACCACCCGA
4194496,14496,False,14505,1,GACAGGTGCATT
826793836544,14528,False,14537,1,TATACTTTTTAG
827859189952,14560,False,14569,1,GTTTTGGGCCTC
827863335040,14592,False,14601,1,GATGGTGTTCCT
2160115712,14624,False,14633,1,CCATTATAAAGA
278111748224,14656,False,14665,1,TGGATGTGGATA
278111748096,14688,False,14697,1,CTTAAGGACTTG
552981282880,14720,False,14729,1,TGCCCTTCATGT
278111748288,14752,False,14761,1,TTGATTTGCGCA
552977055808,14784,False,14793,1,GCTATTACAAGT
824633770176,14816,False,14825,1,TAAACCTGGAAA
549760057344,14848,False,14857,1,AGTTTATTTTGA
552985477312,14880,False,14889,1,GGGAGCTCCGTT
826785448064,14912,False,14921,1,TACGCAGGATGG
3225436224,14944,False,14953,1,ATAATTATTACA
278107553984,14976,False,14985,1,GTGGATATTAAG
552977055872,15008,False,15017,1,AGTTGTTAATAA
274882150592,15040,False,15049,1,GTGGGTGTATAC
2160115776,15072,False,15081,1,AATAATTATGAT
2155888832,15104,False,15113,1,TAATAAATTTGG
826785398784,15136,False,15145,1,AGGCATTATCAT
2160083008,15168,False,15177,1,TATGCGTATACC
550829604864,15200,False,15209,1,CCTAACTCAAAT
550829605056,15232,False,15241,1,GTGCTAAGAATA
1082163328,15264,False,15273,1,GTCTCTATTCTC
550829604992,15296,False,15305,1,GTTTCATCAAAA
827863384128,15328,False,15337,1,CTACTCGCGGTG
551911719104,15360,False,15369,1,ACGAAGTTCTAT
826793836608,15392,False,15401,1,ACGCCGCCTTAT
550833750208,15424,False,15433,1,TACTCATGGGTT
3229614272,15456,False,15465,1,CGTGCTATGCCA
1073791168,15488,False,15497,1,TAGTTTGGTGCT
278111715520,15520,False,15529,1,GCTGTTCGCATA
549768396800,15552,False,15561,1,GCGAACGAGTGC
827854995456,15584,False,15593,1,TGTTATGTGTGG
552985444416,15616,False,15625,1,CAGGTGGCACTA
827867529344,15648,False,15657,1,GCTTTTGCTAAT
277033811968,15680,False,15689,1,AGCTGTTTCCGC
8388736,15712,False,15721,1,CATGCAATGGAC
274882150464,15744,False,15753,1,ATACGCGAGTTA
550842155136,15776,False,15785,1,TGTCTATCGTGC
3233857728,15808,False,15817,1,TTGTTAGTGAGT
3229646848,15840,False,15849,1,CATTTTAGTATG
827854995648,15872,False,15881,1,TGTTGTGTGTTA
278099148992,15904,False,15913,1,AGGGTTATATTG
824646336704,15936,False,15945,1,CAGGTATTATAT
3233808512,15968,False,15977,1,GTCTGAGGCCAA
278111748288,16000,False,16009,1,TCGAAAAGGGAC
549764235264,16032,False,16041,1,CATACAATGCTA
1073790976,16064,False,16073,1,AGTCTACCTTCC
552985428160,16096,False,16105,1,TCTTAGGAGCAG
3225419776,16128,False,16137,1,TTAAAGACTGAT
824633770048,16160,False,16169,1,TTTCGTAAGTCT
1082130432,16192,False,16201,1,TAGTATACCATG
827854946304,16224,False,16233,1,GTGTTCCGGGTA
826781237312,16256,False,16265,1,GCTGTACAATGA
827854962880,16288,False,16297,1,ACAGCTACAGTG
8437760,16320,False,16329,1,GGTCAAAAGTTT
4227136,16352,False,16361,1,GAACATGTATTT
552989655232,16384,False,16393,1,GCGTTGGTGCCT
826793787520,16416,False,16425,1,ACATCATTACGT
824642125952,16448,False,16457,1,GCCTTTGCTGTG
278099132480,16480,False,16489,1,ATGTTATGTCCA
827867578432,16512,False,16521,1,AGTGTGTCACCA
826785398976,16544,False,16553,1,ATGTGATGTAAA
278111715392,16576,False,16585,1,TAGGTGGTATGT
827854979264,16608,False,16617,1,AAACCACAGTAT
827854946496,16640,False,16649,1,TGGTATGGTTTT
275960037568,16672,False,16681,1,GTACTGGTTCGC
824642142400,16704,False,16713,1,AAAATAGCTAGT
16512,16736,False,16745,1,TGATTATGTGCT
825715867776,16768,False,16777,1,GCCTTAAATTGT
552985477120,16800,False,16809,1,GCCACAGAAGAG
277038006400,16832,False,16841,1,GTCAGCAACGAT
827863384256,16864,False,16873,1,GGGAGTTAATTT
274877956288,16896,False,16905,1,GTGAGACCACCA
824633769984,16928,False,16937,1,TACTGGCTACCA
3233808512,16960,False,16969,1,CAGTTTTAGGTG
552989671552,17024,False,17033,1,AACCACTTATAA
275960053952,17056,False,17065,1,TCATTTTAACAT
827863367680,17088,False,17097,1,AGTGCTCCTACA
826789642240,17120,False,17129,1,TACTAGCATTCG
826781253824,17152,False,17161,1,TGCCTGAGACGT
552985477248,17184,False,17193,1,TATCAGCACATT
551907541184,17216,False,17225,1,TGTACAGGGACC
549764202688,17248,False,17257,1,ATCTAGCCATTG
549760041088,17280,False,17289,1,ACAGCGCGCGTG
275960037504,17312,False,17321,1,TGCTGCAGTTGA
3229646976,17344,False,17353,1,ATAAATTTTTAA
3233841280,17376,False,17385,1,ATTGTTCCTGCA
549755830336,17408,False,17417,1,TGATAAATTTAA
274877923328,17440,False,17449,1,AGTATGTGTTTA
552989655040,17472,False,17481,1,GAGTTGGTGACT
824633753792,17504,False,17513,1,AGTTAGTATGCT
552985428160,17536,False,17545,1,TTATTAACAGTC
550837993536,17568,False,17577,1,GTGTATATTGGA
64,17600,False,17609,1,ACCACGTGTGCT
827863351424,17632,False,17641,1,AACCTAGATATT
550842187968,17664,False,17673,1,ATGTGTTGTTTG
1073774720,17696,False,17705,1,CACCTGTTATAG
277037973696,17728,False,17737,1,ATACGGTGTCAG
12632256,17760,False,17769,1,CTGAAGGCTAAA
824642142208,17792,False,17801,1,CTTTAAGGTTTA
552977088640,17824,False,17833,1,ATGAGAGTTCTA
12582976,17856,False,17865,1,ATACATTTAATT
826793836544,17888,False,17897,1,CCCCAGTTGGAG
1082146944,17920,False,17929,1,CTTATAATAGTC
275960070144,17952,False,17961,1,GTCTTGGGATTA
827854995456,17984,False,17993,1,AGCGCAGGGTTC
274886295744,18016,False,18025,1,ATTCACAGACTG
824646303808,18048,False,18057,1,AATGTAAATAGA
825715867648,18080,False,18089,1,TGCTAAGAAGGG
826785398976,18112,False,18121,1,GTATGCAATTAT
549768396864,18144,False,18153,1,ACACTGACGTTG
824646353024,18176,False,18185,1,ATTACAGTGTAC
12582912,18208,False,18217,1,GTAGCAGGAGCT
827854979072,18240,False,18249,1,CATGCACCATCC
277037990080,18272,False,18281,1,ATATAAGGTAGG
278099132608,18336,False,18345,1,CGGCTTATATCA
827863367872,18368,False,18377,1,CTTGACCCTTGA
3221258432,18400,False,18409,1,TAACTAGAGATG
824633753664,18432,False,18441,1,GCCTGGGTTGGC
824642109632,18464,False,18473,1,TGCGATACGTGA
552977072320,18496,False,18505,1,CATTACAATTAG
550829604928,18528,False,18537,1,TTTGTTGTCGAA
827854979200,18560,False,18569,1,GAGAGATGGTTA
275955892224,18592,False,18601,1,CACGAGCTCCTC
1073758208,18624,False,18633,1,CTTATCCCACTT
12582912,18656,False,18665,1,GGATGTGGTTCG
826793803840,18688,False,18697,1,TGTCAGACCACC
2160066752,18720,False,18729,1,GTTGTACTTGTG
552989671552,18752,False,18761,1,GCTCACATGTTT
827863367744,18784,False,18793,1,GAAGAGAAGTTG
824646303872,18816,False,18825,1,CGTGCGACATGT
550837993664,18848,False,18857,1,CTATGGATGCTG
49216,18880,False,18889,1,ATTACCTGTACA
825707511872,18912,False,18921,1,CAACAGTGGGGA
827863367680,18944,False,18953,1,CAATCATGATCC
274886312000,18976,False,18985,1,GTGCTCATGTTG
552989671616,19008,False,19017,1,ACCCGGTGTCTA
824646303808,19040,False,19049,1,TAAGTCTGTTAA
1082130496,19072,False,19081,1,TTATTTCAAATG
277025439872,19104,False,19113,1,TGCAGGTTATTG
274877956288,19136,False,19145,1,TGCGATGCTATG
3229663296,19168,False,19177,1,ATGACATTGGCA
552985477120,19200,False,19209,1,GTCAAAGGATAT
827867529408,19232,False,19241,1,CTCCCCTGTTGT
0,19264,False,19273,1,TTTATAAATACG
827867529344,19296,False,19305,1,TTAGATGGTTTG
826781204608,19328,False,19337,1,TGTGGATAAGTA
278111715328,19360,False,19369,1,GTAGGTTTGACA
824646303936,19392,False,19401,1,AATCTCCCTGGC
827854962752,19424,False,19433,1,TGTTAACAAACA
275951698048,19456,False,19465,1,TTACCCGGGCTG
824633720896,19488,False,19497,1,ATGCCTTTCTTT
49216,19520,False,19529,1,TGTGTATATGGA
277025406976,19552,False,19561,1,TCGATTATGTCC
3233841344,19584,False,19593,1,ATCACAAGATGC
826781253824,19616,False,19625,1,TTTAAAACATGC
2147500160,19648,False,19657,1,TTGAGTCTTACA
549764251648,19680,False,19689,1,TTTACTTTTTGG
549768446016,19712,False,19721,1,TTATAACCTTTG
12583040,19744,False,19753,1,AAAGTTTAGAAA
824637948032,19776,False,19785,1,AATGCTGGACAC
824642142336,19808,False,19817,1,ACTGCCTTGTGC
3229663360,19840,False,19849,1,TTGCCAAGATTC
1077936128,19872,False,19881,1,TTTAAAAATAAC
2147500032,19904,False,19913,1,GGCTGTCGAATT
3225468928,19936,False,19945,1,GGCCCCACCCCG
551911702720,19968,False,19977,1,TTGAATATTGAC
826789626048,20000,False,20009,1,TTGGGATTATGC
1073741824,20032,False,20041,1,GTTCGACGTATA
551911719104,20064,False,20073,1,TTACAGTGCATT
826785448064,20096,False,20105,1,TGATGGTCGTGA
552985428160,20128,False,20137,1,TTAAGAAGTGCC
2155872448,20160,False,20169,1,ACGACAAAAATT
826793836672,20192,False,20201,1,AGGCCCACAACG
824646303872,20224,False,20233,1,TTGTGGAGAAAG
551903330304,20256,False,20265,1,TTTTGGTTTGCT
274886312064,20288,False,20297,1,TGTTATCTTCAG
550833782976,20320,False,20329,1,CGAGCCATTACC
551915880576,20352,False,20361,1,GGTGGTAATCGC
551907508224,20384,False,20393,1,TGAAGCTCTAGC
827867545792,20416,False,20425,1,AAAGCAGATTAT
12615872,20448,False,20457,1,TCAGAGATGGAG
277025439936,20480,False,20489,1,TGATGATGTGTT
824642158784,20512,False,20521,1,AGGACTACGCGT
3233841344,20544,False,20553,1,AGTTTTAACCAG
277033812032,20576,False,20585,1,TTTGCTTATTGG
827863384192,20608,False,20617,1,AATCCAATCTGG
8437952,20640,False,20649,1,TACGACTCTAGC
824642142336,20672,False,20681,1,TGACGAGAACAG
12583104,20704,False,20713,1,GCACTGTTATTG
1082146816,20736,False,20745,1,GTGGACATTGTA
824646353024,20768,False,20777,1,TGTGAGTAAGGT
3233841216,20800,False,20809,1,TTAAAGATTTCC
1077952640,20832,False,20841,1,GAGGAGAAGGTC
827854995648,20864,False,20873,1,GCAGGCTGCTGC
827867578368,20896,False,20905,1,TTATGCCTGTCT
549760008192,20928,False,20937,1,CCTCTGGAAAGA
825711656960,20960,False,20969,1,CAAGCCGATTAC
3225469120,20992,False,21001,1,TGAATGTTGCTA
1073774656,21024,False,21033,1,TATTTGAGCACT
275964280960,21056,False,21065,1,TAATATGCGTGT
825715867648,21088,False,21097,1,CGGATAAGGGTG
275960037568,21120,False,21129,1,CTTAGGCAGTGG
824637964288,21152,False,21161,1,TGTAGATAATGA
278107521216,21184,False,21193,1,ACAGTGTCGCCT
551911719104,21216,False,21225,1,ACCTTACCCTTT
551907540992,21248,False,21257,1,AATTTCTGATAT
1073742016,21280,False,21289,1,ACATTGGGGAGT
277037973632,21312,False,21321,1,TTCTTTACTTAC
551911735296,21344,False,21353,1,CAAGTTGGCTCT
827854962816,21376,False,21385,1,AAATAACAGAGT
549768446080,21408,False,21417,1,TATAGTTTAATG
277025407168,21440,False,21449,1,AATCTTTTGCAC
827854946432,21472,False,21481,1,GTGAAGGATTTT
12615680,21504,False,21513,1,AATAAGACCCGT
825720078336,21536,False,21545,1,CATGCATGCCAA
8388800,21568,False,21577,1,GTACAATGTGGA
3233808448,21600,False,21609,1,TTTGACATGAGT
824646303872,21632,False,21641,1,TGGTACGGCTGT
825720094912,21664,False,21673,1,AAATAAATGACT
827867529344,21696,False,21705,1,AAGGGCAAGTTA
826789593088,21728,False,21737,1,AGAAGTTTTTGT
3225452736,21760,False,21769,1,TCAAATAAATCT
824637964480,21792,False,21801,1,AATGGCCTTTGC
825720078400,21824,False,21833,1,TAAACTTTCCCC
824633769984,21856,False,21865,1,ATGGGTAAGTAT
826789593152,21888,False,21897,1,TGTGGAAATGGG
827854995648,21920,False,21929,1,AGGCACCACATG
274877939712,21952,False,21961,1,ATTAAAGCAGAC
49280,21984,False,21993,1,TGCAATACAAGA
3233808448,22016,False,22025,1,CATATGAGGGAG
2160082944,22048,False,22057,1,CACATGCTTGGC
3221225472,22080,False,22089,1,TAGAGGATTTGA
549764235392,22112,False,22121,1,TTGAAATTCTCC
277037990016,22144,False,22153,1,GATCAATCCAGA
826781204480,22176,False,22185,1,TGTGGCCCAATT
827854946368,22208,False,22217,1,AAGGAATGCAAT
0,22240,False,22249,1,TACCTCAAGCAT
274890539200,22272,False,22281,1,TGGGCTTGAGCT
827854946432,22304,False,22313,1,AAATAGATGGGT
551915929600,22336,False,22345,1,GTTTGGTGTGGT
128,22368,False,22377,1,TCCAACACCCAA
4227264,22400,False,22409,1,ATTGCTGCATAG
275960070144,22432,False,22441,1,GAAATAGGAGAC
549755830336,22464,False,22473,1,AGCGTGGGCCGA
825711706176,22496,False,22505,1,GAAACACCTACT
826785448064,22528,False,22537,1,AATAGCATCTAT
552989671424,22560,False,22569,1,GAAGGGTTGTAT
3233857728,22592,False,22601,1,TATTAGTGTAAT
827867562048,22624,False,22633,1,AAGGGCAGGATG
549764251712,22656,False,22665,1,CACACTGCTTTT
4194368,22688,False,22697,1,TGTTTGGGTTCA
549764219072,22720,False,22729,1,TCACATTTAAAT
827859189888,22752,False,22761,1,TGACAGTCGTTC
274886328512,22784,False,22793,1,ATAACGGTCATC
826793820160,22816,False,22825,1,CTCGACCCAAAG
824637931520,22848,False,22857,1,TTCCGCAAAGAG
278111715520,22880,False,22889,1,GTTTTCACTTCA
278099181568,22912,False,22921,1,GGTGAGGGAGAC
824633737216,22944,False,22953,1,AGTTAATTTTAG
552977072256,22976,False,22985,1,GCCTGGCTCATG
278111731904,23008,False,23017,1,GGCAATAAAGCT
278107537600,23040,False,23049,1,TGAGAAGATGGC
278111748288,23072,False,23081,1,TTGTTAATGTGT
827859173376,23104,False,23113,1,GCAAAGCCCGCC
825711673536,23136,False,23145,1,TTTAACACTCAA
12599360,23232,False,23294,1,CGGATGCTGCCA
3233841344,23264,False,23326,1,CAGAGTTACTAT
824646353024,23296,False,23358,1,ATATGGGTTCAA
2151678016,23328,False,23390,1,ACACTGCTAAGG
552989655040,23360,False,23422,1,TGCAGGTATCTT
277025423360,23392,False,23454,1,TAAGGCTGTGTC
278103326848,23424,False,23486,1,TACCCTCAAAGG
278107553792,23456,False,23518,1,AAGCGCTTTATG
275951648768,23488,False,23550,1,AAGGTGGAGTAG
278103343296,23520,False,23582,1,TGACCGCTGCAG
1082179712,23552,False,23614,1,TTCTTTCGCAAC
825707512000,23584,False,23646,1,TGGCACACATGA
826789642240,23616,False,23678,1,ATTTCAGGCAGT
1082163264,23648,False,23710,1,AATGTTTCCTGT
824637964352,23680,False,23742,1,TCTTTATAATAA
552981250048,23712,False,23774,1,CCTATGGGTACG
1086374080,23744,False,23806,1,AACATTGGTTAT
549768396928,23776,False,23838,1,TGACCCTCTCCC
277025439872,23808,False,23870,1,TATTGGGTATAG
827863335040,23840,False,23902,1,TTGATGTTTTAT
552981233792,23872,False,23934,1,TAGATTGCATGA
278107570304,23904,False,23966,1,TTCGTGTTTATT
827863384128,23936,False,23998,1,AGGGTATATTGG
3221274816,23968,False,24030,1,TTGTGAATTCAA
4227264,24000,False,24062,1,CCAAGCATTAGC
552977072256,24032,False,24094,1,ACAAGGCCTGGG
1086374080,24064,False,24126,1,GAGTTTATTTAA
549768396992,24096,False,24158,1,GGTTACTACCCG
826785415296,24128,False,24190,1,AAACCTCGCTCT
824637915136,24160,False,24222,1,GCTTGTCGTGGT
552989622464,24192,False,24254,1,CAGTTTAATGAT
4194432,24224,False,24286,1,GAACCTTAAGAC
278107570368,24256,False,24318,1,CTGCATATTTTC
1086357696,24288,False,24350,1,TTGTTTGGCTAT
826793820352,24320,False,24382,1,AGAGCCATATAA
278103376064,24352,False,24414,1,TGTGCCAGTATA
274890522624,24384,False,24446,1,ACTGATTGTAAG
825711706112,24416,False,24478,1,GCTTATAGGGTT
824637915200,24448,False,24510,1,CCCCAATTTGTG
549755863232,24480,False,24542,1,CTTAATGTTAAT
826785448064,24512,False,24574,1,TTTTTACCAACA
1082146944,24544,False,24606,1,ACTATGCGGATA
827859140800,24576,False,24638,1,TTGTTTAGTGTA
550842155008,24608,False,24670,1,ACAGTATTATGT
552985444416,24640,False,24702,1,CAACAGCTGGTA
827863351296,24672,False,24734,1,TGGGTTACACCT
274886311936,24704,False,24766,1,GTTTAATTTCAA
552977039424,24736,False,24798,1,GTGCTGTTGATT
1082130624,24768,False,24830,1,GAAATAAAATGT
277037990080,24800,False,24862,1,TAGCACTGGTGT
824642109568,24832,False,24894,1,CGGTCCAACCAG
275964231680,24864,False,24926,1,GTTGCTAACCTC
827867545664,24896,False,24958,1,GTGGCTTACTGC
551915880640,24928,False,24990,1,TCAACTGGGAGC
2155888640,24960,False,25022,1,AATTTTAATTTA
827863384064,24992,False,25054,1,TCAGGCTGAGAG
827854979264,25024,False,25086,1,ATGCTTCCAAAG
549768429632,25056,False,25118,1,AGTATTTCAGTT
827854995456,25088,False,25150,1,AAGTAGGCAAGT
3221225600,25120,False,25182,1,CTGGATTTCTGC
1086341120,25152,False,25214,1,GATACAGCTGCC
549768413184,25184,False,25246,1,CACCTTGCCTAA
278099165312,25216,False,25278,1,ACCATAACCCCT
551907524608,25248,False,25310,1,GGCTTTAATGAT
827859173568,25280,False,25342,1,CCAACATGACGT
278111731904,25312,False,25374,1,TTACTGTAAGAT
551915880512,25344,False,25406,1,CAACCGGACATA
551915929728,25376,False,25438,1,GACTAAGCCTAA
1082179584,25408,False,25470,1,GTGACCATTGTG
1086341120,25440,False,25502,1,GATAATTGTGGC
274882150528,25472,False,25534,1,TTGTATCTGTGC
275960037568,25504,False,25566,1,GGTCACATGATA
549755863040,25536,False,25598,1,TGCCAAATTTTT
824642125952,25568,False,25630,1,CATTAATAGTGG
3229663424,25600,False,25662,1,TGCAGTTGCCTA
824637948096,25632,False,25694,1,ATTTGTGTCAAA
824633770112,25664,False,25726,1,TGGACAAGGTGT
551903346816,25696,False,25758,1,ACTATTATAATA
3233857664,25728,False,25790,1,GATGTTAATGGT
274877939712,25760,False,25822,1,TCTTACCACTAA
552989638656,25792,False,25854,1,GCTGTTATAGTG
274886312128,25824,False,25886,1,CATAAAGATGCA
824633769984,25856,False,25918,1,TCGTAATATAAA
551903314112,25888,False,25950,1,ATAATATTTCCC
827867562176,25920,False,25982,1,TACTTTGATAGT
277025423424,25952,False,26014,1,TGCTGATAACCG
551911718912,25984,False,26046,1,ATTGTGATCTCC
1077968896,26016,False,26078,1,GTTGATTATTCA
827863334912,26048,False,26110,1,ATCAGTTTCTAC
277038022848,26080,False,26142,1,TTGAGCCATACA
549755863040,26112,False,26174,1,AGTGTCCAATCC
278103375936,26144,False,26206,1,GCAAATACCAAC
824633737216,26176,False,26238,1,ATGAGGAGTTCA
825707495552,26208,False,26270,1,GTGACTATAGAT
32896,26240,False,26302,1,TGATAACACTGC
827854995648,26272,False,26334,1,AGTATGGCTCTT
549760057344,26304,False,26366,1,ATTCTTAATGAG
2155872256,26336,False,26398,1,TATGCAACTACA
825707511808,26368,False,26430,1,AGGGTGTTACTA
278111715328,26400,False,26462,1,GGCATCTCAGGC
827867578368,26432,False,26494,1,TAGTCCTCTACT
552981266432,26464,False,26526,1,GTGCTGAAGACG
552985477312,26496,False,26558,1,CGAGGGCGTTCT
3221274816,26528,False,26590,1,TGACAAGGTCAA
3221258432,26560,False,26622,1,TCGAGGCTTATA
278111731776,26592,False,26654,1,GAAGTTCGTGAC
3225469120,26624,False,26686,1,TAATGGCATCAA
827867545664,26656,False,26718,1,CAGAGAGTCAGA
552981250176,26688,False,26750,1,GCTACTGCGGCA
825720094720,26720,False,26782,1,AGCAGCTGCCGG
827867562048,26752,False,26814,1,TTCAATATAGAA
4194496,26784,False,26846,1,ATGAATGTGCTT
824637948032,26816,False,26878,1,TGCTAGTGCTTT
827854946496,26848,False,26910,1,TCCAGGATGGGT
275964231744,26880,False,26942,1,TTAGGTAAGATC
274890489920,26912,False,26974,1,TGCTGAAGCACT
827854979264,26944,False,27006,1,TTTCTAACAGGT
275960070208,26976,False,27038,1,TTACAAGAAATT
274877956096,27008,False,27070,1,AGAAGCAAAAGC
274877923520,27040,False,27102,1,ATGGCAGGTTAA
12599488,27072,False,27134,1,TCCAAGCAACTT
826793787520,27104,False,27166,1,AGTTAGTGCTGC
1073758400,27136,False,27198,1,ATGAGTGCGTTA
2160066752,27168,False,27230,1,AATTTCTGTGGC
825707479232,27200,False,27262,1,TCTTGTCCAGAA
552981282880,27232,False,27294,1,TTATACACTTCA
551915896960,27264,False,27326,1,ACAACCGCAAAT
3225469056,27296,False,27358,1,TTCTGGTGATAG
3229614208,27328,False,27390,1,GATATTTTGTTC
824637931520,27360,False,27422,1,TTCACAGGCAGT
12632064,27392,False,27454,1,CATTACAGATAA
1073758400,27424,False,27486,1,GTTGCGCAGTAA
1073741888,27456,False,27518,1,GTTTTCTTGAAC
552977039552,27488,False,27550,1,CGACTTTAAGGA
278103326720,27520,False,27582,1,AGAATCAGACGT
3233808576,27552,False,27614,1,CTCGATTTCGAG
824633753664,27584,False,27646,1,GGACCTGACGTA
8421440,27616,False,27678,1,ATGCAATTAAGA
551903330496,27648,False,27710,1,AACCTCAAGGAA
827867562048,27680,False,27742,1,TGTGAAATGGCC
549764235392,27712,False,27774,1,TTGGATTAGCTG
826785431680,27744,False,27806,1,TTATTCTTTATA
824642109632,27776,False,27838,1,CTCATGTTGTTT
549760008384,27808,False,27870,1,GTGATGAGTATG
1086357504,27840,False,27902,1,GTGATACATAAT
825707462656,27872,False,27934,1,ACTATCACAGCC
1077985472,27904,False,27966,1,TCTAAACAATTT
16512,27936,False,27998,1,TGGCCCCGTAAG
827854995648,28000,False,28062,1,TTTATTGGTCCA
3233841344,28032,False,28094,1,AGGCATTGGCCT
827854946368,28064,False,28126,1,AAGTTCAAATTT
1077968960,28096,False,28158,1,CGTGTGACTGGC
2151710848,28128,False,28190,1,TACTACAAGTAC
552989638656,28160,False,28222,1,CGACGCTCGATG
824633753600,28192,False,28254,1,AGACCCACTAGC
3221274624,28224,False,28286,1,TGGTACTCCAAG
274890539200,28256,False,28318,1,TTGGGCCTAAGA
827863367680,28288,False,28350,1,CTAAACCTCATC
825715851392,28320,False,28382,1,ACTTTTAAGGCA
552977072256,28352,False,28414,1,AACAGCCACATG
551911735488,28384,False,28446,1,CATGGTTACGCC
552989638848,28416,False,28478,1,ATTCGCCTAGAA
277033828352,28448,False,28510,1,TTATAGCCAACC
277025390720,28480,False,28542,1,TTCCTTTAAAGG
278103326848,28512,False,28574,1,AAATTTGCAGCG
826781253632,28544,False,28606,1,CGAAAAACCAGG
1073790976,28576,False,28638,1,GCTTCACGGCCT
827854979264,28608,False,28670,1,GCCGTTAGCAAG
826785431680,28640,False,28702,1,TTTTATTCTTTT
827867562048,28672,False,28734,1,GAAATGTTTAAT
549768446144,28704,False,28766,1,ATGGTATGTGGG
825707511936,28736,False,28798,1,CAGTGTGTTTGA
827854995648,28768,False,28830,1,GCCTTCCTTGCG
4227136,28800,False,28862,1,ACTTTGCGGTTT
2155905216,28832,False,28894,1,CCCCTTCTATTT
824646336704,28864,False,28926,1,CAGCTTTATAAG
2147532992,28896,False,28958,1,ACTGCCCCTATT
827859157120,28960,False,29022,1,AGAGCCCGTCTA
826793787456,28992,False,29054,1,CAGTTCAATTCC
278111715520,29024,False,29086,1,TTGGGCATTATA
824642158592,29056,False,29118,1,ACTACAGTTCGG
824633770112,29088,False,29150,1,TTATTTATGTTG
275964280960,29120,False,29182,1,TTAATGTGGCCA
551915929728,29152,False,29214,1,TTTCAATTGCGT
274890506240,29184,False,29246,1,ATCTTGGATTTT
827863384256,29216,False,29278,1,TCCATTGTAATC
549764251648,29248,False,29310,1,TAGCATAAGGTT
1073741888,29280,False,29342,1,GGTGGAGCTTCA
12615680,29312,False,29374,1,ATGTGTATAGAT
826781253696,29344,False,29406,1,TAGACCCATTAT
827859189824,29376,False,29438,1,CAGCCACTATTA
277029634112,29408,False,29470,1,CAAGGTGTTAAG
278111715456,29440,False,29502,1,GTCTGACTTGCC
825720045632,29472,False,29534,1,AGGTGTCACACC
549768396928,29504,False,29566,1,TTCTTAGACAAG
552977055744,29536,False,29598,1,TGCTGTTTATGT
275955875904,29568,False,29630,1,ACCGACTGCCCT
826785447936,29600,False,29662,1,GACACCGCATTG
827867545600,29632,False,29694,1,TTAAGGATGTCT
3225419840,29664,False,29726,1,TGCCGGTGGCAG
825707479232,29696,False,29758,1,CTGGTAATGGAA
551903297536,29728,False,29790,1,GCTGACCAAACC
64,29760,False,29822,1,AAATAGAGGCAG
1086357696,29792,False,29854,1,CTGCAACTACTC
826793820352,29824,False,29886,1,GTTCCCCATTAC
549755863232,29856,False,29918,1,CCAGTTCCAAAA
551903314112,29888,False,29950,1,CAGAAGGACAAG
549764251776,29920,False,29982,1,ATCCCCGCTTCA
278111715392,29952,False,30014,1,TAGACACAACCG
277025406976,30016,False,30078,1,TATTTTTACTAT
826789642368,30048,False,30110,1,TGGAGCCAGTTA
275955859520,30080,False,30142,1,TCTTCTGGGTTG
552981233664,30112,False,30174,1,AATACCCGCTCT
549760057536,30144,False,30206,1,AAGCAGTCATGA
826785431744,30176,False,30238,1,CGCCCGGCACGG
551915896896,30208,False,30270,1,GTTGAAGGCTCT
552977055872,30240,False,30302,1,CCGATCTGGTTC
274877923392,30272,False,30334,1,CAAATAATCGCG
825707479040,30304,False,30366,1,CGCCAGCCTGCC
826793836672,30336,False,30398,1,GGCCGAAGAAAT
1077952640,30368,False,30430,1,AGCTCGGTAAAG
1073774720,30400,False,30462,1,GTAACGAAGCAA
275960037376,30432,False,30494,1,GAAAATTTTAAA
1082130560,30464,False,30526,1,CTCCAAACAAGC
550842138816,30496,False,30558,1,TTTGGAAAGAGA
549768396800,30528,False,30590,1,AGGCTCTGAAAT
278107521152,30560,False,30622,1,ATCCACAGTTCC
552981266496,30592,False,30654,1,CCAACAGTTGGT
274877956224,30624,False,30686,1,ATTAGAATTGGT
274886295680,30656,False,30718,1,CTGATGAACCCA
552977072256,30688,False,30750,1,CAATATTCAGGT
824646336640,30720,False,30782,1,TCTACCTGGTTT
827867529344,30752,False,30814,1,TGAATGAGAATT
552981233728,30784,False,30846,1,GGTGGTGCAGAT
825711689728,30816,False,30878,1,AAGAAAAGGGCG
3221274624,30848,False,30910,1,AAGATGAAGTAG
549755846784,30880,False,30942,1,CCCAAAAGCTCT
2155921600,30912,False,30974,1,AGAATTAACCCC
3229663232,30944,False,31006,1,CTCAGATCCTTG
550842187904,30976,False,31038,1,GGGTTAGAAGAT
825711689728,31008,False,31070,1,ATGAATCCTATG
826789593280,31040,False,31102,1,CTCGCGAGAAAG
826793787520,31072,False,31134,1,TCAGAATGGATG
549768446144,31104,False,31166,1,GAGAAGGTTGTG
549764202624,31136,False,31198,1,TTGAAAGAGATT
1077985344,31168,False,31230,1,GAGAAGTTAGCA
550833782784,31200,False,31262,1,AGAACGGCGATA
