12632128,32,False,41,1,ATTGGCGTCCGT
824646320128,64,False,73,1,AACTCTTGTTAG
827867545664,96,False,105,1,TATAAACGGCAC
824646336704,128,False,137,1,TGGGCTTGGTCT
826793803968,160,False,169,1,TGGTTCCTTGGT
274886295552,192,False,201,1,GTGTCCATTCGG
277033779264,224,False,233,1,GTTGCATAATGG
825707511872,256,False,265,1,CTCGGCTTCAAA
278099165312,288,False,297,1,GATGCTTCCGAA
277033812160,320,False,329,1,GCCCTGAGAGGT
274877906944,352,False,361,1,CCCTCTGCTGCG
2160115904,448,False,457,1,CAGTCTGCCATA
1073758272,512,False,521,1,TGATGGCATTGC
551915913280,640,False,649,1,TGTAACACCAGG
552977055936,768,False,777,1,GTATGCGAAGCA
827854962816,896,False,905,1,CTTGTGAGGAGG
824637931712,960,False,969,1,GGGCTATCGCGG
274882134016,1024,False,1033,1,CTCGCCAAGGGT
552985460928,1376,False,1385,1,TCACGCAGTTTG
550842187904,1600,False,1609,1,GTTGTGCCTTTT
552989671424,1792,False,1801,1,CTCGAGCAGAGA
825715900544,2048,False,2057,1,CTGACATGTGTA
3225419776,2080,False,2089,1,ATGCATGATGTT
824646320192,2112,False,2121,1,TAAGAAGGTTAC
3225419968,2432,False,2441,1,GTAAGGTTTATG
49280,2560,False,2569,1,AAAGCCCCATTA
2147516608,2624,False,2633,1,TGGATAAATTGT
552989622272,2656,False,2665,1,CAATTTTACCCT
552977039552,2912,False,2921,1,AGAGTACGCTCA
825720078336,3040,False,3049,1,ATGTATTGTTCC
550837944512,3712,False,3562,1,CTAGTTAAGAGC
277025439744,3808,False,3658,1,TATGCTAACTGG
825720045696,3968,False,3818,1,GAGATGATAAGT
1086357696,4000,False,3850,1,AGAAAGGTCTTT
827867578496,4032,False,3882,1,TGTTAATGATTG
827854995648,4064,False,3914,1,AGGGCAAGCAAA
549768446144,4096,False,3946,1,AAATTTATTGGT
552985460800,4128,False,3978,1,GGGTTACGGGAT
8405184,4160,False,4010,1,TTGAACTCGCCC
827867561984,4192,False,4042,1,ACACCAAATGTT
827867578496,4224,False,4074,1,TATAAAGGTTGT
278107553920,4256,False,4106,1,TCATTGTTAACC
550842138688,4288,False,4138,1,CATGGTGCAGGT
827867529216,4320,False,4170,1,AAAGGCGGGCAG
3229663296,4352,False,4202,1,CCGATATGGTGA
824646336640,4384,False,4234,1,GTTGGTGAATGC
550829604992,4416,False,4266,1,GTTATGTAAAAA
551907541120,4992,False,4842,1,TGGTTATGTTCA
551915913216,5120,False,4970,1,GTGAAGTTTTTG
4194496,5152,False,5002,1,TTTTGTGATGGC
824642142400,5184,False,5034,1,GTGTAGTGCCAT
549764251840,5312,False,5162,1,GCATGTGTAAGT
824642109440,5344,False,5194,1,AATTATTTTGCT
826789593152,5376,False,5226,1,TTGCTATATAAA
824633721024,5504,False,5354,1,CAAAGGGCAGCT
552981266624,5632,False,5482,1,GAGCAGCGCAAA
549764251776,5664,False,5514,1,TTTTGGTACGTT
825707462848,5728,False,5578,1,AAACTTGTGCAT
551911702528,5824,False,5674,1,ATTTTTACTGGT
825720061952,5920,False,5770,1,GCTAAGGGTAAT
8437888,5984,False,5834,1,TGACGACTTTTT
3233824960,6176,False,6026,1,AGCTGGGATTTG
8388672,6208,False,6058,1,GAGTATAAAATT
551911735488,6240,False,6090,1,TGGAGATGTGGT
827863334912,6368,False,6218,1,ATAGACCTAGTG
549764235456,6880,False,6727,1,GCGCCAAAAGTA
549768396992,6944,False,6791,1,ATTGTTTTAGTT
825707495488,6976,False,6823,1,AATAAGGTTATA
826793787520,7040,False,6887,1,TTAAGAATGCCT
552981266496,7072,False,6919,1,GTTGTGTCTAGG
3221274816,7104,False,6951,1,GGTCTTTTTATT
826793787456,7648,False,7495,1,AGACATGTTATG
550837993664,7712,False,7559,1,TCCGTGTTAAGT
825715900544,7968,False,7815,1,CTACGAGAGAGA
824646336704,8032,False,7879,1,GGTCTGCTGCAT
824633753664,8448,False,8295,1,TACGGATGAGAG
278107521088,8512,False,8359,1,GATTTGGGTGTT
826785398912,8544,False,8391,1,GCATGTACAGGC
826789593280,8576,False,8423,1,ATGTGGCTTGCA
3225419776,8672,False,8519,1,TTAAGCTTACTT
824633753728,8864,False,8711,1,CCAGTTTTAAAG
1086373952,9088,False,8935,1,GTGTTGCATTTT
552981233664,9120,False,8967,1,TGATAGCGTGCA
3233824960,9152,False,8999,1,AAATCCCCTATG
827859189888,9376,False,9223,1,GTGCGCACTCGC
1082163264,9472,False,9319,1,AACCCGTATTAT
827854946368,9504,False,9351,1,TTGTGGTAGGAA
549760024768,9536,False,9383,1,AAGTTTTAGGAG
827854995648,9728,False,9575,1,TTGTGTTTCAGG
825720078528,9824,False,9671,1,ATTTGCAATGGC
826793836736,9856,False,9703,1,ATGCCCTTGTGG
3233808576,10016,False,9863,1,GTAAGTTGAAAA
278103343296,10208,False,10055,1,CTGTTACTACAT
825711657152,10240,False,10087,1,GTGAAGATGGTG
551915880640,10304,False,10151,1,TGACACTTAATG
1073790976,10368,False,10215,1,AGCTGACATGAC
824633721024,10400,False,10247,1,TGCTTTGTAGAG
278103326912,10432,False,10279,1,GTTATGTCTGGT
551911686272,10464,False,10311,1,GTCTTATCAAAT
826789642432,10656,False,10503,1,TGGATCCTGCGG
1086341184,10720,False,10567,1,CAGCTAGAGTTG
824646352960,10752,False,10599,1,TACTGACTTTAG
3225436160,11072,False,10919,1,GTTGTGTGCTTG
278111748096,11104,False,10951,1,GATGTTTATCAA
551907508224,11232,False,11079,1,GACTATGTTTAT
827867562112,11328,False,11175,1,TTTGTATTTAAC
550837993664,11488,False,11335,1,GTTGTGTTGCTA
827859189824,11552,False,11399,1,TTATGTTCTTGG
278111715456,11712,False,11559,1,GGCTGTGAATGT
551915929728,11776,False,11623,1,TGTATTGGTTAT
16576,11968,False,11815,1,GGTGTGCCAGTC
1077936256,12032,False,11879,1,TTGTGTTGCTTA
825715851392,12128,False,11975,1,CTGATTTGAGCG
278111715328,12192,False,12039,1,AGCAGTGGATAG
552985460928,12256,False,12103,1,ACTGTCTTGCAA
277025439808,12288,False,12135,1,TAATATGGCTAG
274886295552,12352,False,12199,1,GGCTCTGCCAAT
552985460864,12416,False,12263,1,ATGAGCGCGACA
552989622272,12448,False,12295,1,GAACGTATGGCT
824633769984,12480,False,12327,1,GTATAAAGAAGC
826781204480,12576,False,12423,1,TCTTAATTCTAT
827854962688,12608,False,12455,1,GTTGTGTACCTT
825720078336,12672,False,12519,1,TAAGCAGGTTTT
3221274752,12704,False,12551,1,TGTATGTCACCT
3233824768,12832,False,12679,1,AATGAAGTGTCT
824646303808,12864,False,12711,1,TGAGTTGATGCC
549755814080,12896,False,12743,1,TTGTCAATAGTG
824646303808,12928,False,12775,1,ACTCCTACCCAG
826781204480,12992,False,12839,1,ACTGTGATGGTC
2160115712,13024,False,12871,1,AAAGAAGATGGA
827859189888,13056,False,12903,1,GGATCCTCCCTG
1082130560,13120,False,12967,1,GTGAAGGGGTGT
275960070336,13216,False,13063,1,AACTCTGCAATA
549755846848,13248,False,13095,1,TGTAGATCCTAA
824646336576,13312,False,13159,1,GTTAAGATGTTA
824637947904,13344,False,13191,1,TATGGCCATTAC
278107537472,13376,False,13223,1,CTAATCAGGATT
275964264448,13408,False,13255,1,TGTATATATTGC
3221225600,13440,False,13287,1,AGATGTTGATGG
549768396992,13568,False,13415,1,GTTCCTGTGTAG
3221258432,13600,False,13447,1,TCAAAAGACACG
1086357568,13632,False,13479,1,GGTACAAGTGTA
549755863232,13664,False,13511,1,TGCCAGTGGCTT
824633720960,13728,False,13575,1,GGCATTGGTTTG
824642109440,13824,False,13671,1,AATTTAGAAGTG
2155921536,13856,False,13703,1,CTATGAGTTGAC
549755863040,14208,False,14052,1,GTTTTAACACTT
277025439744,14240,False,14084,1,TCAATGGTATGA
551911719104,14336,False,14180,1,TATGTGTCATGC
2160066752,14368,False,14212,1,TTAATGGTACTT
4194496,14496,False,14340,1,GACAGGTGCATT
827859189952,14560,False,14404,1,GTTTTGGGCCTC
2160115712,14624,False,14468,1,CCATTATAAAGA
278111748224,14656,False,14500,1,TGGATGTGGATA
552981282880,14720,False,14564,1,TGCCCTTCATGT
552977055808,14784,False,14628,1,GCTATTACAAGT
549760057344,14848,False,14692,1,AGTTTATTTTGA
552985477312,14880,False,14724,1,GGGAGCTCCGTT
826785448064,14912,False,14756,1,TACGCAGGATGG
278107553984,14976,False,14820,1,GTGGATATTAAG
552977055872,15008,False,14852,1,AGTTGTTAATAA
274882150592,15040,False,14884,1,GTGGGTGTATAC
2160115776,15072,False,14916,1,AATAATTATGAT
2155888832,15104,False,14948,1,TAATAAATTTGG
826785398784,15136,False,14980,1,AGGCATTATCAT
826793836608,15392,False,15236,1,ACGCCGCCTTAT
3229614272,15456,False,15300,1,CGTGCTATGCCA
278111715520,15520,False,15364,1,GCTGTTCGCATA
827854995456,15584,False,15428,1,TGTTATGTGTGG
552985444416,15616,False,15460,1,CAGGTGGCACTA
8388736,15712,False,15556,1,CATGCAATGGAC
274882150464,15744,False,15588,1,ATACGCGAGTTA
3229646848,15840,False,15684,1,CATTTTAGTATG
827854995648,15872,False,15716,1,TGTTGTGTGTTA
278099148992,15904,False,15748,1,AGGGTTATATTG
824646336704,15936,False,15780,1,CAGGTATTATAT
278111748288,16000,False,15844,1,TCGAAAAGGGAC
1073790976,16064,False,15908,1,AGTCTACCTTCC
552985428160,16096,False,15940,1,TCTTAGGAGCAG
3225419776,16128,False,15972,1,TTAAAGACTGAT
1082130432,16192,False,16036,1,TAGTATACCATG
827854946304,16224,False,16068,1,GTGTTCCGGGTA
827854962880,16288,False,16132,1,ACAGCTACAGTG
8437760,16320,False,16164,1,GGTCAAAAGTTT
4227136,16352,False,16196,1,GAACATGTATTT
826785398976,16544,False,16388,1,ATGTGATGTAAA
278111715392,16576,False,16420,1,TAGGTGGTATGT
275960037568,16672,False,16516,1,GTACTGGTTCGC
277038006400,16832,False,16676,1,GTCAGCAACGAT
827863384256,16864,False,16708,1,GGGAGTTAATTT
3233808512,16960,False,16804,1,CAGTTTTAGGTG
552989638720,16992,False,16836,1,GAGTTGACTAAT
552989671552,17024,False,16868,1,AACCACTTATAA
827863367680,17088,False,16932,1,AGTGCTCCTACA
552985477248,17184,False,17028,1,TATCAGCACATT
549764202688,17248,False,17092,1,ATCTAGCCATTG
3229646976,17344,False,17188,1,ATAAATTTTTAA
3233841280,17376,False,17220,1,ATTGTTCCTGCA
549755830336,17408,False,17252,1,TGATAAATTTAA
274877923328,17440,False,17284,1,AGTATGTGTTTA
552989655040,17472,False,17316,1,GAGTTGGTGACT
824633753792,17504,False,17348,1,AGTTAGTATGCT
552985428160,17536,False,17380,1,TTATTAACAGTC
827863351424,17632,False,17476,1,AACCTAGATATT
12632256,17760,False,17604,1,CTGAAGGCTAAA
552977088640,17824,False,17668,1,ATGAGAGTTCTA
826793836544,17888,False,17732,1,CCCCAGTTGGAG
1082146944,17920,False,17764,1,CTTATAATAGTC
827854995456,17984,False,17828,1,AGCGCAGGGTTC
274886295744,18016,False,17860,1,ATTCACAGACTG
824646303808,18048,False,17892,1,AATGTAAATAGA
825715867648,18080,False,17924,1,TGCTAAGAAGGG
826785398976,18112,False,17956,1,GTATGCAATTAT
824646353024,18176,False,18020,1,ATTACAGTGTAC
278099132608,18336,False,18180,1,CGGCTTATATCA
827863367872,18368,False,18212,1,CTTGACCCTTGA
3221258432,18400,False,18244,1,TAACTAGAGATG
552977072320,18496,False,18340,1,CATTACAATTAG
2160066752,18720,False,18564,1,GTTGTACTTGTG
552989671552,18752,False,18596,1,GCTCACATGTTT
824646303872,18816,False,18660,1,CGTGCGACATGT
550837993664,18848,False,18692,1,CTATGGATGCTG
277025439872,19104,False,18948,1,TGCAGGTTATTG
274877956288,19136,False,18980,1,TGCGATGCTATG
3229663296,19168,False,19012,1,ATGACATTGGCA
826781204608,19328,False,19172,1,TGTGGATAAGTA
824646303936,19392,False,19236,1,AATCTCCCTGGC
824633720896,19488,False,19332,1,ATGCCTTTCTTT
826781253824,19616,False,19460,1,TTTAAAACATGC
2147500160,19648,False,19492,1,TTGAGTCTTACA
12583040,19744,False,19588,1,AAAGTTTAGAAA
3229663360,19840,False,19684,1,TTGCCAAGATTC
1077936128,19872,False,19716,1,TTTAAAAATAAC
551911702720,19968,False,19812,1,TTGAATATTGAC
826789626048,20000,False,19844,1,TTGGGATTATGC
551911719104,20064,False,19908,1,TTACAGTGCATT
826785448064,20096,False,19940,1,TGATGGTCGTGA
552985428160,20128,False,19972,1,TTAAGAAGTGCC
2155872448,20160,False,20004,1,ACGACAAAAATT
824646303872,20224,False,20068,1,TTGTGGAGAAAG
274886312064,20288,False,20132,1,TGTTATCTTCAG
550833782976,20320,False,20164,1,CGAGCCATTACC
551915880576,20352,False,20196,1,GGTGGTAATCGC
12615872,20448,False,20292,1,TCAGAGATGGAG
824642158784,20512,False,20356,1,AGGACTACGCGT
277033812032,20576,False,20420,1,TTTGCTTATTGG
8437952,20640,False,20484,1,TACGACTCTAGC
824642142336,20672,False,20516,1,TGACGAGAACAG
1082146816,20736,False,20580,1,GTGGACATTGTA
824646353024,20768,False,20612,1,TGTGAGTAAGGT
3233841216,20800,False,20644,1,TTAAAGATTTCC
1077952640,20832,False,20676,1,GAGGAGAAGGTC
824637964288,21152,False,20996,1,TGTAGATAATGA
551907540992,21248,False,21092,1,AATTTCTGATAT
1073742016,21280,False,21124,1,ACATTGGGGAGT
277037973632,21312,False,21156,1,TTCTTTACTTAC
549768446080,21408,False,21252,1,TATAGTTTAATG
277025407168,21440,False,21284,1,AATCTTTTGCAC
827854946432,21472,False,21316,1,GTGAAGGATTTT
8388800,21568,False,21412,1,GTACAATGTGGA
827867529344,21696,False,21540,1,AAGGGCAAGTTA
826789593152,21888,False,21732,1,TGTGGAAATGGG
49280,21984,False,21828,1,TGCAATACAAGA
3233808448,22016,False,21860,1,CATATGAGGGAG
2160082944,22048,False,21892,1,CACATGCTTGGC
277037990016,22144,False,21988,1,GATCAATCCAGA
826781204480,22176,False,22020,1,TGTGGCCCAATT
0,22240,False,22084,1,TACCTCAAGCAT
128,22368,False,22212,1,TCCAACACCCAA
549755830336,22464,False,22308,1,AGCGTGGGCCGA
552989671424,22560,False,22404,1,GAAGGGTTGTAT
827867562048,22624,False,22468,1,AAGGGCAGGATG
549764251712,22656,False,22500,1,CACACTGCTTTT
4194368,22688,False,22532,1,TGTTTGGGTTCA
549764219072,22720,False,22564,1,TCACATTTAAAT
827859189888,22752,False,22596,1,TGACAGTCGTTC
274886328512,22784,False,22628,1,ATAACGGTCATC
826793820160,22816,False,22660,1,CTCGACCCAAAG
824637931520,22848,False,22692,1,TTCCGCAAAGAG
278111715520,22880,False,22724,1,GTTTTCACTTCA
278099181568,22912,False,22756,1,GGTGAGGGAGAC
824633737216,22944,False,22788,1,AGTTAATTTTAG
552977072256,22976,False,22820,1,GCCTGGCTCATG
278111731904,23008,False,22852,1,GGCAATAAAGCT
278107537600,23040,False,22884,1,TGAGAAGATGGC
278111748288,23072,False,22916,1,TTGTTAATGTGT
827859173376,23104,False,22948,1,GCAAAGCCCGCC
825711673536,23136,False,22980,1,TTTAACACTCAA
3233808448,23168,False,23012,1,AGGAGTCTAATT
12599360,23232,False,23077,1,CGGATGCTGCCA
3233841344,23264,False,23109,1,CAGAGTTACTAT
824646353024,23296,False,23141,1,ATATGGGTTCAA
2151678016,23328,False,23173,1,ACACTGCTAAGG
552989655040,23360,False,23205,1,TGCAGGTATCTT
277025423360,23392,False,23237,1,TAAGGCTGTGTC
278103326848,23424,False,23269,1,TACCCTCAAAGG
278107553792,23456,False,23301,1,AAGCGCTTTATG
275951648768,23488,False,23333,1,AAGGTGGAGTAG
278103343296,23520,False,23365,1,TGACCGCTGCAG
1082179712,23552,False,23397,1,TTCTTTCGCAAC
825707512000,23584,False,23429,1,TGGCACACATGA
826789642240,23616,False,23461,1,ATTTCAGGCAGT
1082163264,23648,False,23493,1,AATGTTTCCTGT
824637964352,23680,False,23525,1,TCTTTATAATAA
552981250048,23712,False,23557,1,CCTATGGGTACG
1086374080,23744,False,23589,1,AACATTGGTTAT
549768396928,23776,False,23621,1,TGACCCTCTCCC
277025439872,23808,False,23653,1,TATTGGGTATAG
827863335040,23840,False,23685,1,TTGATGTTTTAT
552981233792,23872,False,23717,1,TAGATTGCATGA
278107570304,23904,False,23749,1,TTCGTGTTTATT
827863384128,23936,False,23781,1,AGGGTATATTGG
3221274816,23968,False,23813,1,TTGTGAATTCAA
4227264,24000,False,23845,1,CCAAGCATTAGC
552977072256,24032,False,23877,1,ACAAGGCCTGGG
1086374080,24064,False,23909,1,GAGTTTATTTAA
549768396992,24096,False,23941,1,GGTTACTACCCG
824637915136,24160,False,24005,1,GCTTGTCGTGGT
552989622464,24192,False,24037,1,CAGTTTAATGAT
4194432,24224,False,24069,1,GAACCTTAAGAC
278107570368,24256,False,24101,1,CTGCATATTTTC
1086357696,24288,False,24133,1,TTGTTTGGCTAT
826793820352,24320,False,24165,1,AGAGCCATATAA
278103376064,24352,False,24197,1,TGTGCCAGTATA
274890522624,24384,False,24229,1,ACTGATTGTAAG
825711706112,24416,False,24261,1,GCTTATAGGGTT
824637915200,24448,False,24293,1,CCCCAATTTGTG
549755863232,24480,False,24325,1,CTTAATGTTAAT
826785448064,24512,False,24357,1,TTTTTACCAACA
1082146944,24544,False,24389,1,ACTATGCGGATA
827859140800,24576,False,24421,1,TTGTTTAGTGTA
550842155008,24608,False,24453,1,ACAGTATTATGT
552985444416,24640,False,24485,1,CAACAGCTGGTA
827863351296,24672,False,24517,1,TGGGTTACACCT
274886311936,24704,False,24549,1,GTTTAATTTCAA
552977039424,24736,False,24581,1,GTGCTGTTGATT
1082130624,24768,False,24613,1,GAAATAAAATGT
277037990080,24800,False,24645,1,TAGCACTGGTGT
824642109568,24832,False,24677,1,CGGTCCAACCAG
275964231680,24864,False,24709,1,GTTGCTAACCTC
827867545664,24896,False,24741,1,GTGGCTTACTGC
551915880640,24928,False,24773,1,TCAACTGGGAGC
2155888640,24960,False,24805,1,AATTTTAATTTA
827863384064,24992,False,24837,1,TCAGGCTGAGAG
827854979264,25024,False,24869,1,ATGCTTCCAAAG
549768429632,25056,False,24901,1,AGTATTTCAGTT
827854995456,25088,False,24933,1,AAGTAGGCAAGT
3221225600,25120,False,24965,1,CTGGATTTCTGC
1086341120,25152,False,24997,1,GATACAGCTGCC
549768413184,25184,False,25029,1,CACCTTGCCTAA
278099165312,25216,False,25061,1,ACCATAACCCCT
551907524608,25248,False,25093,1,GGCTTTAATGAT
827859173568,25280,False,25125,1,CCAACATGACGT
278111731904,25312,False,25157,1,TTACTGTAAGAT
551915880512,25344,False,25189,1,CAACCGGACATA
551915929728,25376,False,25221,1,GACTAAGCCTAA
1082179584,25408,False,25253,1,GTGACCATTGTG
1086341120,25440,False,25285,1,GATAATTGTGGC
274882150528,25472,False,25317,1,TTGTATCTGTGC
275960037568,25504,False,25349,1,GGTCACATGATA
549755863040,25536,False,25381,1,TGCCAAATTTTT
824642125952,25568,False,25413,1,CATTAATAGTGG
3229663424,25600,False,25445,1,TGCAGTTGCCTA
824637948096,25632,False,25477,1,ATTTGTGTCAAA
824633770112,25664,False,25509,1,TGGACAAGGTGT
551903346816,25696,False,25541,1,ACTATTATAATA
3233857664,25728,False,25573,1,GATGTTAATGGT
274877939712,25760,False,25605,1,TCTTACCACTAA
552989638656,25792,False,25637,1,GCTGTTATAGTG
274886312128,25824,False,25669,1,CATAAAGATGCA
824633769984,25856,False,25701,1,TCGTAATATAAA
551903314112,25888,False,25733,1,ATAATATTTCCC
827867562176,25920,False,25765,1,TACTTTGATAGT
277025423424,25952,False,25797,1,TGCTGATAACCG
2160066752,27168,False,27004,1,AATTTCTGTGGC
3225469056,27296,False,27132,1,TTCTGGTGATAG
3229614208,27328,False,27164,1,GATATTTTGTTC
552977039552,27488,False,27324,1,CGACTTTAAGGA
8421440,27616,False,27452,1,ATGCAATTAAGA
827867562048,27680,False,27516,1,TGTGAAATGGCC
549764235392,27712,False,27548,1,TTGGATTAGCTG
1086357504,27840,False,27676,1,GTGATACATAAT
825707462656,27872,False,27708,1,ACTATCACAGCC
16512,27936,False,27772,1,TGGCCCCGTAAG
1077968960,28096,False,27933,1,CGTGTGACTGGC
827863367680,28288,False,28125,1,CTAAACCTCATC
277025390720,28480,False,28315,1,TTCCTTTAAAGG
278103326848,28512,False,28347,1,AAATTTGCAGCG
1073790976,28576,False,28411,1,GCTTCACGGCCT
825707511936,28736,False,28571,1,CAGTGTGTTTGA
827854995648,28768,False,28603,1,GCCTTCCTTGCG
824646336704,28864,False,28699,1,CAGCTTTATAAG
824642158592,29056,False,28892,1,ACTACAGTTCGG
274890506240,29184,False,29020,1,ATCTTGGATTTT
1073741888,29280,False,29116,1,GGTGGAGCTTCA
12615680,29312,False,29148,1,ATGTGTATAGAT
549768396928,29504,False,29340,1,TTCTTAGACAAG
552977055744,29536,False,29372,1,TGCTGTTTATGT
826785447936,29600,False,29436,1,GACACCGCATTG
827867545600,29632,False,29468,1,TTAAGGATGTCT
826793820352,29824,False,29648,1,GTTCCCCATTAC
549764251776,29920,False,29744,1,ATCCCCGCTTCA
277025406976,30016,False,29840,1,TATTTTTACTAT
549760057536,30144,False,29968,1,AAGCAGTCATGA
826785431744,30176,False,30000,1,CGCCCGGCACGG
274877923392,30272,False,30096,1,CAAATAATCGCG
825707479040,30304,False,30128,1,CGCCAGCCTGCC
826793836672,30336,False,30160,1,GGCCGAAGAAAT
1082130560,30464,False,30288,1,CTCCAAACAAGC
549768396800,30528,False,30352,1,AGGCTCTGAAAT
274877956224,30624,False,30448,1,ATTAGAATTGGT
3221274624,30848,False,30675,1,AAGATGAAGTAG
825711689728,31008,False,30835,1,ATGAATCCTATG
826789593280,31040,False,30867,1,CTCGCGAGAAAG
826793787520,31072,False,30899,1,TCAGAATGGATG
549768446144,31104,False,30931,1,GAGAAGGTTGTG
549764202624,31136,False,30963,1,TTGAAAGAGATT
1077985344,31168,False,30995,1,GAGAAGTTAGCA
550833782784,31200,False,31027,1,AGAACGGCGATA
