552989671488,32,False,33,1,ATAAGAGTGATT
2151694464,96,False,96,1,TCTAAACTTTAT
827863351296,192,False,192,1,GCCAGTGACGTG
549764202624,224,False,224,1,CACCCATAGGTT
552977072192,256,False,256,1,AAATACGGTCTC
550829555840,288,False,288,1,ATTTCCATGGAT
825715884096,352,False,352,1,GGGTTTTGCCCC
825707479040,448,False,448,1,TGCTGTGTTCAG
824637964480,512,False,512,1,CCTCAACTATGA
549768446016,576,False,576,1,TATTCAGGCATG
552977088512,672,False,672,1,TGACGCCCACGT
827854979264,800,False,800,1,CCTGGTCCATCC
551903313920,864,False,864,1,CGCTGTTACCAT
825711689728,928,False,928,1,CCGAAGGGTAAG
552989671488,1184,False,1184,1,CTACTGTACGTT
549755814080,1792,False,1792,1,TGTGGCAATCTC
827867529344,1984,False,1984,1,CCCCGCAGTTAT
2147483776,2048,False,2048,1,ATGAGGTGACTG
274890522688,2080,False,2080,1,TTATTGTTCATG
551907508288,2112,False,2112,1,TAAGTATGTTAA
2155921472,2144,False,2144,1,CCGTGCGCTTTA
824642158784,2240,False,2240,1,TTTGCTACCAGC
827854979264,2400,False,2400,1,TGTTGTCAAGAC
827863335104,2528,False,2528,1,TTGAACCTGCAG
550829604864,2560,False,2560,1,GATGTGGTTAAA
824646336704,2656,False,2656,1,TGTGGTGATCAA
550829604928,2880,False,2880,1,TACATTGGATGA
2147516544,2944,False,2944,1,GAGCATGATGTG
826785448064,3360,False,3519,1,GTCTGCATTCTA
1082130624,3456,False,3615,1,TACTTTGATAGT
4194368,3680,False,3839,1,AGTGTGACATGG
12599424,3776,False,3935,1,TGTTGTCTGCAG
2160099456,3840,False,3999,1,TTACACGCCAAG
827867529408,3872,False,4031,1,GTGCGGTAGATG
549755846784,3904,False,4063,1,GCTGTAGTAGAG
8405184,3936,False,4095,1,AGTGGTTACCAA
550829572288,3968,False,4127,1,ATTTTATGGTGG
552981282816,4000,False,4159,1,ATGTCTCCTTTT
12632192,4032,False,4191,1,TTCATGTATAAC
826789625856,4064,False,4223,1,AAGGAGATGTTA
3225452544,4096,False,4255,1,AATGCTGAAGTC
826789642368,4128,False,4287,1,GCGTATGGCTCA
2147500224,4160,False,4319,1,CTATAGCTGAAA
552985460736,4192,False,4351,1,AAAGAAACCTCC
826789642432,4224,False,4383,1,CGTTTGCCAGGT
827854995648,4256,False,4415,1,CCGGTGGTAAGT
1086374080,4768,False,4927,1,GTTGATGGTGTT
826789593216,4992,False,5151,1,AGGTTCAGTCTT
552977088512,5216,False,5375,1,CAAATAATAATT
278111715520,5248,False,5407,1,TTAATGCTGCAA
551907524736,5280,False,5439,1,TAAGTGGCAATG
49280,5312,False,5471,1,TCCGCTCTGGTA
824633770048,5376,False,5535,1,TGAACCTTCTGA
827867529216,5504,False,5663,1,CTGTTATGCATT
824646320192,5600,False,5759,1,TTAACGTACCAT
3221225664,5792,False,5951,1,GCCTCTACCTTA
551911686336,5888,False,6047,1,CGCAGTATTACT
1086357632,6208,False,6367,1,ACATATTTTAAT
827859189888,6240,False,6399,1,AAATAAATTTAA
3221274624,6464,False,6626,1,ATGGTGTTAAAA
4194304,6496,False,6658,1,AGTGTGGTTGTT
3225469056,6528,False,6690,1,CAAAGTTGTTAA
549755830400,6816,False,6978,1,TACTGATAATAA
827854995520,6848,False,7010,1,TAGCTTCAAAGC
826785431744,7424,False,7586,1,TGCTTCCAGCTT
824633720832,7488,False,7650,1,TCTTTGTAGACA
549768396992,7552,False,7714,1,CGTAGTGTCCGT
551911735296,7776,False,7938,1,CACAGAGGTTAA
1086374080,7840,False,8002,1,TATGATGATGTT
826781204544,8064,False,8226,1,TATGTTTGACCT
2160066624,8288,False,8450,1,TTGATTTTACGG
826781253824,8384,False,8546,1,ATGCTAAGCATG
275964231680,8512,False,8674,1,TTGAAGATTAAG
552989655040,8576,False,8738,1,CTCTTAAAGGGG
824646336512,8704,False,8866,1,TTATATGCCAGT
3233841152,8800,False,8962,1,TGGTATGAGTCT
552989638784,8928,False,9090,1,ATTTCATGTGTT
551915880576,8960,False,9122,1,TTGCTACTGATA
274890539008,8992,False,9154,1,CATATGCAAATC
551911735488,9344,False,9506,1,GAACTTTTTGTG
274886344832,9504,False,9666,1,TGCCTTTGGTGA
278111731712,9696,False,9858,1,TGCTATTATGCC
278111764672,9888,False,10050,1,TGTTGCTTTTAA
274886344896,10144,False,10306,1,GGTAACATGACA
551911718976,10272,False,10434,1,TTTTTGTGTTAT
550837944384,10336,False,10498,1,CTTGTTTTGACT
550829588480,10624,False,10786,1,GGTCCCTATAGA
552981282816,10848,False,11010,1,TACAGTTGAACA
826781237312,11008,False,11170,1,AAAGGTACATGT
827867578560,11072,False,11234,1,TAAAATGGACTA
8421568,11296,False,11458,1,GCTGTAGATTAT
550842187904,11328,False,11490,1,ATATGGTGTTGT
827867529280,11552,False,11714,1,AATGGTTGGCTG
551915880640,11808,False,11970,1,AATTGGTGGTGT
551911735296,11840,False,12002,1,AAATTCAATCAA
4227264,11904,False,12066,1,CTTGCATATTGC
826789642240,11968,False,12130,1,GCTACATCTGAT
277037973632,12000,False,12162,1,GTTGGCTCAGCT
827854979264,12032,False,12194,1,ATCCAGCAGCAG
827867578496,12128,False,12290,1,AATTTGTTAATA
32832,12160,False,12322,1,GAACTTGCTAAG
824633753600,12192,False,12354,1,GGCTAGCGGCTC
274877939776,12256,False,12418,1,TCAGCATATGAG
552989671424,12352,False,12514,1,AAGAAGAGTAAG
3233808576,12416,False,12578,1,ACCAAGCTCTTA
550837977280,12448,False,12610,1,GTTAAGGGTTGT
3229614272,12512,False,12674,1,TGCCAGATAAGC
550842171392,12544,False,12706,1,GATAATGTGTAT
826785398912,12704,False,12866,1,AGAACAATGAGT
2147532928,12864,False,13026,1,GATAGTAAAAGA
552977039360,12928,False,13090,1,CAGGATGTGAAG
552977039488,12960,False,13122,1,TTACTTTGTGAA
825720062080,12992,False,13154,1,GAGGCTGGGTTG
824646336704,13056,False,13218,1,TGCCTCCAACTC
3221241920,13088,False,13250,1,CGTTTTCTGTAG
552985444480,13152,False,13314,1,TAATTGTGTTAA
278099132544,13184,False,13346,1,GCACTGGTATGG
274890522752,13216,False,13378,1,GCAACCACTAAT
3229646976,13248,False,13410,1,TTCCGTTTGTAT
827867561984,13280,False,13442,1,AACATCCAGATG
549764251776,13312,False,13474,1,CGCGGCAAGTTT
827867561984,13376,False,13538,1,ATGTTTGTCAGG
827859173440,13408,False,13570,1,GGTAGCTGTTCC
49152,13440,False,13602,1,GTTTCAGTCAAA
2147500096,13472,False,13634,1,GGTTCGGGGTAC
550837960896,13504,False,13666,1,TACCCTGTGCCA
824646303808,13536,False,13698,1,CAATTAAGGGCA
827854995584,13568,False,13730,1,TCGAGCTGGCAT
274882101440,13728,False,13890,1,GTTGTGGCTGAA
826793820288,13824,False,13986,1,CTTTGCTATGCA
824633770048,13856,False,14018,1,TGATTGTTCAAC
549755863104,13952,False,14117,1,TATAATTAATGT
2147483840,14048,False,14213,1,AGGTGTTTTAAC
1082130624,14080,False,14245,1,ATGGTCAATGGT
2155905152,14176,False,14341,1,TGACTATGTGTC
274877923328,14336,False,14501,1,GGATGACAGGTG
278111731904,14400,False,14565,1,ACCTGTTTTGGG
550842187904,14496,False,14661,1,AATATGGATGTG
826781221056,14688,False,14853,1,TATGAGTTTATT
3229630656,14752,False,14917,1,TCTTTACGCAGG
824646320192,14784,False,14949,1,GATTATAATTAT
2160066624,14848,False,15013,1,TAGAAGTTGTTA
824642158784,14912,False,15077,1,TGTTAATAATTA
824642142272,14944,False,15109,1,CATTTAATAAAT
827863351296,14976,False,15141,1,TATGAGGCATTA
827863384256,15232,False,15397,1,TGTTACGCCGCC
549768429568,15296,False,15461,1,TGATCGTGCTAT
824637915328,15328,False,15493,1,TTAGTAGTTTGG
275964280832,15360,False,15525,1,TCGTGCTGTTCG
552989622464,15424,False,15589,1,AAATTGTTATGT
2160099392,15456,False,15621,1,AAACCAGGTGGC
549755846656,15552,False,15717,1,ATGGCATGCAAT
550829572288,15584,False,15749,1,GAGTATACGCGA
824646336640,15680,False,15845,1,TAAGCATTTTAG
552989622464,15712,False,15877,1,ATGGTGTTGTGT
1086324800,15744,False,15909,1,TCCAAGGGTTAT
3221274752,15776,False,15941,1,TCAACAGGTATT
274890539008,15808,False,15973,1,TTATGTCTGAGG
550842187904,15840,False,16005,1,GACATCGAAAAG
824637915328,15904,False,16069,1,ATGAAGTCTACC
551915913216,15936,False,16101,1,AGAATCTTAGGA
824646320128,15968,False,16133,1,TTTATTAAAGAC
274882134016,16032,False,16197,1,CCTTTAGTATAC
552989622272,16064,False,16229,1,AAATGTGTTCCG
3229614208,16096,False,16261,1,AGAAGCTGTACA
549755846848,16160,False,16325,1,TGATGGTCAAAA
16512,16192,False,16357,1,ACAAGAACATGT
825720045568,16320,False,16485,1,GATCATGTTATG
3233857728,16352,False,16517,1,CCTGAGTGTGTC
827863351296,16384,False,16549,1,CGGGATGTGATG
1086373888,16416,False,16581,1,TATTTAGGTGGT
825711689728,16512,False,16677,1,TCTTGTACTGGT
827854979200,16544,False,16709,1,TAATAAAATAGC
275960086656,16672,False,16837,1,ATGCGTCAGCAA
3233841344,16704,False,16869,1,GATCGGGAGTTA
549768445952,16800,False,16965,1,AAGACAGTTTTA
2160115904,16864,False,17029,1,CCACAACCACTT
827867562112,16928,False,17093,1,TTTAAGTGCTCC
3229614272,16992,False,17157,1,AGTGTGCCTGAG
2147516416,17088,False,17253,1,TCCCATCTAGCC
824646353024,17216,False,17381,1,GCGTATTGTTCC
826781204544,17248,False,17413,1,GTTATGATAAAT
827854946432,17344,False,17509,1,ATGAAGTTAGTA
2160099328,17376,False,17541,1,TCTGTTATTAAC
827867562048,17472,False,17637,1,CTAGAACCTAGA
824633770176,17600,False,17765,1,TAAGCTGAAGGC
826793787584,17664,False,17829,1,ACACATGAGAGT
552985477312,17728,False,17893,1,CAAACCCCAGTT
4227136,17760,False,17925,1,AGTCCTTATAAT
1073774592,17856,False,18021,1,ATTTATTCACAG
827854995456,17888,False,18053,1,TGTCAATGTAAA
3225452608,17920,False,18085,1,CACGTGCTAAGA
827863351296,17952,False,18117,1,AGTAGTATGCAA
552977088704,18016,False,18181,1,CACGATTACAGT
549768429632,18144,False,18309,1,TGCCTTAATGTT
1086324736,18176,False,18341,1,TTCGCGGCTTAT
827867562112,18208,False,18373,1,TTGACTTGACCC
549768396928,18240,False,18405,1,TTTATAACTAGA
826793787520,18336,False,18501,1,TTCCCATTACAA
277029585088,18368,False,18533,1,TGATTTTGTTGT
824642158592,18560,False,18725,1,CAGTGTTGTACT
3221274624,18656,False,18821,1,CAAGCGTGCGAC
824633721024,18720,False,18885,1,TGTGATTACCTG
1082130624,18944,False,19109,1,CTCCTGCAGGTT
825707462848,18976,False,19141,1,GGGCTGCGATGC
549768429760,19008,False,19173,1,TGTTATGACATT
827867578368,19136,False,19301,1,ATTTTTAGATGG
3229614080,19168,False,19333,1,GCAATGTGGATA
827854995456,19232,False,19397,1,ATTAAATCTCCC
278099132416,19328,False,19493,1,GCCTATGCCTTT
550837944384,19392,False,19557,1,CAGGTCGATTAT
3229614272,19456,False,19621,1,TTTGTTTAAAAC
824642109504,19488,False,19653,1,TACCTTGAGTCT
549755863040,19584,False,19749,1,CTCCAAAGTTTA
12615872,19680,False,19845,1,GTCATTGCCAAG
826789625920,19808,False,19973,1,AAATTTGAATAT
3229646976,19840,False,20005,1,TCCTTTGGGATT
824637915136,19872,False,20037,1,TGCAGTTCGACG
277033812096,19904,False,20069,1,AGATTTACAGTG
552985444544,19936,False,20101,1,TTTTTGATGGTC
826793820160,19968,False,20133,1,GCTTTTAAGAAG
8421376,20000,False,20165,1,TAACACGACAAA
3229663424,20032,False,20197,1,TTAAAGGCCCAC
3221274624,20064,False,20229,1,GTAGTTGTGGAG
825707495488,20128,False,20293,1,ACGATGTTATCT
826785415296,20160,False,20325,1,GAACCGAGCCAT
826789642240,20192,False,20357,1,TCCGGGTGGTAA
549755863168,20288,False,20453,1,TCGATCAGAGAT
552977072320,20352,False,20517,1,TTACAGGACTAC
825715884160,20416,False,20581,1,TGCATTTGCTTA
278111748288,20448,False,20613,1,CAAAAATCCAAT
3221258368,20512,False,20677,1,TCACTGACGAGA
824637947968,20576,False,20741,1,TTTTGTGGACAT
824646353024,20640,False,20805,1,GATTTTAAAGAT
549760024640,20672,False,20837,1,CAATGAGGAGAA
278111715520,20704,False,20869,1,GTTTGCAGGCTG
827859156992,20800,False,20965,1,ATGGCAAGCCGA
3221242048,20992,False,21157,1,TTCTTGTAGATA
277033812096,21056,False,21221,1,TATAACCTTACC
2155888832,21088,False,21253,1,TGATAATTTCTG
549760008192,21120,False,21285,1,AAGAACATTGGG
825715900416,21152,False,21317,1,TGGATTCTTTAC
2147532992,21248,False,21413,1,GTTATATAGTTT
550837944384,21280,False,21445,1,GGACAATCTTTT
827867529216,21312,False,21477,1,TCAAGTGAAGGA
824633753600,21408,False,21573,1,AATAGTACAATG
552981283008,21504,False,21669,1,GACCAAATAAAT
552989671424,21536,False,21701,1,TGAGAAGGGCAA
827863367680,21728,False,21893,1,AACTTGTGGAAA
192,21824,False,21989,1,AATTTGCAATAC
549768445952,21856,False,22021,1,GCGGCATATGAG
824642158656,21888,False,22053,1,CCCTCACATGCT
549755813888,22080,False,22245,1,CTTCTACCTCAA
274877906944,22208,False,22373,1,AGCCTCCAACAC
551915929792,22400,False,22565,1,GAATGAAGGGTT
552989671552,22464,False,22629,1,TGAAAAGGGCAG
826781237440,22496,False,22661,1,CTCGCACACTGC
824633737216,22528,False,22693,1,CTGGTGTTTGGG
2147516480,22560,False,22725,1,CGTTTCACATTT
552989638848,22592,False,22757,1,TTGGTGACAGTC
275951681664,22624,False,22789,1,GAAAATAACGGT
3229663360,22656,False,22821,1,TGACCTCGACCC
3221241920,22688,False,22853,1,AGATTTCCGCAA
825720094720,22720,False,22885,1,AGGAGTTTTCAC
1086324928,22752,False,22917,1,TACGGGTGAGGG
827854946368,22784,False,22949,1,AAGGAGTTAATT
277037973632,22816,False,22981,1,AAATGCCTGGCT
1086373952,22848,False,23013,1,GATGGGCAATAA
825720078400,22880,False,23045,1,TGTATGAGAAGA
550842187904,22912,False,23077,1,TCGTTTGTTAAT
278111731840,22944,False,23109,1,TAATGCAAAGCC
827859157056,22976,False,23141,1,ATACTTTAACAC
12632064,23008,False,23173,1,TCGAAGGAGTCT
2160066688,23040,False,23257,1,CTCTGTGGTTTT
824633769984,23072,False,23289,1,CTCTTCGGATGC
3221225664,23104,False,23321,1,ACTCTCAGAGTT
824642158592,23136,False,23353,1,GTCTTATATGGG
826785448064,23168,False,23385,1,TGGCAACACTGC
3233824960,23200,False,23417,1,TCACTTGCAGGT
550829605056,23232,False,23449,1,AATTATAAGGCT
2160083008,23264,False,23481,1,AAGCTTACCCTC
826789593088,23296,False,23513,1,AGACAAAGCGCT
2151694400,23328,False,23545,1,GACTCAAGGTGG
826789625920,23360,False,23577,1,CAATATGACCGC
550842155200,23392,False,23609,1,ATTGTTTCTTTC
274886312064,23424,False,23641,1,AGTGGTGGCACA
552989671616,23456,False,23673,1,TTTTCATTTCAG
278107521152,23488,False,23705,1,TATATAATGTTT
12632128,23520,False,23737,1,GCATTTCTTTAT
551903346688,23552,False,23769,1,GCCAGCCTATGG
552985444544,23584,False,23801,1,CAGCTAACATTG
275955859648,23616,False,23833,1,ATCTATGACCCT
826793820160,23648,False,23865,1,TGTGTTATTGGG
827854962880,23680,False,23897,1,TGTTTTTGATGT
274877956096,23712,False,23929,1,GGTGTTAGATTG
827867578432,23744,False,23961,1,TGCTGTTCGTGT
2160066688,23776,False,23993,1,TGTTTAGGGTAT
824642158720,23808,False,24025,1,CCAGCTTGTGAA
825715867840,23840,False,24057,1,GTGCTCCAAGCA
277025439936,23872,False,24089,1,GTTTCACAAGGC
824637915328,23904,False,24121,1,AGATCGAGTTTA
2155905216,23936,False,24153,1,TTACTGGTTACT
552977039552,24000,False,24217,1,AGTTAGCTTGTC
3221274752,24032,False,24249,1,TAAGTCAGTTTA
1086341184,24064,False,24281,1,GTGCAGAACCTT
825711656960,24096,False,24313,1,TGCAACTGCATA
552989622336,24128,False,24345,1,GTAGTTTGTTTG
824646303936,24160,False,24377,1,GTAATAGAGCCA
549768446144,24192,False,24409,1,CTCAGTGTGCCA
551903314112,24224,False,24441,1,CTTACACTGATT
552985427968,24256,False,24473,1,AATAAGCTTATA
826793820160,24288,False,24505,1,AAAACCCCCAAT
827863351488,24320,False,24537,1,TCACGCTTAATG
274890490048,24352,False,24569,1,TTTCATTTTTAC
549760024576,24384,False,24601,1,TGCGTACTATGC
549755846848,24416,False,24633,1,CGTTTTTGTTTA
827854995648,24448,False,24665,1,TTAACACAGTAT
824637964352,24480,False,24697,1,CAACCCAACAGC
278107521088,24512,False,24729,1,GCTATTGGGTTA
824642142400,24544,False,24761,1,TATTTGTTTAAT
827859189952,24576,False,24793,1,TACTAGTGCTGT
3221225536,24608,False,24825,1,CCAGTGAAATAA
552989671488,24640,False,24857,1,TTACCTAGCACT
2155921600,24672,False,24889,1,TTATACGGTCCA
1082163392,24704,False,24921,1,GGCGTGTTGCTA
1082163264,24736,False,24953,1,GAGGAGTGGCTT
550829604928,24768,False,24985,1,CCCTCTCAACTG
49152,24800,False,25017,1,ATTGTAATTTTA
551911735296,24832,False,25049,1,TATGTTCAGGCT
278099181760,24896,False,25113,1,TTGGTAGTATTT
278111731904,24928,False,25145,1,CCCCGAAGTAGG
825711706304,24960,False,25177,1,TAACTCTGGATT
275964264576,24992,False,25209,1,AGATTGATACAG
274890522688,25024,False,25241,1,CATTACACCTTG
278103359488,25056,False,25273,1,AAACAACCATAA
3229663424,25088,False,25305,1,GGTATGGCTTTA
552989655040,25120,False,25337,1,AAAAACCAACAT
3229663296,25152,False,25369,1,ATGTTTTACTGT
16448,25184,False,25401,1,GTGCTCAACCGG
274890539200,25216,False,25433,1,ACTCAGACTAAG
826789593216,25248,False,25465,1,TGTGGGTGACCA
550837944320,25280,False,25497,1,TAGAAGATAATT
825711706304,25312,False,25529,1,AAGGGTTGTATC
824642158592,25344,False,25561,1,TGGATGGTCACA
827854995584,25376,False,25593,1,ATCGCTGCCAAA
2151727168,25408,False,25625,1,AATGGCATTAAT
549760008320,25440,False,25657,1,AGATTTGCAGTT
824642158656,25472,False,25689,1,CTGGCATTTGTG
552989655232,25504,False,25721,1,ATTACTGGACAA
824642109504,25536,False,25753,1,GGCTGACTATTA
3233808576,25568,False,25785,1,TGTATGATGTTA
8437824,25600,False,25817,1,CGTGATCTTACC
826789642368,25632,False,25849,1,AAGGAGCTGTTA
8405184,25664,False,25881,1,CATTTCATAAAG
825707495488,25728,False,25945,1,TAGCAATAATAT
3233841344,25760,False,25977,1,TTAATTACTTTG
2155905088,25792,False,26009,1,GTTAATGCTGAT
825720094848,25824,False,26041,1,TCCTAATTGTGA
3221242048,26752,False,26978,1,GAAGCACTCAAT
825720078464,27136,False,27362,1,GGTGATAGAGGA
826781237440,27168,False,27394,1,TTTTGTTCAAGA
824633769984,27328,False,27554,1,TTTAAGGAGGAG
825707462720,27360,False,27586,1,TCAGACGTCTAT
2155888640,27456,False,27682,1,AATTAAGAAGTT
827863351488,27520,False,27746,1,AAATGGCCTTGG
2155905216,27552,False,27778,1,ATTAGCTGGTGT
278107521024,27680,False,27906,1,TACATAATATTT
274877907136,27712,False,27938,1,TCACAGCCTCTC
4227200,27776,False,28002,1,CCCGTAAGAGGC
827867529280,27872,False,28097,1,CATTGGCCTAGT
275964280832,27936,False,28161,1,GTGACTGGCAAG
826785431552,28320,False,28547,1,TTAAAGGCTTGG
825707511936,28352,False,28579,1,TGCAGCGCAGTT
274877907136,28512,False,28739,1,GTTTAATTTATT
827854995456,28544,False,28771,1,ATGTGGGGCAGA
275960086592,28608,False,28835,1,CCTTGCGTCTAT
826781237312,28704,False,28931,1,TTATAAGTATTA
827854995456,28864,False,29090,1,GCATTATACTAC
2160066752,28896,False,29122,1,CAGTTCGGTTAC
3225419968,29024,False,29250,1,TGGATTTTCTAT
274877923328,29120,False,29346,1,GAGCTTCAACCC
3229614272,29152,False,29378,1,GTATAGATATGA
3221258432,29344,False,29570,1,TAGACAAGGTAG
824637915136,29376,False,29602,1,GTTTATGTGAAG
550842138816,29440,False,29666,1,CCGCATTGTTGA
827859140800,29472,False,29698,1,GGATGTCTTTTG
825711657152,29984,False,30222,1,ATTCCTACTAGG
826781220992,30016,False,30254,1,GCCTCAGGGCTT
550842155072,30080,False,30318,1,TCACAATCCCGT
275951698112,30112,False,30350,1,AAGCAGTTCCAA
2155872448,30144,False,30382,1,CTGTAAAACCTG
551907524608,30208,False,30446,1,CGGCCAGCCCAA
552985460864,30304,False,30542,1,CCCAGTGCAGCA
550833799296,30400,False,30638,1,TCTTGCAGAGTT
274886344768,30432,False,30670,1,TCTTCTTTGGAT
552981266624,30528,False,30766,1,TTAGATTTGATA
552989622464,30560,False,30798,1,ACTATCATGAAA
824637915328,30688,False,30923,1,TAATGTAAGCGT
827863384128,30720,False,30955,1,TGCAGCGAAATG
12632064,30816,False,31051,1,ACTCTAATGTGT
550842171392,30848,False,31083,1,CGGCGCTCGGTG
275955843072,30880,False,31115,1,CGGGATAGGACA
32896,30912,False,31147,1,CTTGCTGTCATA
278111715328,30944,False,31179,1,CAGACCCTGTAT
827854979200,30976,False,31211,1,CAAAATAGAGAA
8421376,31008,False,31243,1,GGTCCTACGTCT
2147500160,31040,False,31275,1,GCGCCCCCTGGG
552977072256,31072,False,31307,1,TATTCCTGCAAT
2155888640,31104,False,31339,1,TTGATCATGGCC
