552989671488,32,False,32,1,ATAAGAGTGATT
826789593152,64,False,64,1,CTACTCTCAAAC
2151694464,96,False,96,1,TCTAAACTTTAT
551915896960,128,False,128,1,CCATGCCCGTGG
827867578432,160,False,160,1,TGACATTTGTGG
827863351296,192,False,192,1,GCCAGTGACGTG
549764202624,224,False,224,1,CACCCATAGGTT
552977072192,256,False,256,1,AAATACGGTCTC
550829555840,288,False,288,1,ATTTCCATGGAT
277037973632,320,False,320,1,AGTTGGGTAGCC
825715884096,352,False,352,1,GGGTTTTGCCCC
3233857664,384,False,384,1,AACTAAAGGAAA
551907508352,416,False,416,1,GGGTGGATTGTA
825707479040,448,False,448,1,TGCTGTGTTCAG
550842187904,480,False,480,1,TTTTGTTGATGA
824637964480,512,False,512,1,CCTCAACTATGA
1077952704,544,False,544,1,GCTGTCTTGGTC
549768446016,576,False,576,1,TATTCAGGCATG
277038022784,608,False,608,1,CTAAAACTCCAG
1082179776,640,False,640,1,TTCTGCCTGTGT
552977088512,672,False,672,1,TGACGCCCACGT
549760041152,704,False,704,1,TCCAGCCTGATG
827863367744,736,False,736,1,CGTTTTATAGGC
824633753664,768,False,768,1,CATACCGGCGTA
827854979264,800,False,800,1,CCTGGTCCATCC
551903313920,864,False,864,1,CGCTGTTACCAT
551911686336,896,False,896,1,TGGAGGATGCTT
825711689728,928,False,928,1,CCGAAGGGTAAG
275960086720,960,False,960,1,TCTTCTTAAGGG
2155905088,992,False,992,1,TCCTATTCTTGG
549768429568,1024,False,1024,1,ACTGGGCGTCTC
826781237376,1056,False,1056,1,TGGCGATTGTAC
552989671616,1088,False,1088,1,TGTTTCCTGTGT
551915913344,1120,False,1120,1,GAAGTTGTTGTG
825720078400,1152,False,1152,1,TCCTCGGGCTGT
827867562176,1216,False,1216,1,CCGACCGAGGAT
825720045696,1248,False,1248,1,AGTGCGTGAGCC
2151710848,1280,False,1280,1,ATGCCATCGTCA
825711706304,1312,False,1312,1,GAGACTATGCTG
824633753728,1344,False,1344,1,AGAATTTTGTTA
277033779328,1376,False,1376,1,GTGGTTTTATCA
551915896960,1408,False,1408,1,TGCTGTGGTGAT
824633737280,1440,False,1440,1,GGTTCCTGGCAA
551915929664,1472,False,1472,1,GCCCCGGATGTA
275964264640,1504,False,1504,1,GAATTGGAGGCT
827859173376,1536,False,1536,1,AAAAGGTGGTGT
551915880512,1568,False,1568,1,ACACGGTGAATC
550842187840,1600,False,1600,1,GGTCATGCCGTT
275960070208,1632,False,1632,1,GTATTGGAGCCC
278099148992,1664,False,1664,1,CAGTTATTTGGT
2160099456,1696,False,1696,1,GATTTGACTTAC
549755863232,1728,False,1728,1,GGCAATTGTTCA
825715851328,1760,False,1760,1,GGTCCCTATATA
549755814080,1792,False,1792,1,TGTGGCAATCTC
275960037440,1824,False,1824,1,GTTGGATGATGT
3225469120,1856,False,1856,1,TAAATAGAGGTG
827863351360,1888,False,1888,1,AATGTAGATCTT
2151727232,1920,False,1920,1,ATTTGCTTGTAA
824642142336,1952,False,1952,1,GTCTTGTACCTC
827867529344,1984,False,1984,1,CCCCGCAGTTAT
549768445952,2016,False,2016,1,AGCCTTCACCTC
2147483776,2048,False,2048,1,ATGAGGTGACTG
274890522688,2080,False,2080,1,TTATTGTTCATG
551907508288,2112,False,2112,1,TAAGTATGTTAA
2155921472,2144,False,2144,1,CCGTGCGCTTTA
8421568,2176,False,2176,1,GTCAGGAAAATT
824637964480,2208,False,2208,1,CGTGGACACTGC
824642158784,2240,False,2240,1,TTTGCTACCAGC
552981282944,2272,False,2272,1,GTGGCTAATGGT
549755863168,2304,False,2304,1,TGTTCCTGAGCT
825715900480,2336,False,2336,1,AGTTCAAGGTAT
827867562176,2368,False,2368,1,TCTATGTCGGTT
827854979264,2400,False,2400,1,TGTTGTCAAGAC
3229663360,2432,False,2432,1,TTGCTGGCTGTA
549768413376,2464,False,2464,1,AAGCGTTTGTCT
278111748224,2496,False,2496,1,TTGCAACGAGGC
827863335104,2528,False,2528,1,TTGAACCTGCAG
550829604864,2560,False,2560,1,GATGTGGTTAAA
4243456,2592,False,2592,1,CTGTTGTAAGCC
12632128,2624,False,2624,1,TTTGTGTTGTGG
824646336704,2656,False,2656,1,TGTGGTGATCAA
826793836736,2688,False,2688,1,TAATGACACTAT
549755813952,2720,False,2720,1,GGAGGTTTCCCT
274882134208,2752,False,2752,1,TTTAACGACAAG
549768413312,2784,False,2784,1,CTCCACGCGAAA
827863384192,2816,False,2816,1,TGGATGCGACTT
550829604928,2880,False,2880,1,TACATTGGATGA
551903314112,2912,False,2912,1,ATGCAGTTGAGA
2147516544,2944,False,2944,1,GAGCATGATGTG
551903346816,2976,False,2976,1,TTTACTTAATAG
8388736,3008,False,3008,1,ACCTCTTTGATG
826785448000,3040,False,3040,1,GCCCCAAAGATG
277029617792,3072,False,3072,1,AGATGATGAAGA
1082130624,3104,False,3104,1,TGGATGCAGATG
552981266496,3136,False,3136,1,GACGATTCTGCA
826781237376,3168,False,3168,1,AGAAGAGGACGG
278103376064,3200,False,3200,1,GTGTGGCTGAGT
552977072128,3232,False,3232,1,GTTGAGGCATTT
825711706176,3264,False,3264,1,TCCCATCTTGAA
2160066752,3296,False,3296,1,ATGCGCCAGCAG
552989655104,3328,False,3328,1,TTGGCATTTGAT
826785448064,3360,False,3360,1,GTCTGCATTCTA
827867529344,3392,False,3392,1,CGCACTTTAAGG
12599424,3424,False,3424,1,GCTATAGAGCGT
1082130624,3456,False,3456,1,TACTTTGATAGT
826785398848,3488,False,3488,1,AATTTAAAGATT
826793787392,3520,False,3520,1,TTGTCGTACAAA
8421376,3552,False,3552,1,TGTCGACAAACT
274886295680,3584,False,3584,1,CTATCATTCTTC
827854962816,3616,False,3616,1,GATTTTGCCTAC
824642126016,3648,False,3648,1,CTTTAAAGCTTA
4194368,3680,False,3680,1,AGTGTGACATGG
824633753792,3712,False,3712,1,GATGCCATGTTC
551907508224,3744,False,3744,1,CCATGTGTGTAA
12599424,3776,False,3776,1,TGTTGTCTGCAG
2160099456,3840,False,3840,1,TTACACGCCAAG
12632192,4032,False,4032,1,TTCATGTATAAC
826789642368,4128,False,4128,1,GCGTATGGCTCA
826789642432,4224,False,4224,1,CGTTTGCCAGGT
550829572224,4288,False,4288,1,ATTGTAGGACCA
3221274816,4320,False,4320,1,GCAATGTTACTC
3229663424,4352,False,4352,1,AGCATATTAACA
551903297728,4384,False,4384,1,ACTTTAATATCA
824633720960,4416,False,4416,1,TACTGATGTTTC
3225468992,4448,False,4448,1,TTGTGACTAAGA
824646336512,4480,False,4480,1,AACAAAGATGAT
277033828480,4512,False,4512,1,TCAAGTGACTTC
827854995520,4544,False,4544,1,TCTCACTTCAAT
550842187776,4576,False,4576,1,GATGTAAAGTTT
278111731712,4608,False,4608,1,GCTTTTTAGTGA
2155921536,4640,False,4640,1,ATGATGTGTTGC
824646336640,4672,False,4672,1,CATGACATACAG
274877923392,4704,False,4704,1,CTTTGTGCAGGC
827854995648,4736,False,4736,1,CTGACTGGCGTC
1086374080,4768,False,4768,1,GTTGATGGTGTT
552989671488,4800,False,4800,1,GTGTCCGGGTGA
552981233856,4832,False,4832,1,GCAAGAAGTTTG
3225419904,4864,False,4864,1,TTTAAAGTGGCA
826781221056,4896,False,4896,1,TTTACTTGCTAA
825711673408,4928,False,4928,1,CCGTTGATGGTG
552989622336,4960,False,4960,1,GTTGCAGAGGGT
826789593216,4992,False,4992,1,AGGTTCAGTCTT
552977039488,5024,False,5024,1,CCAAGGTTAGGT
274890506304,5056,False,5056,1,AAGGTCTTCTTT
277029584960,5120,False,5120,1,GCTTTGATGAAC
2155888832,5152,False,5152,1,AATATGCTAGGC
827859189824,5184,False,5184,1,TGTTTGTGGCAA
552977088512,5216,False,5216,1,CAAATAATAATT
278111715520,5248,False,5248,1,TTAATGCTGCAA
551907524736,5280,False,5280,1,TAAGTGGCAATG
49280,5312,False,5312,1,TCCGCTCTGGTA
2151678144,5344,False,5344,1,TTGGTCTTGGCA
824633770048,5376,False,5376,1,TGAACCTTCTGA
3233841344,5408,False,5408,1,TGGTGCTGCGCG
552989622400,5440,False,5440,1,ACATGCGATTTT
550829604992,5472,False,5472,1,TGTAAAGCAAGA
827867529216,5504,False,5504,1,CTGTTATGCATT
549768429696,5536,False,5536,1,GATCTTGCCAAG
2147500096,5568,False,5568,1,GTGCGGTAATAA
824646320192,5600,False,5600,1,TTAACGTACCAT
3233841344,5632,False,5632,1,CCTGAGGGTAAG
824642158784,5664,False,5664,1,TGCGGCTAATAT
2160066624,5696,False,5696,1,GACACTACACTC
550842171520,5728,False,5728,1,TACCAGCTTTAT
826781253760,5760,False,5760,1,GGTCTCTGAGGC
3221225664,5792,False,5792,1,GCCTCTACCTTA
1086373888,5824,False,5824,1,TCGTCCAAGTTG
552977072320,5856,False,5856,1,TGTAAAGTGCGT
551911686336,5888,False,5888,1,CGCAGTATTACT
4243584,5920,False,5920,1,ACAAAGCCCATC
2160115712,5952,False,5952,1,ATTTGAGAAGGT
550829572096,5984,False,5984,1,TTAAATTGGTGG
277038022656,6016,False,6016,1,TTCAATGCTAAG
549768396992,6048,False,6048,1,TCCCTTTACGGA
552985477312,6080,False,6080,1,CGACAGCTACTG
551915929728,6112,False,6112,1,GATGATTTGTAT
824637964480,6144,False,6144,1,ATGTGTTACTTT
4194432,6176,False,6176,1,TGGGCCACGAGG
1086357632,6208,False,6208,1,ACATATTTTAAT
827859189888,6240,False,6240,1,AAATAAATTTAA
2151727232,6272,False,6272,1,GTGAACCCACGG
2160066688,6304,False,6304,1,GCAGTCCTTGTT
274882134080,6336,False,6336,1,TGCCACTGCGCC
278107570368,6368,False,6368,1,AGGTGTGCGCTT
827854962752,6400,False,6400,1,GTTGTCTCGGGG
824633770176,6432,False,6432,1,TGCAACCGTGGA
3221274624,6464,False,6464,1,ATGGTGTTAAAA
4194304,6496,False,6496,1,AGTGTGGTTGTT
3225469056,6528,False,6528,1,CAAAGTTGTTAA
826789625856,6560,False,6560,1,TGTATGATATGT
549764251776,6592,False,6592,1,GTGGTCTGGATG
826789625984,6624,False,6624,1,AGTAAATTCACC
277033828416,6656,False,6656,1,AGTGGGGTATGA
826793787392,6688,False,6688,1,AAATTGGTGTTG
2160099328,6720,False,6720,1,ATTTGTAGCGCC
3229614208,6752,False,6752,1,TTATTGCCTGCT
826789593280,6784,False,6784,1,TTCCTCTATTGT
549755830400,6816,False,6816,1,TACTGATAATAA
827854995520,6848,False,6848,1,TAGCTTCAAAGC
1073742016,6880,False,6880,1,TTGGCGTTTAAG
824646352960,6944,False,6944,1,TGGCAACGGTCT
552985460928,6976,False,6976,1,TTGTATGCCAAT
827867578560,7008,False,7008,1,TTTGCCTAATAT
827863334976,7040,False,7040,1,TGGGTCAGATTG
3233824768,7072,False,7072,1,TTTGGTATTTTT
827863384256,7104,False,7104,1,GGTGTCAGATGT
825715900480,7136,False,7136,1,GTAATGGAAGTA
3233857536,7168,False,7168,1,TCAGGTTTTGAC
825720078336,7200,False,7200,1,TATAAATGTTGT
3221274816,7232,False,7232,1,GAGTGTCTTTTG
278103375936,7264,False,7264,1,TTAGTGGTCGAG
827859173504,7296,False,7296,1,GTATACCGTGTG
2147500160,7328,False,7328,1,TTATTGGCATGC
3221225472,7360,False,7360,1,CCAGAATTCTTT
277038022656,7392,False,7392,1,GAGCGCGCGCTT
826785431744,7424,False,7424,1,TGCTTCCAGCTT
552989622464,7456,False,7456,1,ATCGTGGTAACA
824633720832,7488,False,7488,1,TCTTTGTAGACA
827867529216,7520,False,7520,1,GACCAGGTTGTT
549768396992,7552,False,7552,1,CGTAGTGTCCGT
3221274624,7584,False,7584,1,TGGTGGTACGCT
278111731840,7616,False,7616,1,CTAATGGCGGCA
274882134208,7648,False,7648,1,CAGTGGAACTGT
4243584,7680,False,7680,1,ACCTGGCAACAC
274890489920,7712,False,7712,1,CGGCGGATCTCT
550842187968,7744,False,7744,1,GTTAATCCAACA
551911735296,7776,False,7776,1,CACAGAGGTTAA
8388672,7808,False,7808,1,GTCTGTTCTACG
1086374080,7840,False,7840,1,TATGATGATGTT
550833782784,7872,False,7872,1,TATGAATGGTCT
278107570368,7904,False,7904,1,GTGTGCCAGAAA
1086341120,7936,False,7936,1,AACGAAGCTGAT
826781253632,8000,False,8000,1,CGATGTTGCTGG
552989622272,8032,False,8032,1,ACCGCCAACACG
826781204544,8064,False,8064,1,TATGTTTGACCT
827854979072,8096,False,8096,1,GCGTCTTGGACG
550833799360,8128,False,8128,1,AGTTTTGTGAAT
551903346816,8160,False,8160,1,GGAGGGTGTGCA
552981233856,8192,False,8192,1,CCTTTATTGGTT
549760057536,8224,False,8224,1,ATAGATTCAGAT
551915929728,8256,False,8256,1,CAAGTCCATCAT
2160066624,8288,False,8288,1,TTGATTTTACGG
549760008384,8320,False,8320,1,GTACCTACATAT
551915929600,8352,False,8352,1,CGCAGCCGATTT
826781253824,8384,False,8384,1,ATGCTAAGCATG
551907541184,8416,False,8416,1,GCTGCTAATGTG
552981282880,8448,False,8448,1,TGCTTTTAATCA
12583104,8480,False,8480,1,ATAGGCTGAGAA
275964231680,8512,False,8512,1,TTGAAGATTAAG
827859140800,8544,False,8544,1,GGCAAATGTCCC
552989655040,8576,False,8576,1,CTCTTAAAGGGG
827867578560,8608,False,8608,1,TTGCAATGGTTG
551915913216,8640,False,8640,1,TTTCATTGTACT
128,8672,False,8672,1,ATGCAGTGCACA
824646336512,8704,False,8704,1,TTATATGCCAGT
824646336640,8736,False,8736,1,TGTGCTAAGGGA
3225469120,8768,False,8768,1,GCTTTGCAAACA
3233841152,8800,False,8800,1,TGGTATGAGTCT
552981282944,8832,False,8832,1,CCGTAACTCTAG
3229614144,8864,False,8864,1,CTGTCATAGACC
4194304,8896,False,8896,1,TTTAATGTTCCT
552989638784,8928,False,8928,1,ATTTCATGTGTT
551915880576,8960,False,8960,1,TTGCTACTGATA
274890539008,8992,False,8992,1,CATATGCAAATC
278103343104,9024,False,9024,1,TAGTGGGTGTGT
278099148992,9056,False,9056,1,TGCTAGCGCATG
551915896832,9088,False,9088,1,TATTGCTATACA
278103376000,9120,False,9120,1,ATCTCTGTATGA
278099165376,9152,False,9152,1,GTTATAACCTAG
552989655232,9184,False,9184,1,CGCTTTCCTGAA
275955876032,9216,False,9216,1,GCGTATTGTGCG
827863351424,9248,False,9248,1,GCAGGGTTGGCT
3233857664,9280,False,9280,1,GGTGTTTGTTTT
552985477184,9312,False,9312,1,ATTGAATAACCC
551911735488,9344,False,9344,1,GAACTTTTTGTG
826793820288,9376,False,9376,1,ATACACCAAGTT
825711689920,9408,False,9408,1,CATTGACTTCTT
824633770176,9440,False,9440,1,TGGCTGGTGCTA
827854962688,9472,False,9472,1,TTAGCTTTTTAT
274886344832,9504,False,9504,1,TGCCTTTGGTGA
826781204544,9536,False,9536,1,TCAATGTCATTG
824646320192,9568,False,9568,1,ATGCTATTTGTG
827867578560,9600,False,9600,1,ATCTTGTTTATA
825715900608,9632,False,9632,1,CGACGCTTTATT
277025390592,9664,False,9664,1,GTTATGCATTTG
278111731712,9696,False,9696,1,TGCTATTATGCC
827854946304,9728,False,9728,1,ACGTGGCAGTTG
826793803904,9760,False,9760,1,TGGCTGTTCTCT
826785448064,9792,False,9792,1,AGAAGTTCGTAG
278099148800,9824,False,9824,1,TGTCCCTTACTA
824646336576,9856,False,9856,1,TCCTATTGTAAG
278111764672,9888,False,9888,1,TGTTGCTTTTAA
3229614208,9920,False,9920,1,ACAAGTATCGGT
12632128,9952,False,9952,1,ACCGCGGCCTAT
551907541056,9984,False,9984,1,ACTAGCAAAGGC
3233808384,10016,False,10016,1,ATAATGGTAATG
1073790976,10048,False,10048,1,ACGGCCTCTGTT
551915897024,10080,False,10080,1,CGGTATAGTGAA
552977088576,10112,False,10112,1,AGGTGGAACCTT
274886344896,10144,False,10144,1,GGTAACATGACA
825715900416,10176,False,10176,1,CGATAAAGTTTA
2155888832,10208,False,10208,1,GCTCCTCAGCTG
826789642368,10240,False,10240,1,TCTAATTTGCTT
551911718976,10272,False,10272,1,TTTTTGTGTTAT
4227264,10304,False,10304,1,CTGTTATGTCTT
550837944384,10336,False,10336,1,CTTGTTTTGACT
278107570176,10368,False,10368,1,CACACCTAAGTA
827867545600,10400,False,10400,1,CTGGTGAGACGT
277029601472,10432,False,10432,1,AACGGCAAATCT
274890522816,10464,False,10464,1,TATGCGTAGTAG
275964280832,10496,False,10496,1,TCTTGTGTGGAT
551903346880,10528,False,10528,1,GTTTTAACGGGC
3229663424,10560,False,10560,1,CATGCATCAGCT
3229614272,10592,False,10592,1,ACACCGGTACTG
550829588480,10624,False,10624,1,GGTCCCTATAGA
824633769984,10656,False,10656,1,GCCTGTTCAAGA
825715900608,10688,False,10688,1,TTGTAGCTTGGC
827854979200,10720,False,10720,1,AGATGCAATTGG
549768429568,10752,False,10752,1,TTCCCTGGAAGA
549755830336,10784,False,10784,1,CCAATGGTTTTA
275964231808,10816,False,10816,1,GTTCTAGATGCT
552981282816,10848,False,10848,1,TACAGTTGAACA
552985460928,10912,False,10912,1,TTAGGTAGTTGT
825707462784,10944,False,10944,1,GCCAAGCGATGT
277025423552,10976,False,10976,1,TTAAGTTACAGT
826781237312,11008,False,11008,1,AAAGGTACATGT
824646303936,11040,False,11040,1,ATTATTGTTTTG
827867578560,11072,False,11072,1,TAAAATGGACTA
550837977280,11104,False,11104,1,CATATGTTGGGT
824646336512,11136,False,11136,1,CTTTGTGAGCTT
49344,11168,False,11168,1,ATAAGCATTTGT
3233808384,11200,False,11200,1,CCGGTTTTGTGC
825715900544,11232,False,11232,1,TTTAGTTGTGTA
552981282880,11264,False,11264,1,TAGCTTATGCAT
8421568,11296,False,11296,1,GCTGTAGATTAT
550829555904,11360,False,11360,1,TTGTTACCATGC
827867529408,11392,False,11392,1,TTCTCTGTTATG
827854995584,11424,False,11424,1,CAGCTTGGTGTC
2160115776,11456,False,11456,1,ATTTAGAGGAGG
64,11488,False,11488,1,TCACTCTTTGGC
826781220992,11520,False,11520,1,GCTGTCATTGGC
827867529280,11552,False,11552,1,AATGGTTGGCTG
549755830464,11584,False,11584,1,GACGTACCGCAA
827867578560,11616,False,11616,1,CTATTTGTGTAT
824637915200,11648,False,11648,1,ATTGGGGCGTCT
826785398784,11680,False,11680,1,TTTAGGATGCCG
552985477120,11712,False,11712,1,AATCTCCGTGCA
551903297728,11744,False,11744,1,CTAATGGCTTGC
274890539200,11776,False,11776,1,GAAGCCCTAGTG
551915880640,11808,False,11808,1,AATTGGTGGTGT
551911735296,11840,False,11840,1,AAATTCAATCAA
827859156992,11872,False,11872,1,GTTAATGTTGTG
4227264,11904,False,11904,1,CTTGCATATTGC
277025390592,11936,False,11936,1,AGTATTGCAGTA
826789642240,11968,False,11968,1,GCTACATCTGAT
277037973632,12000,False,12000,1,GTTGGCTCAGCT
827854979264,12032,False,12032,1,ATCCAGCAGCAG
551915929792,12064,False,12064,1,AGTATTGAAGAG
275955843072,12096,False,12096,1,CGACAGTACTGT
827867578496,12128,False,12128,1,AATTTGTTAATA
32832,12160,False,12160,1,GAACTTGCTAAG
824633753600,12192,False,12192,1,GGCTAGCGGCTC
3221274816,12224,False,12224,1,AGCAACTAGAGA
274877939776,12256,False,12256,1,TCAGCATATGAG
826781237312,12288,False,12288,1,CAAGCTTGAACG
49344,12320,False,12320,1,CAAATATGTATA
552989671424,12352,False,12352,1,AAGAAGAGTAAG
824642142336,12384,False,12384,1,CATGCTTTTTAG
3233808576,12416,False,12416,1,ACCAAGCTCTTA
550837977280,12448,False,12448,1,GTTAAGGGTTGT
12632064,12480,False,12480,1,ATCATTGACTTC
3229614272,12512,False,12512,1,TGCCAGATAAGC
550842171392,12544,False,12544,1,GATAATGTGTAT
49280,12576,False,12576,1,ATGGCATATACA
2155921600,12608,False,12608,1,GCGCTGTTAAAC
278103359552,12640,False,12640,1,AATATAACCTGG
3229663424,12672,False,12672,1,TAGGCATAATGA
826785398912,12704,False,12704,1,AGAACAATGAGT
2151710912,12736,False,12736,1,ACGCAGGTTGTC
825715900416,12768,False,12768,1,TTGTAATACTCC
551911686336,12800,False,12800,1,CGACTGGCATGG
551915929664,12832,False,12832,1,CTTAGTGACTGT
2147532928,12864,False,12864,1,GATAGTAAAAGA
275951697920,12896,False,12896,1,TGGAGTTGGATC
552977039360,12928,False,12928,1,CAGGATGTGAAG
552977039488,12960,False,12960,1,TTACTTTGTGAA
825720062080,12992,False,12992,1,GAGGCTGGGTTG
551911686144,13024,False,13024,1,GTGAGGTTGCAG
3221241920,13088,False,13088,1,CGTTTTCTGTAG
277025407168,13120,False,13120,1,GACTATATACAA
552985444480,13152,False,13152,1,TAATTGTGTTAA
278099132544,13184,False,13184,1,GCACTGGTATGG
274890522752,13216,False,13216,1,GCAACCACTAAT
3229646976,13248,False,13248,1,TTCCGTTTGTAT
827867561984,13280,False,13280,1,AACATCCAGATG
549764251776,13312,False,13312,1,CGCGGCAAGTTT
552989655104,13344,False,13344,1,AAAGGATCCTGT
827867561984,13376,False,13376,1,ATGTTTGTCAGG
827859173440,13408,False,13408,1,GGTAGCTGTTCC
49152,13440,False,13440,1,GTTTCAGTCAAA
2147500096,13472,False,13472,1,GGTTCGGGGTAC
550837960896,13504,False,13504,1,TACCCTGTGCCA
824646303808,13536,False,13536,1,CAATTAAGGGCA
827854995584,13568,False,13568,1,TCGAGCTGGCAT
826789593088,13600,False,13600,1,ATTGTTGCCGTT
549760041152,13632,False,13632,1,GGCAACACGTTG
2147532928,13664,False,13664,1,AAGAACCAATTT
2147483840,13696,False,13696,1,AAGAATGCTATG
274882101440,13728,False,13728,1,GTTGTGGCTGAA
826785415296,13760,False,13760,1,TGTTGAGGGAAG
277025439744,13792,False,13792,1,GCAAAGATCTTT
826793820288,13824,False,13824,1,CTTTGCTATGCA
824633770048,13856,False,13856,1,TGATTGTTCAAC
827854979200,13952,False,13949,1,TGATATAATTAA
550833750208,13984,False,13981,1,CTATTTTTAATA
3229646976,14016,False,14013,1,AAGTTTGCGGAC
1073791104,14048,False,14045,1,AGTAGGTGTTTT
552989655232,14080,False,14077,1,TGTATGGTCAAT
277038006336,14112,False,14109,1,GTCAAGACAGTG
827854979136,14144,False,14141,1,GGCAGATTCCTA
552989622464,14176,False,14173,1,TGCTGACTATGT
550842171584,14208,False,14205,1,TTGTTTATTAAT
827859189760,14240,False,14237,1,CCTTGTTCAGTA
2160066752,14272,False,14269,1,TAGAGCTCTTTA
275955892224,14304,False,14301,1,AGTATGACCTAT
549768446080,14336,False,14333,1,CGAGGATGACAG
827854995456,14368,False,14365,1,ATTTTAATATAC
550842138624,14400,False,14397,1,AAGACCTGTTTT
825720094912,14432,False,14429,1,CTTTGTAGATGG
12615872,14464,False,14461,1,TTGGCTACCATT
549755830272,14496,False,14493,1,ATGAATATGGAT
3233841280,14528,False,14525,1,CTTGTCTCTTAA
827863351488,14560,False,14557,1,CAGATCCTGCCC
826781253824,14592,False,14589,1,GCACTGCTTGAT
824642109632,14624,False,14621,1,CGTAGCAGCTAT
274890489984,14656,False,14653,1,AAACAGTCAAAC
3233841344,14688,False,14685,1,TTTTATGAGTTT
277025423424,14720,False,14717,1,TAAAGAAGGGAG
3221242048,14752,False,14749,1,TCTTCTTTACGC
824642109632,14784,False,14781,1,ACTGATTATAAT
824633753792,14816,False,14813,1,CACTATGGTGGA
827867578496,14848,False,14845,1,TTCTAGAAGTTG
827859140608,14880,False,14877,1,TATGATGGTGGG
826781220992,14912,False,14909,1,CATTGTTAATAA
3221241856,14944,False,14941,1,ATCCATTTAATA
825720078336,14976,False,14973,1,TATTATGAGGCA
549755830400,15008,False,15005,1,TGAAGTTTATGC
274877956096,15040,False,15037,1,TGCCAACATTAA
8405056,15072,False,15069,1,GCTATTAGTGCT
275960086528,15104,False,15101,1,TGCTGGTGTTTC
12632192,15136,False,15133,1,GCAGAATGTTTC
277038006464,15168,False,15165,1,ATAGCAGCTACT
552977039552,15232,False,15229,1,ATATGTTACGCC
2155921472,15264,False,15261,1,AGTCCTGTACTT
825707462720,15296,False,15293,1,ATGTGATCGTGC
826789625856,15328,False,15325,1,TTATTAGTAGTT
824633721024,15360,False,15357,1,GATTCGTGCTGT
827859140800,15392,False,15389,1,TCGTCTTGCGAA
827863367872,15424,False,15421,1,GTGAAATTGTTA
550833782784,15456,False,15453,1,GTTAAACCAGGT
824637964288,15488,False,15485,1,AACCACTGCCTT
825707511872,15520,False,15517,1,TTTGTCAAGCTG
2151677952,15552,False,15549,1,CTTATGGCATGC
278099165248,15584,False,15581,1,TTTGAGTATACG
3229614272,15616,False,15613,1,ACTCTAATGTGT
12615872,15648,False,15645,1,CCCGCATTTGTT
824646352896,15680,False,15677,1,AAATAAGCATTT
827854962816,15712,False,15709,1,ATGATGGTGTTG
827867529344,15744,False,15741,1,GCGTCCAAGGGT
3221225472,15776,False,15773,1,CTTTCAACAGGT
3233841216,15808,False,15805,1,TGTTTATGTCTG
2147516608,15840,False,15837,1,ACAGACATCGAA
1086357632,15872,False,15869,1,TTCTCAACACAC
3233824960,15904,False,15901,1,GTGATGAAGTCT
550833799360,15936,False,15933,1,TCGAGAATCTTA
551911735488,15968,False,15965,1,TGATTTATTAAA
827863384256,16000,False,15997,1,TAGAGCGATTCG
824642125824,16032,False,16029,1,TATCCTTTAGTA
277025390784,16064,False,16061,1,TCAAAATGTGTT
1077969088,16096,False,16093,1,TAAAGAAGCTGT
826793836672,16128,False,16125,1,ATCTTGGACAGC
3225468928,16160,False,16157,1,TTGTGATGGTCA
827854979072,16192,False,16189,1,TTTACAAGAACA
550833782912,16224,False,16221,1,ATGCAAAGCGTC
1082147008,16256,False,16253,1,CTCCCAAACATC
826793787456,16288,False,16285,1,TACGCAAGCCAT
1086341120,16320,False,16317,1,TATGATCATGTT
550829588480,16352,False,16349,1,TGTCCTGAGTGT
8437824,16384,False,16381,1,CGCCGGGATGTG
552977088640,16416,False,16413,1,TTGTATTTAGGT
3225436352,16448,False,16445,1,GGACCATAAGCC
827863384256,16480,False,16477,1,TGATGAATGGTA
550833750016,16512,False,16509,1,CAATCTTGTACT
8388608,16544,False,16541,1,TTTTAATAAAAT
2155872256,16576,False,16573,1,AAGTCGATGATT
3233841152,16608,False,16605,1,ACCGAGCGTCTC
826785448000,16640,False,16637,1,GCAAAAGGCCAC
277029584960,16672,False,16669,1,GTTATGCGTCAG
827854995456,16704,False,16701,1,AGCGATCGGGAG
550842187776,16736,False,16733,1,TGGTAAAGTGAG
550842155200,16768,False,16765,1,ATGTTTTTACTG
826781237440,16800,False,16797,1,GGTAAGACAGTT
549764235456,16832,False,16829,1,TAAGAGTGAGTT
278111731904,16864,False,16861,1,GCGCCACAACCA
825707495616,16896,False,16893,1,GATGTTTTTATT
824646303808,16928,False,16925,1,TAGTTTAAGTGC
552989638848,16960,False,16957,1,AGAATTATACTA
550842138624,16992,False,16989,1,TATAGTGTGCCT
549764235328,17024,False,17021,1,GCCAAATTATCA
4227264,17056,False,17053,1,ATTGTACTGTAC
552985460928,17088,False,17085,1,AAGTCCCATCTA
551915929728,17120,False,17117,1,TTATTGTACAGC
278107570368,17152,False,17149,1,CTAGCCATGCTG
827867529216,17184,False,17181,1,AAGGCATATAAA
826781237376,17216,False,17213,1,CACGCGTATTGT
3229614144,17248,False,17245,1,ATTGTTATGATA
552989622272,17280,False,17277,1,ACTCGTAAGTAT
549755863168,17312,False,17309,1,ATTACCCGAGTT
551903297728,17344,False,17341,1,TTGATGAAGTTA
2160066624,17376,False,17373,1,TTGTCTGTTATT
826781253696,17408,False,17405,1,GCATTATGTTTA
551907491968,17440,False,17437,1,TGCCCGCACCCC
12632256,17472,False,17469,1,ACTCTAGAACCT
827863334912,17504,False,17501,1,CAAGCTAATGTG
552989638784,17536,False,17533,1,TCTTGGGTACCT
550833782784,17568,False,17565,1,ATTGTGGATACA
549755863040,17600,False,17597,1,TAATAAGCTGAA
1086324800,17632,False,17629,1,CCATGTGTTTTA
1086357504,17664,False,17661,1,ACTACACATGAG
824642142400,17696,False,17693,1,GCAGCAAATATA
551903313920,17728,False,17725,1,AGGCAAACCCCA
2155921600,17760,False,17757,1,ATTAGTCCTTAT
552977055744,17792,False,17789,1,TAAGAGAGTCTT
3229614272,17824,False,17821,1,TAGATTCAGCGC
275960037440,17856,False,17853,1,GTTATTTATTCA
12632192,17888,False,17885,1,TTCTGTCAATGT
2147532992,17920,False,17917,1,TTACACGTGCTA
278111764672,17952,False,17949,1,ATGAGTAGTATG
550829588480,17984,False,17981,1,TTTTAGCACACT
3221225600,18016,False,18013,1,ATCCACGATTAC
2160099328,18048,False,18045,1,AAGGATTGTAGC
552989655168,18080,False,18077,1,CCCAGCTCATGC
8388608,18112,False,18109,1,ATGATAAATATA
550842171584,18144,False,18141,1,GTTTGCCTTAAT
827867562176,18176,False,18173,1,TTATTCGCGGCT
278107521216,18208,False,18205,1,AGCTTGACTTGA
128,18240,False,18237,1,CTGTTTATAACT
551915929728,18272,False,18269,1,TGTTAGAGCCTG
278099181696,18304,False,18301,1,GTGCCCATGCGA
278103375936,18336,False,18333,1,AATTTCCCATTA
826785447936,18368,False,18365,1,AATTGATTTTGT
1082179584,18400,False,18397,1,TTGCCGAGAGAG
550833782784,18432,False,18429,1,GCAGTGGCACGA
275964280960,18464,False,18461,1,TAAACACCTCGT
827854979072,18496,False,18493,1,AGAAATGGGACG
549755846848,18528,False,18525,1,CAAATGCTGTCA
2151710848,18560,False,18557,1,AGACAGTGTTGT
278103326784,18592,False,18589,1,GCTTCGAGCTCA
552985428160,18624,False,18621,1,AAAGTTGGAAAA
552989671424,18656,False,18653,1,CAACAAGCGTGC
550833750208,18688,False,18685,1,CTGGGTACTATG
274882117824,18720,False,18717,1,TCCTGTGATTAC
551903346880,18752,False,18749,1,TGATATTCAACA
1073774656,18784,False,18781,1,TAACTAGCAATC
278099181568,18816,False,18813,1,CATAAGGGTGCT
3225436288,18848,False,18845,1,TATCATGACCCG
278111748096,18880,False,18877,1,GCTTTTGCAAAT
824642109632,18912,False,18909,1,TACCCCATTATC
552977088512,18944,False,18941,1,TACCTCCTGCAG
824633753792,18976,False,18973,1,TTAGGGCTGCGA
2151678080,19008,False,19005,1,GTGTGTTATGAC
3221274816,19040,False,19037,1,TGCCTGTGTCAA
278099148992,19072,False,19069,1,ATGATGCCTCTC
8404992,19104,False,19101,1,CAGTTTGTTTAT
827863367872,19136,False,19133,1,TCAATTTTTAGA
2151694528,19168,False,19165,1,ACTGCAATGTGG
824642142400,19200,False,19197,1,GTTGTATGTAGG
277033828480,19232,False,19229,1,CAAATTAAATCT
8437824,19264,False,19261,1,GTCTGTATGTTA
275955875840,19296,False,19293,1,AGTCCCTTTACG
827854962816,19328,False,19325,1,GAAGCCTATGCC
2155921536,19360,False,19357,1,CGCCTTGTGTGT
827854946432,19392,False,19389,1,AAGCAGGTCGAT
3221225600,19424,False,19421,1,CACTTGCATTAC
3229614272,19456,False,19453,1,CTGTTTGTTTAA
824646336576,19488,False,19485,1,GAGTACCTTGAG
278111764480,19520,False,19517,1,AGCGGGTTTTAC
3221242048,19552,False,19549,1,TTGATTTTTACA
824646336512,19584,False,19581,1,AGGCTCCAAAGT
825720094784,19616,False,19613,1,TTTGGTAAATGC
278107570368,19648,False,19645,1,CGGGTGAACTGC
3221258240,19680,False,19677,1,AAAGTCATTGCC
4194368,19712,False,19709,1,CGTGGTTTTTAA
824646320256,19744,False,19741,1,CTAATGTGGCTG
275960037568,19776,False,19773,1,AGTATTCGACCA
826793803776,19808,False,19805,1,TAGAAATTTGAA
3221225664,19840,False,19837,1,ACGTCCTTTGGG
8437760,19872,False,19869,1,TTTTGCAGTTCG
549755830272,19904,False,19901,1,CACAGATTTACA
552977072320,19936,False,19933,1,TACTTTTTGATG
2155905216,19968,False,19965,1,GAAGCTTTTAAG
49344,20000,False,19997,1,CATTAACACGAC
277033779328,20032,False,20029,1,TGATTAAAGGCC
549768429632,20064,False,20061,1,GGCGTAGTTGTG
551915929728,20096,False,20093,1,TGTGGAATTTTG
825711673472,20128,False,20125,1,GTGACGATGTTA
274886311936,20160,False,20157,1,CTTGAACCGAGC
825720094784,20192,False,20189,1,TAATCCGGGTGG
274882134208,20224,False,20221,1,GCGGTAATGAAG
3229663424,20256,False,20253,1,TTTACTCAAAGC
551903313920,20288,False,20285,1,ACCTCGATCAGA
2147500032,20320,False,20317,1,ATTTAGATGAAG
825720062144,20352,False,20349,1,AGTTTACAGGAC
275951665280,20384,False,20381,1,TTATGGTAGTTT
827867545792,20416,False,20413,1,GTTTGCATTTGC
3233824768,20448,False,20445,1,CAGCAAAAATCC
274890506432,20480,False,20477,1,CGTCCCGTACGA
1082163392,20512,False,20509,1,TTATCACTGACG
552989671616,20544,False,20541,1,AGTGTGTGCACT
277025406976,20576,False,20573,1,TGATTTTGTGGA
551911686272,20608,False,20605,1,TAAATTGTGTGA
552985428160,20640,False,20637,1,GTTGATTTTAAA
551915929792,20672,False,20669,1,GTGCAATGAGGA
275960070144,20704,False,20701,1,CTCGTTTGCAGG
278099132416,20736,False,20733,1,GGTTATGTTATG
549768446144,20768,False,20765,1,GGAATCGCCGCT
278111731712,20800,False,20797,1,ATTATGGCAAGC
550837944320,20832,False,20829,1,TGTTTGATGAAT
549760008320,20864,False,20861,1,ATGCCAATATTT
827867529280,20896,False,20893,1,TCCCGGCTAATA
12599424,20928,False,20925,1,GCCGGTTCTGAT
552989622400,20960,False,20957,1,TGCAGTTCTTAG
3221225472,20992,False,20989,1,GCATTCTTGTAG
550829604992,21024,False,21021,1,GTGAGTGACAGT
4243648,21056,False,21053,1,TTGTATAACCTT
278111715520,21088,False,21085,1,ATTTGATAATTT
549760041088,21120,False,21117,1,ACTAAGAACATT
827867578560,21152,False,21149,1,AGATGGATTCTT
827863367872,21184,False,21181,1,TTCGTGACAAGT
12632064,21216,False,21213,1,GCCATAAAAATT
824642142336,21248,False,21245,1,TGAGTTATATAG
825707511872,21280,False,21277,1,TTTGGACAATCT
552985460928,21312,False,21309,1,TCTTCAAGTGAA
550833782912,21344,False,21341,1,TTGGTTAAATAG
1086374080,21376,False,21373,1,GTAAAACCATGC
2160099392,21408,False,21405,1,AGAAATAGTACA
824633737408,21440,False,21437,1,CAGTCTTTTTGA
278107553792,21472,False,21469,1,AGGTGGCTGGTA
16448,21504,False,21501,1,CCAGACCAAATA
278111748224,21536,False,21533,1,GATTGAGAAGGG
827863334976,21568,False,21565,1,CACGCAAGGAAG
827867578368,21600,False,21597,1,GTAAATGTTAAA
278107521216,21632,False,21629,1,CTGCGATGCAGG
825715867840,21664,False,21661,1,CATTTTATAAAC
827867562048,21696,False,21693,1,TGGCGTTATGGG
2160066752,21728,False,21725,1,CGCAACTTGTGG
274890489920,21760,False,21757,1,TTACAGAAAGCA
2147500096,21792,False,21789,1,GCTCGATATTAG
824642158784,21824,False,21821,1,TGGAATTTGCAA
551915913408,21856,False,21853,1,ATGGCGGCATAT
551911735424,21888,False,21885,1,CAACCCTCACAT
552985477312,21920,False,21917,1,TTGATGTTAAAG
3229614208,21952,False,21949,1,GATATAGTTGAA
32832,21984,False,21981,1,CATAGCAGATCA
274886295552,22016,False,22013,1,ACTGTACTGTGG
274882150400,22048,False,22045,1,GAAATAAATGAG
275951665344,22080,False,22077,1,ACCCTTCTACCT
826789593088,22112,False,22109,1,CGGATGCTAGGC
551907541120,22144,False,22141,1,TCTTCCAAAACA
551903297728,22176,False,22173,1,GCTGAGCATTTG
275964264640,22208,False,22205,1,ACAAGCCTCCAA
827867529344,22240,False,22237,1,TTTGGCTATTGC
826793803904,22272,False,22269,1,TGACTTAGAAAT
550833782848,22304,False,22301,1,ATGAAGAAGCGT
4210688,22336,False,22333,1,TATCAAAGAAAC
278111764608,22368,False,22365,1,ACATGATAATAG
552989655232,22400,False,22397,1,GCAGAATGAAGG
549755863040,22432,False,22429,1,TTTACACTAGTA
552989638848,22528,False,22525,1,CAGCTGGTGTTT
827859157120,23520,False,23490,1,TATAATGTTTCC
826789609664,23552,False,23522,1,ATTTCTTTATAA
2160066688,25568,False,25405,1,TTAAATGGCATT
3221241920,26016,False,25853,1,GGCTTTGTGTCA
551911735296,26048,False,25885,1,GCTCGCAGCTCT
3225436160,26080,False,25917,1,AACTACTTTTGA
826789593216,26112,False,25949,1,TCAATGATAGTG
1077985344,26144,False,25981,1,TATGAGCTGCAA
552989622272,26176,False,26013,1,AGCTAGCCATCA
274890506240,26208,False,26045,1,CTCCAAAGGTTA
275951665152,26240,False,26077,1,GTCTGTGGTGGC
278111764480,26272,False,26109,1,GTTGGTTGAGTA
825715851328,26304,False,26141,1,TTAATGCCATTC
278099165312,26336,False,26173,1,ATAGATACTATG
824646320192,26368,False,26205,1,TTTAATCCAAGG
827859189952,26400,False,26237,1,TATCGGATGGCA
278111764672,26432,False,26269,1,ATTAATTTTAGT
277029617792,26464,False,26301,1,TTCTGACTGTGG
278107521024,26496,False,26333,1,AAACCGGACGAT
3233841280,26528,False,26365,1,TTTGACAAAGTC
824642158720,26560,False,26397,1,TGTCGAAGCATA
12632064,26592,False,26429,1,AAGAAGTTAGAG
3221242048,26624,False,26461,1,TTTAATGGCATC
3229663360,26656,False,26493,1,GTCTGAGAATCA
278111731840,26688,False,26525,1,GAGCTACTGTAT
550842187904,26720,False,26557,1,GCAGCTGCAGGT
826793836544,26752,False,26589,1,TCAATATAGAAT
549760008320,26784,False,26621,1,TGAATGTTCTTA
8421440,26816,False,26653,1,GCAAGTGCATTT
826785448064,26848,False,26685,1,ACAGGAAGGGTT
1082130432,26880,False,26717,1,TAGCAAAAATGC
0,26912,False,26749,1,GCGGAAGCACTC
826793836736,26944,False,26781,1,TTCCAATAGGTT
827859140800,26976,False,26813,1,TACAAGAAATTC
278103343296,27008,False,26845,1,GAAGCGCAGGCT
825707462784,27040,False,26877,1,TGGCAGATTAAC
550829605056,27072,False,26909,1,CTAAGCAGCTGA
275951648960,27104,False,26941,1,GTGAGTGCAGCC
1077985280,27136,False,26973,1,TGAGTGTGTTAA
1077985408,27168,False,27005,1,ATTTCTGTGGCA
550842187776,27200,False,27037,1,TTAGTCCAGAAT
277029634240,27232,False,27069,1,TATTCATTTCAG
827863384128,27264,False,27101,1,CAACGGCAAATG
552977039424,27296,False,27133,1,TCTGGTGATAGA
2155905024,27328,False,27165,1,ATATTTTGTTCA
3233824768,27360,False,27197,1,TCACAGGTAGTA
2151678080,27392,False,27229,1,ATTACAGATAAA
274877907072,27424,False,27261,1,TTGCGCAGCAAA
274882101248,27456,False,27293,1,TTTTCTTGAACA
552989671616,27488,False,27325,1,GACTTTAAGGAG
826785448128,27520,False,27357,1,AAATCAGACGTC
8405056,27552,False,27389,1,TCGATTTCGAGA
552981233664,27584,False,27421,1,GACCTGACTGAT
549755863040,27616,False,27453,1,TGCAATTAAGAA
825720045696,27648,False,27485,1,ACCTCAAGGACG
824642158784,27680,False,27517,1,GTGAAATGGCCT
826793836736,27712,False,27549,1,TGGATTAGCTGG
550829588672,27744,False,27581,1,TATTTTTCATAT
12583040,27776,False,27613,1,TCATGTTGTTTC
1073758208,27808,False,27645,1,TGATGAGTGTGG
825711657152,27840,False,27677,1,TGATACATAATA
278099148800,27872,False,27709,1,CTATCACAGCCT
824646320128,27904,False,27741,1,CTAAACAATTTA
551915929728,27936,False,27773,1,GGCCCCGTAAGA
3233824960,27968,False,27805,1,TGTAGGGTCCTA
827854995648,28000,False,27837,1,TTTATCGGTCCA
3225452736,28032,False,27869,1,AGGCATTGGCCT
827854946368,28064,False,27901,1,AAGTTTAAATTT
1077968960,28096,False,27933,1,CGTGTGACTGGC
2151710848,28128,False,27965,1,TACTATAAGTAC
552989638656,28160,False,27997,1,CGACGCTCGACG
824633753600,28192,False,28029,1,AGACCCATAAGC
3221274624,28224,False,28061,1,TGGCAAAACCAG
826793836736,28256,False,28093,1,TTGGCCCAAAGG
827863367680,28288,False,28125,1,CTAAACCTCATC
277025423488,28320,False,28157,1,ACCTTCCGTAAG
826789626048,28352,False,28189,1,GCCACATGGACA
2151710912,28384,False,28221,1,TGGTTACGCCGA
827867529216,28416,False,28253,1,TCGCCTTGAAGA
552989655040,28448,False,28285,1,ATTGCCAACCTC
826785415296,28480,False,28317,1,CCTTTAAAGGCT
549768396992,28512,False,28349,1,ATTTGCAGCGCA
12632256,28544,False,28381,1,AAAAATCAGGCC
549768396800,28576,False,28413,1,TTCACGGCCTAC
2147532928,28608,False,28445,1,CGTTAGTAAGCT
550833799168,28640,False,28477,1,TTATCATCTGGA
1077985408,28672,False,28509,1,TATGTTTAATTT
3233857600,28704,False,28541,1,GGTATGTGGGGC
550829588672,28736,False,28573,1,GTGTGTTTGATG
824646352960,28768,False,28605,1,CTTCCTTGCGTC
552989671552,28800,False,28637,1,TTTGCGGTTTGT
549768396800,28832,False,28669,1,CCTTCTATTTGT
824633720832,28864,False,28701,1,GCTTTATAAGTA
2155921408,28896,False,28733,1,CGCCCCCGTTAG
277033811968,28960,False,28797,1,CAGCCTGTTTAT
826789642432,28992,False,28829,1,AATTCGATTCCT
827863351360,29024,False,28861,1,TCGGCATTATAC
825711657152,29056,False,28893,1,CTACAGTTCGGT
549768446144,29088,False,28925,1,TGTTTATGTTGT
827863384256,29120,False,28957,1,TTATGTGGCCAC
825707462848,29152,False,28989,1,TTTAACTGCGTC
826793836672,29184,False,29021,1,TCTTGGATTTTC
552989671616,29216,False,29053,1,CCATTATAATGT
827863367808,29248,False,29085,1,AGCATCAGGTTG
277029601344,29280,False,29117,1,GTGGAGCTTCAA
824633770176,29312,False,29149,1,TGTGTATAGATA
549760008384,29344,False,29181,1,AGACCCATTATA
826781220864,29376,False,29213,1,AGCCACTATCAT
825715900608,29408,False,29245,1,AAGGTGTTAAGC
549768429632,29440,False,29277,1,TCTGATTTGCCT
824633753728,29472,False,29309,1,GGTGTCTCACCT
825715884224,29504,False,29341,1,TCTTAGACAAGG
1082163200,29536,False,29373,1,GCTGTTTATGTG
4243456,29568,False,29405,1,CCGACTGCCCTC
824646320128,29600,False,29437,1,ACACCGCATTGT
827863334912,29632,False,29469,1,TAAGGATGTCTT
1086324864,29664,False,29501,1,GCCGGTAGCAGA
274877923520,29696,False,29533,1,TGGTAATGGCAT
3221258304,29728,False,29565,1,CTGACCAAACCG
12582976,29760,False,29597,1,AGGAACCATCCC
551915897024,29792,False,29629,1,GCCCAATGCCGG
550833799168,29824,False,29661,1,CTTGGTTTTCGG
278099165184,29856,False,29693,1,GGAAAGGAGTTC
277037990080,29888,False,29725,1,AGTGCCTATTGC
2147483712,29920,False,29757,1,AGCAAAAGGGAT
1086341120,29952,False,29789,1,CGTTCTTTTAAA
278099181760,29984,False,29821,1,GCAGCTACTGCC
278107537536,30016,False,29853,1,TTGGAACAGGGC
551915929792,30048,False,29885,1,GGCGACGATATC
274877923456,30080,False,29917,1,AAGCCAACAGGC
550829588672,30112,False,29949,1,ATGTTGTTGAAA
3229646912,30144,False,29981,1,GCTATTCCTACT
278111715520,30176,False,30013,1,ATTGCCTCAGGG
278103343296,30208,False,30045,1,GAAGGTCTGCAC
277025390720,30240,False,30077,1,CGGTCACAATCC
275960070272,30272,False,30109,1,TAGAAGCAGTTC
275960037376,30304,False,30141,1,CTGCTGTAAAAC
825715884032,30336,False,30173,1,GCTGCTCTTGTT
275964280896,30368,False,30205,1,TGCCGGCCAGCC
826781253632,30400,False,30237,1,GCGCCAAAGAAG
2160066560,30432,False,30269,1,AAGCCTCGTCAA
552989655040,30464,False,30301,1,GTGCCCAGTGCA
3229630464,30496,False,30333,1,GCCCTAATCAGA
2160083136,30528,False,30365,1,TTAAAACTTGGA
551907491840,30560,False,30397,1,CATTCTTGCAGA
552989622400,30592,False,30429,1,CCTTCTTCTTTG
551915913280,30624,False,30461,1,AAAAAGAACTCT
827854995584,30656,False,30493,1,CAAAGATGTTTA
3225436352,30688,False,30525,1,CAATTAGATTTG
3229646848,30720,False,30557,1,GAGACTATCATG
550833799296,30752,False,30589,1,GAATGCCTACCA
277029617664,30784,False,30621,1,ATCTAGTGAGCC
274886328320,30816,False,30653,1,CGTAGACAGGCT
277025406976,30848,False,30685,1,AGATAATGTAAG
0,30880,False,30717,1,TGGTGCAGCGAA
3229630656,30912,False,30749,1,CCCGAGGATCGT
825707495552,30944,False,30781,1,AGACGATGGCGT
824642142272,30976,False,30813,1,ATGACTCTAATG
552981250048,31008,False,30845,1,TGTCGGCGCTCG
3233808576,31040,False,30877,1,AGTCGGGATAGG
1086357632,31072,False,30909,1,TGTCTTGCTGTC
824633753728,31104,False,30941,1,TGGCAGACCCTG
551911719104,31136,False,30973,1,TTGCAAAATAGA
824646303872,31168,False,31005,1,CAAGGTCCTACG
549760024576,31200,False,31037,1,TAGGCGCCCCCT
1073741824,31232,False,31069,1,TACTATTCCTGC
549764202496,31264,False,31101,1,AAGTTGATCATG
