826781253824,3616,False,3747,1,ACAAGGTGGTTA
824646353024,7744,False,7995,1,TGATGATGTTAA
275960037568,9536,False,9787,1,ACGCTTTATTTC
827867529280,10976,False,11227,1,AAATGGACTATG
551907524608,12032,False,12283,1,TTTGTTAATATG
274877956288,12992,False,13243,1,TTTTCTGTAGAT
278111731904,13248,False,13499,1,AAGATCCTGTGT
824642158592,13440,False,13691,1,ATTAAGGGCATT
278111715456,13632,False,13883,1,TGTGGCTGAACA
549768413184,14560,False,14811,1,ACAGTTAAACCT
551915913408,14656,False,14907,1,TTCTTTACGCAG
824633770048,14688,False,14939,1,TGATTATAATTA
3221241920,14816,False,15067,1,TTGTTAATAATT
549760024704,14976,False,15227,1,TATTAGTGCTAA
274890489984,15040,False,15291,1,AGAATGTTTCAT
824633770176,15200,False,15451,1,GTGATCGTGCTA
825720094784,15424,False,15675,1,TGTCAAGCTGTT
551903346880,15584,False,15835,1,ATAAGCATTTTA
827854979264,16096,False,16347,1,TACAAGAACATG
827863367744,16160,False,16411,1,CTCAAACATCAT
552989671424,16384,False,16635,1,ATGAATGGTATG
824646303744,16672,False,16923,1,GTTTTTACTGGC
278107521216,16736,False,16987,1,AGAGTGAGTTGA
824633753728,16768,False,17019,1,GCCACAACCACT
3225468928,17248,False,17499,1,GATGAAGTTAGT
277029601280,19392,False,19634,1,GTATCGTGAGTA
2147483776,19712,False,19954,1,AGCTCTTTAGAA
3229630656,20960,False,21172,1,CATTTGTGAGTG
1086341312,27904,False,28117,1,ACTGTGTCTTAT
