827867578560,64,False,64,1,TTCACTGATCTC
1077952640,96,False,96,1,CTAAACTTTATA
1086324864,160,False,160,1,GTGTCTATATTC
552989622272,192,False,192,1,TCAGCCAGGGAC
550837944512,224,False,224,1,GCCCACCCATAG
275951681600,256,False,256,1,CAAATACGGTCT
827863351424,288,False,288,1,AATTTCCATGGA
274882101312,352,False,352,1,TATAGTATGCTC
827863335104,384,False,384,1,AAACAGGCGGAA
277037973504,416,False,416,1,ATGGTGGATTGT
278111715456,480,False,480,1,TTGTTATGAATA
550837993600,512,False,512,1,GTGCTACTTCAA
825711656960,544,False,544,1,AGCAGTTTTGGT
552977072320,576,False,576,1,CTCTGGAGGCAT
3233857664,608,False,608,1,CCTAATGGATGG
825711706304,672,False,672,1,TTAACAAGCATG
826793803904,736,False,736,1,TCAATTTGTGGG
1073791168,768,False,768,1,TTATGCCTGTGC
827867578496,800,False,800,1,CCTTGGGTTATG
274877956160,832,False,832,1,AAAGGGTGCCTA
3221274624,864,False,864,1,GCGGTTTTGAAC
552989655040,896,False,896,1,GAGGATGCTTAC
824633770112,928,False,928,1,TAAGGGTAAGTT
3229614208,960,False,960,1,TAATTAGAGGAT
2160099520,1024,False,1024,1,TGGTGGTCTTGC
824633720832,1056,False,1056,1,CTGATAAGACAT
16576,1088,False,1088,1,TTTCCTATTTGG
1086357632,1120,False,1120,1,TGTAACTGTGGC
824637948096,1152,False,1152,1,CACGTTATGTTA
550842171392,1184,False,1184,1,ACTATACGTAGT
551911735424,1216,False,1216,1,TACTGAAGACTT
827867545792,1248,False,1248,1,TAAAGGAACCTG
274890539200,1280,False,1280,1,TCTATTATTTTA
827867562112,1312,False,1312,1,CATTATGAGTTG
278107570368,1344,False,1344,1,CAGTTGTAAATG
827863384192,1376,False,1376,1,AAAGATTGTGGT
2160115904,1408,False,1408,1,TATTGACTGCGA
278099181760,1440,False,1440,1,AAGGTTGGGTTC
2160099328,1472,False,1472,1,TTTGCTTGCACT
551903346816,1504,False,1504,1,GACAGGTGATTT
826793820288,1568,False,1568,1,AGTGCAGCAGGT
278107521152,1600,False,1600,1,GGATTCTTTTAC
552989655232,1632,False,1632,1,TTTATTTTGGAG
827867578368,1664,False,1664,1,GCACGTAATATA
826789626048,1696,False,1696,1,TTCTGTTAAGTC
550837993472,1728,False,1728,1,CTGGAGTTGTAG
2147532800,1760,False,1760,1,GAAACAAATCTC
8405184,1792,False,1792,1,TGATTATGTTCA
824642126016,1824,False,1824,1,ACCAGCGGGAGT
827854946432,1856,False,1856,1,TGGCATAAACAA
826781253824,1888,False,1888,1,GTACAAACCTCT
552989655040,1920,False,1920,1,TTAATATGCGGC
825720094912,1952,False,1952,1,ACTTTTACTGTT
827867562112,1984,False,1984,1,TTTTCTTTTAGA
827859157184,2016,False,2016,1,ATTATTTGGCAG
3233857728,2080,False,2080,1,GTCTAAGAGTAA
549764218880,2144,False,2144,1,AATTCTAAAATT
12632064,2176,False,2176,1,TAGTGATTTTGG
826793803968,2208,False,2208,1,TTGTTCATTTCT
825715900608,2240,False,2240,1,ACTGCTCTTGCA
827867529344,2272,False,2272,1,TGTTTTGCATGG
827854995648,2304,False,2304,1,GTGATATATATT
550829604992,2336,False,2336,1,TATGCTAGTGCT
1086357696,2400,False,2400,1,TTACTTTTATTG
3233857664,2432,False,2432,1,ATTGGACGTAGA
2155888832,2464,False,2464,1,TAAAATTTATGA
824642158784,2496,False,2496,1,ATTCATCTCAAT
12582976,2528,False,2528,1,TTAACCATGCCT
827854995584,2624,False,2624,1,GTTGTTACAACT
826785447936,2656,False,2656,1,TTCTGAACCACC
3221241984,2688,False,2688,1,GCATTGTGGATA
825720078336,2720,False,2720,1,GGTGACAAATAT
551911702720,2784,False,2784,1,TTCCTTGTGCTG
549764235392,2816,False,2816,1,GAACAGCCTACA
3233808576,2880,False,2880,1,ACAAAGATTTTA
826793820288,2944,False,2944,1,TATGGAGGAATT
3225452672,2976,False,2976,1,CCATAGAAGAGA
550829555776,3008,False,3008,1,CTTGAAGGTGTA
2147500224,3040,False,3040,1,TTTACAGAAATT
826781253760,3136,False,3136,1,AGATGATGACTT
824642109632,3168,False,3168,1,AAGAAGATGATG
1073758336,3200,False,3200,1,TTAACTGTCACA
551907540992,3232,False,3232,1,TGCCAGTGAACA
827863351488,3264,False,3264,1,TAGAGGACACTT
824646336512,3296,False,3296,1,GAGACATCTGAT
8421568,3360,False,3360,1,TGATTCAGGATT
550829588480,3392,False,3392,1,TTTTATACTACA
825707462720,3424,False,3424,1,TTTGGATCTGTA
824642158592,3456,False,3456,1,ACAATTGCTGGT
277025390592,3488,False,3488,1,ATGCAGAAACTG
827867529216,3520,False,3520,1,AAATTTGCAGGA
2155872320,3552,False,3552,1,AACAGTATAGTC
275964264640,3584,False,3584,1,GTTAATAAGATA
826781253824,3616,False,3616,1,ACAAGGTGGTTA
827867529408,3648,False,3648,1,GGTTCTTAACCT
827854979264,3680,False,3680,1,GCATACTGGAAA
3221274816,3712,False,3712,1,TCTTAAGCTTAA
825711706176,3744,False,3744,1,TTTATGGTGATG
3233841344,3776,False,3776,1,TGTGGTGAGTCT
1086373888,3808,False,3808,1,TGTGCCATTTAC
549755830400,3840,False,3840,1,ATAAGTTGTTTT
550842171392,3872,False,3872,1,AGTGTGTATAAA
824637964416,3904,False,3904,1,TAATGATAGTCA
3225469120,3936,False,3936,1,GTAAACAAATTG
3233808576,3968,False,3968,1,ATTACTAGTGAT
827867561984,4032,False,4032,1,AAATTGCCCAAT
827854979264,4064,False,4064,1,CCTAATGTATGT
551903297664,4096,False,4096,1,TAAAGTTTCTAA
278103375872,4128,False,4128,1,TTGTAAATCCTG
549768429760,4160,False,4160,1,GGTGGTGGTGTT
551903330304,4192,False,4192,1,AGCTGGACAGCA
274886328512,4224,False,4224,1,ATATGGTTAAGT
549768446016,4288,False,4288,1,ATGTAAAACTGT
549755830272,4352,False,4352,1,TTGTTAGAGCGT
824637948096,4384,False,4384,1,ATATGATTGTGT
551915880576,4416,False,4416,1,CTGGTATATTTA
824633720960,4480,False,4480,1,AGTTGTTCTTGT
277029634240,4512,False,4512,1,TTGATCTTATTT
8421504,4544,False,4544,1,GTTGAGGGCACT
2147532864,4608,False,4608,1,AAACAGATGCTA
550829555904,4640,False,4640,1,GACGTTGCATTT
3229663232,4672,False,4672,1,ACAGGATGTTTT
49344,4704,False,4704,1,CACTTGATGATG
552989655168,4736,False,4736,1,AGCAATGTTGAT
552977088640,4768,False,4768,1,TGTTGTCAATAA
826789593280,4832,False,4832,1,GGCATAGATATA
551911735296,4864,False,4864,1,TGGTTATGTACA
3229663424,4896,False,4896,1,CTACTGTTGCTC
3221258240,4928,False,4928,1,GATAAAGTGGAC
551907524800,4992,False,4992,1,GTGAAAGTTTTG
824642109632,5056,False,5056,1,GTGTGATATAAA
3221225664,5088,False,5088,1,TCCAGTTTGATA
1086373888,5120,False,5120,1,AAGGCTGTAAGA
827854962752,5152,False,5152,1,GAAGGAATTGCT
2155921600,5184,False,5184,1,TTAATTGTTCTA
3229646848,5216,False,5216,1,GGTAAGTATTTC
826785415168,5248,False,5248,1,CAATTGTTTTGT
2160066752,5280,False,5280,1,TCCAGAGTTTGA
551915929728,5312,False,5312,1,CAATGGCAGGAG
824642109632,5440,False,5440,1,TAGTCAAGTTGA
278111748096,5472,False,5472,1,ATTTTGAAATTG
2155905216,5504,False,5504,1,CAGGAACAGCGT
8388672,5536,False,5536,1,GCATTTTGGTAC
277037989952,5568,False,5568,1,AGATTGGTTACA
824633720960,5632,False,5632,1,ACCATTTTTAAT
277033812160,5664,False,5664,1,GTGTAAAATTAC
549764235264,5696,False,5696,1,AATATTTTTAAA
551903346752,5728,False,5728,1,TGTTCATGTTAA
278099132608,5760,False,5760,1,TTTATGATGCTT
3221274816,5792,False,5792,1,GACGTTACTGGC
550833799360,5824,False,5824,1,TCTTAAAAATTT
3229614272,5856,False,5856,1,TGTTAACCACCT
1077985280,5888,False,5888,1,AAAATTGAGTAT
49216,5920,False,5920,1,TTATTGTGACGG
274877923520,5952,False,5952,1,GTATTATTAAAG
549768445952,5984,False,5984,1,AAAGTAGATGGT
278099181568,6016,False,6016,1,GATAGGACACAC
827867529344,6048,False,6048,1,CTAAGTTGGGTT
552981282944,6112,False,6112,1,TACAGGTGATGT
278099181696,6176,False,6176,1,ACTTTTGGTAAA
274882101440,6208,False,6208,1,TGAGCAAGCTTC
826789593280,6240,False,6240,1,TTAATAGACCTT
3233841152,6272,False,6272,1,TTTGATGTTTTA
277033828352,6304,False,6304,1,TGGTGGTGATAT
278107553792,6368,False,6368,1,GGTGTTAAAAAA
551903346880,6432,False,6432,1,AATATGTTAAGA
274877956096,6528,False,6528,1,TTAACGTACCTA
278111731904,6560,False,6560,1,TTTGGTATGACT
2160099456,6592,False,6592,1,TTTGTTAAATTT
3225419776,6624,False,6624,1,TTAATGTGGTTA
3233857728,6656,False,6656,1,TCTGCATGCTTT
827867529408,6688,False,6688,1,TGTCTTATTATT
827854962688,6720,False,6720,1,CTGATAATAAAG
2155905088,6752,False,6752,1,GCATCAAAGCTT
827867529216,6784,False,6784,1,AGCTTTTAAAAA
274886328512,6816,False,6816,1,GGAGTGTGGTTG
278107521216,6848,False,6848,1,GCGACTATATTT
3229663424,6880,False,6880,1,ATATGCCAATGT
827854946496,6976,False,6976,1,TAGTCTTGTAAC
552977039552,7008,False,7008,1,TTCAGGATGTGG
551903346816,7072,False,7072,1,AGGATTTGATAT
3229614208,7104,False,7104,1,TTGATGTAGTAC
825720094720,7136,False,7136,1,GCATTTGTTGAT
551911702592,7168,False,7168,1,TGTCATTGAATT
825720094912,7200,False,7200,1,ATACGGCATGGT
3225469120,7232,False,7232,1,ATTAGTATTCAG
826793803968,7296,False,7296,1,GTGTTAGGTTGC
552985477120,7328,False,7328,1,TTACCAGCACAT
824633753600,7360,False,7360,1,TATTATTGCCTC
825715884224,7392,False,7392,1,TGTTTAGGCATG
827863384192,7456,False,7456,1,TAGTCTACGTGT
552985477248,7488,False,7488,1,GTGGCATGATAC
552989622272,7520,False,7520,1,AATGGTGGCACT
827854995456,7552,False,7552,1,ATGGAATTGCAT
827863334976,7584,False,7584,1,CAGGTAATACTT
8405056,7616,False,7616,1,CTTGATTTATCT
826781253760,7648,False,7648,1,TCAGCCTACAGA
3233808512,7680,False,7680,1,CGGATGTTAAGC
824646353024,7744,False,7744,1,TGATGATGTTAA
827854995584,7776,False,7776,1,ATAGTAATTTGC
278107553792,7808,False,7808,1,GTGCCTAATATG
277038022656,7872,False,7872,1,CTGTATTTTATG
827867529216,7936,False,7936,1,TGCTAATACTGG
2147532928,7968,False,7968,1,TGTTTGATGTTT
549764218880,8000,False,8000,1,ATGTTTGATGTG
825711706112,8032,False,8032,1,TTTAATAGCAAC
827863384256,8064,False,8064,1,AGGGTACGCAGA
551903346752,8096,False,8096,1,TTTTTAAGCTGT
824633770112,8128,False,8128,1,TGATTCAGATGT
278111731776,8160,False,8160,1,ATTCTGTCATGT
551915880640,8192,False,8192,1,GAATTGACGGAT
551903314048,8224,False,8224,1,GCCAACATATTT
552977039552,8256,False,8256,1,CAGCTGATTTAG
277038006272,8288,False,8288,1,GCTAAGCATGTG
274886344832,8320,False,8320,1,AGCCGGTGTTTC
827863384192,8352,False,8352,1,CTTTTAATCAGC
551915880576,8384,False,8384,1,AAATTGAAGAAA
824633737408,8448,False,8448,1,CTAATGTCTCTG
552989671616,8480,False,8480,1,CTTAAAGGGGGT
827863367872,8512,False,8512,1,TTATGTATGTTT
550829572288,8544,False,8544,1,TTATTGGATTGT
824646320192,8576,False,8576,1,ACAGTACACAAA
826793836672,8608,False,8608,1,TTATGCCAGTTA
825715851456,8640,False,8640,1,TTATTAGAGATG
824633753600,8672,False,8672,1,TTCGCTAACAAA
2160115904,8704,False,8704,1,GTATGAGTCTAC
278099181760,8736,False,8736,1,GTAACAGTATGG
552981233856,8768,False,8768,1,GTAGTAGACCAG
277037973632,8800,False,8800,1,TAATGTCCCTAC
3221225472,8832,False,8832,1,ACCATGTGTTGC
549768396864,8864,False,8864,1,TCTGCTGATGGA
552977088640,8896,False,8896,1,TAGTCAAATATC
825715884224,8928,False,8928,1,GTGGCTGTGTGC
551915896896,8960,False,8960,1,TTTGCAATGGCC
277029585024,9024,False,9024,1,CTCTGTATAGTT
1073791168,9056,False,9056,1,TATAATCTTGCT
278099148992,9120,False,9120,1,GTATTGTGCGTA
824633753600,9152,False,9152,1,AGAGTTGGATTA
3233857728,9216,False,9216,1,TTAATAATGATT
12615872,9248,False,9248,1,ACCTTTTGTGGT
275951681728,9344,False,9344,1,GCTGGTGCTATA
1073791168,9408,False,9408,1,CTTTTGGTGATT
826781253824,9440,False,9440,1,AATGTGATTGTG
826781253696,9472,False,9472,1,GCTTTTTGTGTT
278111764672,9504,False,9504,1,CTTGTGTATATG
275960037568,9536,False,9536,1,ACGCTTTATTTC
1086357632,9568,False,9568,1,AATGCATTTACA
826793836544,9600,False,9600,1,CTATTATGCCTT
550842171584,9632,False,9632,1,ATATCTGTTGTT
3233808384,9696,False,9696,1,CTGTTCGTAGTG
827867529216,9728,False,9728,1,GCTCTTACTACT
824637948032,9760,False,9760,1,TTATTGTAAGCT
552977088704,9792,False,9792,1,TTGCTTTTAATA
826793787392,9824,False,9824,1,AAATATAGGTAT
551907541056,9856,False,9856,1,TGCTGCATATAG
827867545792,9888,False,9888,1,TGGCTAAAGCAA
552981250112,9920,False,9920,1,AATGGTAGTGAT
3233841344,9952,False,9952,1,TGCTTCCGTTTC
827859157184,9984,False,9984,1,GTATTGTGAAAA
3233808384,10016,False,10016,1,GTAGAACCATGT
551915913344,10048,False,10048,1,TAATATGACATT
550833799168,10080,False,10080,1,ATAAGGTCTACT
1086357504,10112,False,10112,1,TCTGCTTCAGAT
826785398912,10144,False,10144,1,AAATTTGTTGTG
278107570368,10208,False,10208,1,GTGATGTCTTAT
550829604928,10240,False,10240,1,TGTTCTTACAGT
278107570176,10272,False,10272,1,CGCCAAAATATA
3221258240,10304,False,10304,1,GGTGAGACTTTT
2160115712,10336,False,10336,1,CGGCAAACCACA
1073774656,10368,False,10368,1,TGCGTAGTAGTT
826793820160,10400,False,10400,1,TTATGCGGATCT
3221258432,10464,False,10464,1,TGCATCAATTGG
824642158592,10496,False,10496,1,ACTGGTACTGAT
825720062144,10528,False,10528,1,TCCTTATAAGGA
12632256,10560,False,10560,1,CCGTTCAGGATT
825720061952,10592,False,10592,1,GTAGCATGGCTT
825715900608,10624,False,10624,1,TTGTAATTGGTT
827867545728,10656,False,10656,1,CTGTTGAAGATT
3233857664,10720,False,10720,1,TATAGATGCTTT
277025390592,10816,False,10816,1,GGGTAGTTGCTC
4210880,10848,False,10848,1,CTAGCGATGTTT
2160115904,10880,False,10880,1,AAGTTACAATCA
824646352896,10912,False,10912,1,AGGCATTGTTTG
549755830464,10944,False,10944,1,TTTTGTTTAGTT
827867529280,10976,False,10976,1,AAATGGACTATG
827863335104,11008,False,11008,1,TATGCTTAGTAT
277038022656,11040,False,11040,1,TTATAAGTTTGG
825715851456,11072,False,11072,1,AAGCATCTTTAT
1073758400,11104,False,11104,1,TGTGCTTTTTAC
2160099392,11136,False,11136,1,TGGTTGTGTACA
275964264512,11168,False,11168,1,GTTTATGCATGG
824633720832,11200,False,11200,1,AGTTGAGTATAC
3225452736,11264,False,11264,1,GTTACATTACGT
826781237440,11328,False,11328,1,CTGTTGTCTCTT
3233857600,11360,False,11360,1,TTAGAGGAAGAA
824642109568,11392,False,11392,1,TCTTTTTGGTAC
274886344896,11424,False,11424,1,TATCTATGGCTG
3229663296,11456,False,11456,1,TGGGTTGCTGTG
824646353088,11488,False,11488,1,TATACCTCAAAT
552977072320,11520,False,11520,1,ATTTGTTTATAG
827863335104,11552,False,11552,1,TGGGGTTTGTTT
551903346688,11584,False,11584,1,TAGAATGCCTTT
12632256,11616,False,11616,1,TTTCAGTACAGG
275960037568,11648,False,11648,1,AATGGATTGCGC
827854995584,11680,False,11680,1,AGCCCTTATGCT
278107570368,11712,False,11712,1,TTGGAGGTGTGC
825720045696,11744,False,11744,1,TTTCAATCAAAA
824646303936,11840,False,11840,1,TATTGTAGCACT
551907540992,11872,False,11872,1,CACTTCTGATCT
827867578560,11904,False,11904,1,TTGCTCAGTTGT
551911702592,11936,False,11936,1,CCAGCTGCTGTG
826781220864,11968,False,11968,1,TATTGAAGAAGT
826793787584,12000,False,12000,1,ACAATACTGTTT
551907524608,12032,False,12032,1,TTTGTTAATATG
278103326720,12096,False,12096,1,CTAGTGGTTCTG
551915913216,12128,False,12128,1,CAGCTAGAGAAA
275955843072,12160,False,12160,1,TGCTTATGAACG
824646320192,12192,False,12192,1,AGTTGGAGCGTA
550829555712,12224,False,12224,1,AATATGTATAAA
827859173376,12256,False,12256,1,GAAGAGTAAGGT
826781253824,12288,False,12288,1,TGCTTTTTAGTA
827854946368,12320,False,12320,1,CAAGCTCTGAAT
3221225536,12352,False,12352,1,GAAGGGTTGTGT
549768429760,12416,False,12416,1,CCAGATAAAAGT
827859189888,12448,False,12448,1,CAATGTCTATGT
275960053952,12480,False,12480,1,GGCAGATTCAAA
824642158592,12512,False,12512,1,ACAAATAAGCAG
2160115712,12544,False,12544,1,TTGTAACTGGCC
827854995584,12576,False,12576,1,GGCATAATGAGG
1086373888,12608,False,12608,1,AATAATGAATTA
825707511808,12736,False,12736,1,TAGTGATGTTGA
1086374080,12768,False,12768,1,TTCTTAAAGATG
277025390784,12800,False,12800,1,GAGTTAGATCCT
824646336576,12832,False,12832,1,AGATGTTAAAGG
552977088512,12864,False,12864,1,ATTTTGTAAAAG
550842187840,12896,False,12896,1,GGCTGGGTTGTT
824637964480,12928,False,12928,1,TAGATTGCAAGC
274890539200,12960,False,12960,1,CTTCCAACTCAT
274877956288,12992,False,12992,1,TTTTCTGTAGAT
826789593280,13056,False,13056,1,ATTGTGTTAAAA
1086341120,13088,False,13088,1,ACCGGTATGGCC
1082163392,13152,False,13152,1,CTGTTTGTATAT
551911686336,13184,False,13184,1,CACCCAGATGTT
2151677952,13216,False,13216,1,CGGCAAGTTTGT
278111731904,13248,False,13248,1,AAGATCCTGTGT
826793803776,13280,False,13280,1,GTTTGTCAAGTT
3233857600,13344,False,13344,1,TTCAGTCAAAAG
549764235328,13376,False,13376,1,TTCGGGGTACGA
552989655232,13408,False,13408,1,CCCTGTGCCAGT
824642158592,13440,False,13440,1,ATTAAGGGCATT
549768396992,13472,False,13472,1,TTGCTGGCATTG
277038006272,13504,False,13504,1,TGCTGCCGTTTT
827867578368,13536,False,13536,1,TGATAAATTAGA
274877939840,13568,False,13568,1,GGACAGATCTGA
278099181568,13600,False,13600,1,GAATGCTATGAG
278111715456,13632,False,13632,1,TGTGGCTGAACA
551907540992,13664,False,13664,1,TAGAAGGTAGTC
12632064,13696,False,13696,1,AAGGATTTAACA
827854995648,13760,False,13760,1,ATTGCATGCTGC
549760057408,13792,False,13792,1,TATGCTGGTTGT
827867529280,13824,False,13824,1,GAAGGATTGGTA
827854995456,13856,False,13856,1,ATATTATTAATG
552989655104,13888,False,13888,1,ATTTTTAATAGA
2147483840,13920,False,13920,1,GTTTGCAGACAA
278099132608,13952,False,13952,1,TAGGCATTTTAA
824646336512,13984,False,13984,1,AATGGTAAATGG
3229663232,14016,False,14016,1,TATTGCAGCCCC
3221274816,14048,False,14048,1,CAGACTCTTATT
275960086528,14080,False,14080,1,CTGACCATGTGT
827863335040,14112,False,14112,1,GTATGTGAATAA
3229614208,14144,False,14144,1,TTGTACAGTATG
12599424,14176,False,14176,1,GAATTGTTTAAT
824637964480,14208,False,14208,1,TATGCCATACCA
550833782976,14240,False,14240,1,AGGATGATCGGT
826789642304,14272,False,14272,1,TTTAACATACTT
550842171392,14304,False,14304,1,TACATGTTTTGG
827863384064,14336,False,14336,1,TTGTGGATGGTG
2160066752,14432,False,14432,1,TGTCTTTAAAAG
278111748224,14464,False,14464,1,GATCCAGCTTTG
8437760,14496,False,14496,1,ATTGTATGATTT
275960037568,14528,False,14528,1,TTGCGGCTATAA
549768413184,14560,False,14560,1,ACAGTTAAACCT
824633737280,14592,False,14592,1,TTATGATTTTAT
278103326784,14624,False,14624,1,AAGAGGGTAGTT
551915913408,14656,False,14656,1,TTCTTTACGCAG
824633770048,14688,False,14688,1,TGATTATAATTA
826793836736,14720,False,14720,1,CCATGGTGGACA
824646336704,14752,False,14752,1,TTGGAAGTTGTT
825711657088,14784,False,14784,1,TGATGGTGGGTG
3221241920,14816,False,14816,1,TTGTTAATAATT
826781204672,14848,False,14848,1,CCATTTAATAAA
3221258368,14880,False,14880,1,TTATGAAGCATT
3225419840,14912,False,14912,1,AAATTTACGCCT
278111715328,14944,False,14944,1,CCAACACTTACT
549760024704,14976,False,14976,1,TATTAGTGCTAA
827854995648,15008,False,15008,1,CTGGTGTTTCCA
274890489984,15040,False,15040,1,AGAATGTTTCAT
826785447936,15072,False,15072,1,AGCAGCTACACG
278099165184,15136,False,15136,1,ATGTTACGTCGC
552977088512,15168,False,15168,1,TCCTGTACTTAT
824633770176,15200,False,15200,1,GTGATCGTGCTA
549755846848,15264,False,15264,1,GGCATGTTGTTC
1077985408,15296,False,15296,1,GACTTGCGAATG
826785447936,15328,False,15328,1,GAAATTGTTATG
274886344832,15360,False,15360,1,TAAGCCTGGTGG
278107570240,15392,False,15392,1,CTACTGCTTTTG
825720094784,15424,False,15424,1,TGTCAAGCTGTT
824633770112,15456,False,15456,1,AATGTCATGCAA
278099165184,15488,False,15488,1,TGAGTATACGTG
2160099328,15520,False,15520,1,TCACATGTGTAT
3221225664,15552,False,15552,1,AACCTTTGTCAC
551903346880,15584,False,15584,1,ATAAGCATTTTA
824646336512,15616,False,15616,1,GATGGCGTTGTG
826781204608,15648,False,15648,1,GTCCAAAGGGTA
827859140672,15680,False,15680,1,TTCAACAGGTAT
824646336512,15712,False,15712,1,TTTATGTCAGAA
275964264512,15808,False,15808,1,GACGATGTCTAT
2155921536,15840,False,15840,1,TCGTATATTAGG
278107570176,15872,False,15872,1,ATTTGTTAAAGA
3221258304,15904,False,15904,1,GAACGATTTGTA
277025390784,15936,False,15936,1,TCCACTTGTGTA
552989622464,15968,False,15968,1,AAAAGGTTTTTC
8388608,16000,False,16000,1,AAGAAGTTGTAC
277037973504,16032,False,16032,1,CTTGGATAGCTA
3229614144,16064,False,16064,1,GTGATGGACAAA
827854979264,16096,False,16096,1,TACAAGAACATG
3233824960,16128,False,16128,1,GCAGAGTGTTGG
827863367744,16160,False,16160,1,CTCAAACATCAT
277029634176,16192,False,16192,1,AGAAAGCCTCTT
549755863232,16224,False,16224,1,CGATCATGTTAT
549768396800,16288,False,16288,1,CCAGGATGTGAT
827854995584,16320,False,16320,1,GTATCTAGGTGG
3233808512,16352,False,16352,1,ATCATAAGCCAC
552989671424,16384,False,16384,1,ATGAATGGTATG
1073741952,16416,False,16416,1,ATCTTGTACAGG
278099165376,16448,False,16448,1,TTAATCGTATAG
3233841280,16480,False,16480,1,GTTGATGATTAC
3225419776,16512,False,16512,1,AGAGCGCTTGAA
12583040,16544,False,16544,1,AAAAGGCGACTG
3221225664,16576,False,16576,1,TATGCATCAGCA
274877907136,16640,False,16640,1,GAAAAGTGAAGC
824646303744,16672,False,16672,1,GTTTTTACTGGC
2147532928,16704,False,16704,1,CAAGACAGTTTT
278107521216,16736,False,16736,1,AGAGTGAGTTGA
824633753728,16768,False,16768,1,GCCACAACCACT
3221225600,16800,False,16800,1,TGTTTTTGTTTT
277033795712,16832,False,16832,1,ATTTAAGTGCTC
552977055872,16896,False,16896,1,TAGTGTGCTTGA
550842138752,16960,False,16960,1,TGCACCGTGCAA
826793836736,16992,False,16992,1,GTCACATCTTGC
549768413312,17024,False,17024,1,ATTGTACAGCAC
549755863040,17056,False,17056,1,AGCCATGCAGCT
824646353088,17088,False,17088,1,AGCATACAAATT
275960070272,17120,False,17120,1,CTCGTATTGTTC
824646336576,17152,False,17152,1,TGCTATGATAAG
549760008320,17184,False,17184,1,TCGTAAGTATGT
827854995648,17216,False,17216,1,TACCTGAGATGG
3225468928,17248,False,17248,1,GATGAAGTTAGT
552985428096,17344,False,17344,1,CCAGCACCACGT
3221274624,17376,False,17376,1,ACTTGAACCTAA
549760008384,17408,False,17408,1,AGCTTATGTGTT
826793787392,17440,False,17440,1,CTTGGTACATGT
277033812160,17504,False,17504,1,ATAAGCTTAAGG
824637915136,17568,False,17568,1,AACACATGAAAG
827854995584,17600,False,17600,1,AGCAGATTTATT
824633753792,17632,False,17632,1,GCTAACCCTTTG
825707511936,17664,False,17664,1,TAGCCCATATAA
551903297600,17760,False,17760,1,TATATATTCACA
1073791168,17792,False,17792,1,CTGTAAATGTTA
2160115904,17824,False,17824,1,ACTCGAGCCAAG
552977039424,17856,False,17856,1,GAGTAATATGCA
274877956096,17888,False,17888,1,TTACTACATTGA
3221225536,17920,False,17920,1,GCCGTTGAAACG
824633769984,17952,False,17952,1,TTTATTTAAAGA
8388736,18016,False,18016,1,GCAGTAGATGAC
826793787584,18048,False,18048,1,TTTAGCCGTGTG
274877923392,18080,False,18080,1,CTGTTACATATT
824633720960,18144,False,18144,1,TTGTAAGCTTTT
552985460928,18176,False,18176,1,TTAAACGCGTGC
275951648960,18240,False,18240,1,TGGGACAAATTT
551915929728,18304,False,18304,1,GGTTTGTTTGCT
549760057472,18336,False,18336,1,TAAAAAGGCTGT
1077985408,18368,False,18368,1,AACAATTTAAGC
824646303808,18400,False,18400,1,AGAGGTCAGCGC
551903346688,18432,False,18432,1,AATAGTACAAAT
552981282816,18464,False,18464,1,ATCTGTCTGATT
552989638784,18496,False,18496,1,GCAGCCAACTTT
1073758400,18528,False,18528,1,CTTTGCAAAAGT
824646353024,18592,False,18592,1,TCTAGAACTGGT
827867578432,18624,False,18624,1,TAGTGTTACATG
824646336704,18656,False,18656,1,TTATTGTTGATA
824646352960,18752,False,18752,1,CTGATGCTATAA
824646303872,18784,False,18784,1,TATGATTGTTTT
274882150592,18816,False,18816,1,TGTGGAGTATCC
278107570304,18848,False,18848,1,GTATTAATACCT
550837993472,18880,False,18880,1,GTTATGCTTAAA
826793803840,18912,False,18912,1,ATATACTTTGTG
550837993664,18944,False,18944,1,AAGCGATTGCCT
549755846656,18976,False,18976,1,AAGTTCTATGAT
824642158784,19040,False,19040,1,ATAAGGACTCTT
3233857600,19072,False,19072,1,TTTTGGAACTGT
12599296,19104,False,19104,1,GAATGCAGTTGT
278107521216,19200,False,19200,1,CCACACTAAACC
277038022848,19232,False,19232,1,AGCATTTGAAGC
827867562112,19264,False,19264,1,TCAGATACGCCT
551903297728,19296,False,19296,1,GGATGCTAAGCA
550829588672,19328,False,19328,1,AATCCGCCACTT
827854979072,19360,False,19360,1,GGTGGTGCAGTT
277029601280,19392,False,19392,1,GTATCGTGAGTA
552989655104,19424,False,19424,1,CTACTACAGCAG
824646352896,19456,False,19456,1,AAGACATTTGAT
12615808,19488,False,19488,1,GTTCACCAAGCT
552989655232,19552,False,19552,1,GGACAGGCTGGT
827854946304,19616,False,19616,1,AGGATGTTGTCA
825707462720,19680,False,19680,1,CAAGCGCAGTAT
2147483776,19712,False,19712,1,AGCTCTTTAGAA
2160099456,19744,False,19744,1,TGGAAGCACGTC
274882150528,19776,False,19776,1,AAGTATATTTTG
824646336512,19840,False,19840,1,TTGAATGTCCTT
824642158592,19872,False,19872,1,TGCTCTTGAAGC
277025439872,19904,False,19904,1,GCGTTTACATTT
2147500096,19936,False,19936,1,CTTTCGATGATA
2147516544,19968,False,19968,1,ATTAAATGGCGT
552981233664,20032,False,20032,1,AAAGAGGGTCAG
4210688,20064,False,20064,1,CGACAGCCTGAG
826781204544,20096,False,20096,1,CACAAGGTAATC
12615744,20128,False,20128,1,AATGTCGGTGGT
8437760,20160,False,20160,1,CACTATCTTTAC
552977039360,20192,False,20192,1,CTTTTACATGTC
551903314048,20256,False,20256,1,GAAGTATGGTTT
552977039488,20288,False,20288,1,ACATTGTTTATG
278099165376,20320,False,20320,1,ATTGGTGGTTTG
3221258240,20352,False,20352,1,CCGAAGACAGCA
275964264448,20384,False,20384,1,AGGAGTTTGTTT
8388736,20416,False,20416,1,TCTTATTTTATC
824646303744,20448,False,20448,1,TAGTAAGAGTGT
826785448064,20480,False,20480,1,TGTTGGATGATT
3221274752,20576,False,20576,1,TGCTTTGGTGTA
824646352896,20608,False,20608,1,TTCTATCCTCGT
824637915328,20640,False,20640,1,GAAGCCTGGTTA
274886328512,20672,False,20672,1,AGTATTTGAATT
549768446144,20736,False,20736,1,TACAGGCTGTAT
3221241856,20768,False,20768,1,CTCAGTTATGTC
549764235456,20800,False,20800,1,TTAGCTGTACCT
826781204608,20832,False,20832,1,TTTAGGTGCAGG
827859173504,20864,False,20864,1,CGGGTTCTGCAG
3229630656,20960,False,20930,1,CATTTGTGAGTG
3225452672,20992,False,20962,1,GGGGATTGTATA
3221258368,21024,False,20994,1,ATGGGATTTGAT
551911735296,21120,False,21102,1,CAAGTTAGCTCT
827854962688,21152,False,21134,1,AAATAACAGAGT
549768446080,21184,False,21166,1,TATAAGTTAATG
2147532992,21216,False,21198,1,GGTTTTCTGCAC
827854946496,21248,False,21230,1,GTGAAGGGTTTT
549755846656,21280,False,21262,1,GGTAAGCCCAAG
277029634112,21344,False,21327,1,CACAGTTTGGAA
552981282944,21440,False,21423,1,GATTAATGATAT
827863351488,21472,False,21455,1,AGGGTAAACTAC
549768429568,21504,False,21487,1,GAAGTTTTTGTT
1073742016,21568,False,21551,1,CAGACAAGCCTA
1086341248,21632,False,21615,1,TAAAGGTTTACA
824637931712,21792,False,21775,1,TTTCAGATTAAA
3221274752,21824,False,21807,1,AGGAAGATGCAT
3233857728,21856,False,21839,1,TAGAAGAATTGC
551915913216,21888,False,21871,1,ATTCGTGATAAA
827859173568,22048,False,22031,1,CTAGACTTGAAA
1086324736,22112,False,22095,1,CCACTGGATGGG
49280,22144,False,22127,1,CACCCACTGATA
12583104,22240,False,22223,1,ATGCTTGGTTTA
827854979072,22272,False,22255,1,AACAATTCTTGG
551915880448,22336,False,22322,1,TAGATTGTAATT
826793787392,22464,False,22450,1,CTACCAATGTTG
549768445952,22496,False,22482,1,TGGTTTTTATTT
824633737216,22528,False,22514,1,TAATCATGTTGT
3225436288,22560,False,22546,1,ATTCTTATATGG
552977088640,22624,False,22610,1,CTCCATTTTTAG
275960037376,22656,False,22642,1,TTTATAATTACA
4243456,22720,False,22706,1,TCATGCCTTTAA
826781237376,22752,False,22738,1,ATGATATTTGGA
824646336704,22784,False,22770,1,TACACTCAGGTT
826781204672,22816,False,22802,1,TCGCAGCCTTAC
3233808384,22880,False,22866,1,TGTAAATCTGGT
826785448064,22912,False,22898,1,TGCATATATAGC
3229614272,22944,False,22930,1,ATTATTATTATA
549768429632,22976,False,22962,1,TTGTCAGGTTGT
3225419968,23040,False,23026,1,CAAAGTATTATG
552989655232,23072,False,23058,1,AATAAAGACACT
274882150528,23104,False,23090,1,TTCTACTGAAAC
1086341312,23168,False,23154,1,AATTATTTAGCC
826789593280,23232,False,23218,1,AGCGTAAGGATT
552989655040,23360,False,23346,1,GTTGGTGTTTAT
275960086720,23392,False,23378,1,TGGTTTTACTAG
3225452672,23456,False,23442,1,TTTAGGTATGAT
278107537600,23520,False,23506,1,CTGATATTAATA
275964281024,23552,False,23538,1,GTGTATGATCCG
827854995648,23616,False,23602,1,TAGTTTTGTTGT
274890490048,23648,False,23634,1,GGTACTAGGCTG
827867529280,23680,False,23666,1,CTAAACATGTTT
827863384256,23808,False,23794,1,CGATGTTACTAA
827854962816,23840,False,23826,1,TTTTAGATCGTG
824646353024,23872,False,23858,1,TTGCTTAATGGT
826793820160,23904,False,23890,1,TACATATCGTAA
551907508224,24032,False,24018,1,GTGTAATGTATA
827867578368,24064,False,24050,1,ATAGGTAGTACT
1077952704,24096,False,24082,1,TGTGGTAGTACA
3225468992,24160,False,24146,1,GTTTGCCAGTAT
552985444544,24224,False,24210,1,GCGTAGAACTAT
824646352960,24256,False,24242,1,GTTTCCTGTTTA
552989622272,24320,False,24306,1,TTTATCAAGAAG
552989622464,24352,False,24338,1,TTTACAGACACT
826785431744,24384,False,24370,1,GTTTAATGTTTA
827863384256,24512,False,24498,1,AAGATGGTGTTA
2155872384,24544,False,24530,1,AAGAGTGATTTT
1077985408,24576,False,24562,1,AACACTATCTAT
550837944320,24608,False,24594,1,ATGAATTAAACG
277025390784,24640,False,24626,1,GCAGATGTTTAC
274877939712,24704,False,24690,1,AGTCGGTGCCCT
2160066752,24736,False,24722,1,AAGACCTTTTCA
824633721024,24768,False,24754,1,CAGCCTGATGTC
3229630592,24800,False,24786,1,TTACTTGTAATA
825711657152,24832,False,24818,1,TATGGTATGTGT
552985428096,24896,False,24882,1,ACCTACAATTGG
552977039488,24960,False,24946,1,AAGTTGTCAGTT
825720045760,24992,False,24978,1,CTAATGTTTCTG
3233808384,25024,False,25010,1,ACTTGGAATAGG
552985427968,25152,False,25138,1,TAAATTGGATGG
3233808576,25184,False,25170,1,GTCCTGGTATAG
826785398912,25248,False,25234,1,TTTAACTTGCCA
824633753792,25408,False,25394,1,AATCCTTGTACT
827863335040,25440,False,25426,1,GGGTTGGTCTGT
827854995648,25472,False,25458,1,ATAGGTGTAATA
2160115776,25504,False,25490,1,CATGATGTTAAT
4210688,25536,False,25522,1,TGATTTACAAAA
827863384256,25568,False,25554,1,TTGGTGTTTGTG
824642142272,25632,False,25618,1,TGCGACTTATTA
3225419968,25664,False,25650,1,TATATGATTCTA
49344,25696,False,25682,1,AGAGACTACTTA
826789642368,25728,False,25714,1,TCGTAGTTGCTA
3229630464,25760,False,25746,1,CCTTTCATGCTA
4243648,25792,False,25778,1,CTATTTCGGAAT
2160066752,25888,False,25874,1,GTCAATGCTGAT
824646353024,25920,False,25906,1,TCAAACATGTGA
3221258240,25952,False,25938,1,ACTGTGTGGATT
12632192,26016,False,26002,1,TAATTTTGAGCC
3229646976,26048,False,26034,1,ATGATAGTTTAG
275960037568,26080,False,26066,1,GAAATTCAAATA
549755814080,26112,False,26098,1,TAATATGGAGGA
827867545792,26144,False,26130,1,CTAAAGTTACTA
550842187776,26176,False,26162,1,TGTGGTGATTAT
827863351296,26208,False,26194,1,GGTTGAATATGG
274877906944,26240,False,26226,1,ATGCTATACTCA
824633720960,26272,False,26258,1,GACACTACACAG
275960086592,26304,False,26290,1,AATGAATGGTGT
1082130496,26336,False,26322,1,AAGATGGCGTTA
552989671552,26368,False,26354,1,AATTTTTCCCCT
827863384064,26464,False,26450,1,TCTGATGTCGGT
826793820224,26496,False,26482,1,TTGTACTGGAGG
275951665344,26560,False,26546,1,TTGCCTCCACTG
551907540992,26592,False,26578,1,TGGATACACTTT
827854962880,26720,False,26706,1,AAAATCAAAAGC
827867529280,26784,False,26770,1,TGCTACCAATTC
278107537600,26816,False,26802,1,CTGTTGTTAATG
278111715520,26848,False,26834,1,AACTTATTGCAA
827854946368,26880,False,26866,1,TGCTATAAGTTC
278107521216,26912,False,26898,1,CTAGACTGGATG
8405056,26944,False,26930,1,ATAGACAGACTT
549755846656,27040,False,27026,1,GCTATGGAGAAG
549768445952,27072,False,27058,1,CCAATCATCTAG
824642109632,27104,False,27090,1,GTAATCATATTA
827859189888,27136,False,27122,1,CCATATGGTTTG
551907524736,27168,False,27154,1,TGTCCCTACTAA
2160099328,27232,False,27218,1,ATAGCCCCTAAG
552981282944,27264,False,27250,1,AAATAATACTTG
1086357504,27328,False,27314,1,GTTGTTGTTATG
551915913216,27360,False,27346,1,TACTAAAGCGCC
827867529216,27392,False,27378,1,CAACACCCAACC
824637915200,27424,False,27410,1,TTGGATCAATGG
550829604864,27456,False,27442,1,GGCACCAGATTT
8388736,27488,False,27474,1,TTACATTCTTGG
552977088512,27520,False,27506,1,AGGTTACAGGAG
824633769984,27552,False,27538,1,GAGCTACATCAA
824637948096,27584,False,27570,1,ATGAGTATTATG
552989655104,27616,False,27602,1,TGGCTTTTAATT
3233824960,27648,False,27634,1,GCTTGTTTTACT
278111715328,27680,False,27666,1,CAGGATGTGGGA
549768429568,27712,False,27698,1,GGTGGTTGTTGT
824637964416,27744,False,27730,1,GGAGTTAGTAAT
552985444352,27776,False,27762,1,AAGTTCGTCTTT
274877939776,27808,False,27794,1,TATATTACATCC
826789593280,27840,False,27826,1,TTATAAGACCCA
1086374016,27872,False,27858,1,ATAGCTACCACA
552981282880,28032,False,28019,1,ACTAGCACCACT
12582912,28064,False,28051,1,GTACTAGTTCCA
826785398912,28192,False,28175,1,TACTAACGGTTT
3233808576,28224,False,28207,1,ATGCTTGTTTTA
826793787392,28256,False,28239,1,AAAGTAGGATAT
826789642368,28288,False,28271,1,TTGGTGCCGTAA
1086324928,28320,False,28303,1,CACTCACTCTTT
552977072320,28352,False,28335,1,GATAAATATTTT
826785431744,28480,False,28464,1,TGATGCTTATTT
827863351488,28512,False,28496,1,TGGGGCAAATAA
3221258432,28544,False,28528,1,TTATTGGTTATA
3233808576,28576,False,28560,1,GGCAACTTTTAA
274882117824,28608,False,28592,1,GTATGTGTAATA
2160083136,28640,False,28624,1,ATTTATGTGTTT
3233857536,28704,False,28688,1,TTGATGTGGATG
827859156992,28736,False,28720,1,TTATGAGTAGTG
549755813888,28768,False,28752,1,TACACCTGGACT
552981266432,28800,False,28784,1,CCTAAAGGAATG
824633769984,28832,False,28816,1,TACTACTTTTTA
277033811968,28864,False,28848,1,GGATATACAAGT
824633770176,28928,False,28912,1,CCCTTACTATCA
8405120,28960,False,28944,1,GTGTATGCGTTG
3221258304,29024,False,29008,1,TGTGGATTGTGT
2160115840,29056,False,29040,1,TTGTTTATTAGA
12615680,29088,False,29072,1,CAACCCAGAAAC
551911719040,29120,False,29104,1,ATATGAAGGGAA
275964264512,29152,False,29136,1,ATTGAGGACTAC
827867529216,29184,False,29168,1,AATACGTGGTCA
552989638848,29216,False,29200,1,AACTAGGTACTG
3233841216,29248,False,29232,1,CCAGCTTATGTG
825715900544,29280,False,29264,1,CCTGCTCACGTA
278111731904,29312,False,29296,1,AGATAGGCGATA
551915897024,29344,False,29328,1,GTTAAGTCCAAA
552985460736,29376,False,29360,1,ATCAACCCAAAA
3233824768,29408,False,29392,1,CATTGTTGAGAA
277033828480,29440,False,29424,1,ATGTCTTTTACT
550833766464,29504,False,29488,1,GCATCCTTAAGT
275960037504,29536,False,29520,1,TCTAGAAATGTT
2151727168,29568,False,29552,1,TCAACCCAAGCA
3225419968,29600,False,29584,1,CATCAGGAGGGA
1082146816,29632,False,29616,1,TGGTTCTCTGGA
2147483776,29664,False,29648,1,AAAGGAGTTTGA
274882117824,29696,False,29680,1,TGCCTATTGCAC
824633720960,29728,False,29712,1,GCTAAGGGGTAC
275951665152,29824,False,29808,1,GGAACAGGACCG
1073758400,29888,False,29872,1,GTAACCAGGCTG
550842171392,29920,False,29904,1,ATTCTCGATCGG
550833766528,29952,False,29936,1,TATTCCGACTAG
3229646848,29984,False,29968,1,TCCCTCAGGGTT
1073741888,30016,False,30000,1,AGGTCTGCTCCT
3229614272,30048,False,30032,1,CGCATCCAGTAG
1086357504,30112,False,30096,1,ACCTCTGGTGTA
825711657088,30144,False,30128,1,AATTGCTAGTCT
552977039552,30208,False,30192,1,CAGACTGCCAAA
826793836672,30272,False,30256,1,AACAATGCACTG
274890522752,30304,False,30288,1,AGAGGCCCCAAT
274886311936,30368,False,30352,1,TCCCCATTCTTG
826781253632,30400,False,30384,1,GGTGCGTTTTTC
552981266496,30432,False,30416,1,GGCCAAAGTGCA
3233808512,30464,False,30448,1,ACGAGCCCCAGA
549768429760,30528,False,30512,1,TTCAGGTTTTGA
549764202624,30624,False,30608,1,TCAGCGTGGTCA
552985444352,30656,False,30640,1,ATGATAATATAA
12615872,30688,False,30672,1,CGTGTGCAGCAA
275964264448,30720,False,30704,1,TGCAGAGGACAT
274882101376,30784,False,30768,1,TAAGAGAATGAA
4210880,30848,False,30832,1,CTCTCTATCAGA
549760024576,30880,False,30864,1,ATAGATAGAGAA
3229663360,30912,False,30896,1,TAATTAGTTGAA
32768,30944,False,30928,1,AGTGTTGGAGAA
275964280832,31008,False,30993,1,CATGTTAAGTTA
826781237376,31040,False,31025,1,GAATGAAGTTAA
