12632256,32,False,51,1,CCAGGAAAAGCC
825711657152,64,False,83,1,AGATCTGTTCTC
825707479232,96,False,115,1,TGTAGCTGTCGC
192,128,False,147,1,CCTACGCAGTAT
2147500096,160,False,179,1,GTCGTTGACAAG
275964281024,192,False,211,1,TTCTGCAGACTG
274882134080,224,False,243,1,GCAGTCGATCAT
2155905152,256,False,275,1,CGGGTGTGACCG
277025390720,288,False,307,1,TGTTCTTGGTGT
275955892224,320,False,339,1,AACTCAGTTTGC
552985477312,352,False,371,1,GTGCTAGTGCGT
551911686208,384,False,403,1,AGAGGCCCTATC
552985428096,416,False,435,1,AAAATGGCACTT
274890506304,448,False,467,1,AAAGGCGTACTG
3221241856,480,False,499,1,TGTGTTCATTAA
2155872384,512,False,531,1,CCAATCACGGCC
552985460864,544,False,563,1,GCAGAAATGGAC
551915913280,576,False,595,1,CGGTATAACACT
278111748288,608,False,627,1,TGGGCGAAACCC
2160099392,640,False,659,1,CTTCTTCGTAAG
824633721024,672,False,691,1,TGGTCATAGCTA
2155888832,704,False,723,1,ATGACTTAGGTG
549760008256,736,False,755,1,ATTGAAGATTAT
825715851264,768,False,787,1,GCATGGCAGTGG
552985444416,800,False,819,1,GTGAGCTCAATG
826785431680,832,False,851,1,GTCGACAACAAT
274877956224,864,False,883,1,CCCTCTTGATTG
277025439808,896,False,915,1,GCGCGGGCAAGT
8388736,928,False,947,1,CAACTTGATTAC
825707511808,960,False,979,1,CTACTGCTGCCG
1082130496,992,False,1011,1,CCTGGTTCACTG
278099132544,1024,False,1043,1,GAGCACCAGACA
278099165376,1056,False,1075,1,CAAGAAATTTGA
827854962688,1088,False,1107,1,CAAAGTTTGTGT
277037973504,1120,False,1139,1,AAAGTCATTCAA
277033779392,1152,False,1171,1,GACTGAGGGTTT
278103326912,1184,False,1203,1,TGTACCCTGTTG
825715851392,1216,False,1235,1,AATATGCACTTG
3229647040,1248,False,1267,1,TCATTGCGATGA
278107521216,1280,False,1299,1,ACTTTCTGAAAG
552977055808,1312,False,1331,1,ACTGAAAATTTA
49280,1344,False,1363,1,ATGTGGGTACCT
275955843072,1376,False,1395,1,AAATGCCATGTC
277038006272,1408,False,1427,1,ATTGGACCTGAG
277029584960,1440,False,1459,1,CAACCACTCAAA
274890522688,1472,False,1491,1,AGGGAGGTAGGA
551907491840,1504,False,1523,1,GTGTTTGCCTAT
825711706240,1536,False,1555,1,TGCCTACTGGGT
3221242048,1568,False,1587,1,TTGGCTCAGGCC
824642126016,1600,False,1619,1,AATGTGGAGACC
825720061952,1632,False,1651,1,GATACTGAGTCG
827854946432,1664,False,1683,1,TTGTTGGCGATT
550833782848,1696,False,1715,1,GCCATCATTTTG
824646336576,1728,False,1747,1,AAGTGCCTTTAT
824633770112,1760,False,1779,1,ATTACAAGTCTT
3225452544,1792,False,1811,1,TGCGGTAACTAT
824646303808,1824,False,1843,1,CGTAAAAGGTGC
274890522816,1856,False,1875,1,GATCAGTTTTAA
552981283008,1888,False,1907,1,TCACAGGCTGCT
826785415360,1920,False,1939,1,TGCGCGCACACT
8437824,1952,False,1971,1,TTCCTGATTTGC
824642158720,1984,False,2003,1,CTTGATGGTATT
552981233728,2016,False,2035,1,TGTCGACGCCAT
827854962880,2048,False,2067,1,TCACCAACAGTG
549764251648,2080,False,2099,1,ACTGGTGGTCTT
826785448064,2112,False,2131,1,GTTGTCTAATCT
827867578496,2144,False,2163,1,AACTCAGGCCTA
552977055744,2176,False,2195,1,AAACTTAGTGCA
824646320128,2208,False,2227,1,TGCTTGGGAGAT
825715851264,2240,False,2259,1,GTGTTTTTGACA
3229663424,2272,False,2291,1,GTTGCTTCAGAT
826781237312,2304,False,2323,1,ATGCTTCATTGA
49344,2336,False,2355,1,AAATGTGCATTG
827859173376,2368,False,2387,1,GCAAAGTTGCGA
8437824,2400,False,2419,1,CTTCATCGCTCA
551907540992,2432,False,2451,1,AGTGTATACGTG
1073774784,2464,False,2483,1,CTCATGCCTCTT
827854962816,2496,False,2515,1,CTTTCTTGAAGG
3225419840,2528,False,2547,1,TTACCTCTGAGG
274886328320,2560,False,2579,1,GAACTCGAAGCA
12599360,2592,False,2611,1,CTTCACAAATGG
550833799296,2624,False,2643,1,TCTGTGTAAATG
274882150464,2656,False,2675,1,AAGGACAAAGAA
824633737280,2688,False,2707,1,TGGTTTACTGGC
274877939712,2720,False,2739,1,TAAAAGGGGGTG
3229646848,2752,False,2771,1,TTTGGAGAAGAT
549760057408,2784,False,2803,1,TTACAAGAATGT
4194304,2816,False,2835,1,ATGAACGTGTTG
3221258304,2848,False,2867,1,TGCTCTGTCTAC
827867529344,2880,False,2899,1,AGTTACTGAGTT
274882150592,2912,False,2931,1,CTGTTGTGAAGA
2160082944,2944,False,2963,1,CTCCTTACCAAC
827854946432,2976,False,2995,1,GTGGAGTGTAGC
1086341312,3008,False,3027,1,ATGCTGGTGAAG
825707495424,3040,False,3059,1,TATTGTTCCTTT
3221225600,3072,False,3091,1,AGAGGACGATGC
549764202688,3104,False,3123,1,TTGATGAAACCT
277029601280,3136,False,3155,1,GAGGATGATTAT
1077936320,3200,False,3219,1,AAGAAGAAGAGG
552985460800,3232,False,3251,1,ACTGAGCAATCA
1086374080,3264,False,3283,1,ACCTACACCTGA
3229614272,3296,False,3315,1,CTGGTTATTTAA
552989655104,3328,False,3347,1,ATTAAATGTGTT
826793787520,3360,False,3379,1,AAGTGCTAATCC
824642142400,3392,False,3411,1,CTAACATACACC
128,3424,False,3443,1,GCAGGTGCACTC
551903313920,3456,False,3475,1,CATGCAAAAGGA
824642142400,3488,False,3507,1,TAAATGGCCCTC
274890489856,3520,False,3539,1,TTGCTTTCTGGA
825707462784,3552,False,3571,1,TCTGCATGTTGT
3221241856,3584,False,3603,1,GTGAGGACATCC
824637964480,3616,False,3635,1,GAAAATTTCAAT
2160115840,3648,False,3667,1,ACCATTGTTGTC
274886328448,3680,False,3699,1,AACCACTTCAGT
278111748288,3712,False,3731,1,ACGGTTCGTACA
826781253632,3744,False,3763,1,TGACAAAGCTCT
2151710848,3776,False,3795,1,ATTATCTTGATA
549755813952,3808,False,3827,1,GCACCTAAACAA
826781253760,3840,False,3859,1,AGATTCCAAAAC
2151678144,3872,False,3891,1,AGAAGCCTGTCG
552981233856,3904,False,3923,1,GCCTGCATTGAT
824633753664,3936,False,3955,1,AGAAACTAAGTT
827854995520,3968,False,3987,1,TGTTTGCTGATA
3221258240,4000,False,4019,1,GATTCTCAGAAC
551907540992,4032,False,4051,1,GTCTTTCCTTGA
827863334976,4064,False,4083,1,TAGGTGATGTTA
275951681664,4096,False,4115,1,TGTGTTGTAATA
552985477120,4128,False,4147,1,CACTACTGAGAT
2147500160,4160,False,4179,1,AAGTGCCAGTTG
825720045760,4192,False,4211,1,CCTGGACAAGGA
825707462656,4224,False,4243,1,GGAAGCTAAGAC
824646303744,4256,False,4275,1,CTGCATTTTATG
552977039552,4288,False,4307,1,AATGCTAAGGAA
12632192,4320,False,4339,1,CTGGAATTTGAG
4243520,4352,False,4371,1,AAGAGACAAGAA
3221225472,4384,False,4403,1,GATGTTAGAGCC
12583040,4416,False,4435,1,TAAGTATAAAGG
550842187968,4448,False,4467,1,TCGTTGACTATG
278111715520,4480,False,4499,1,ACTAGTAAAGAG
824633753728,4512,False,4531,1,GAAGCTGAACTC
552977039552,4544,False,4563,1,CAATGCCAATTG
550833750144,4576,False,4595,1,AATCTTGAAGAG
826793787584,4608,False,4627,1,TCTTAAAGCTCC
827867529216,4640,False,4659,1,CACCAGATGCTG
824633753600,4672,False,4691,1,CTCACTTCGTCA
3233857728,4704,False,4723,1,CTTTGTAGAAAC
278107521216,4736,False,4755,1,ACAGAGATTGGT
552989638784,4768,False,4787,1,GAGTTAGGTGTT
274890522688,4800,False,4819,1,CAAAATTGTGTA
825715900608,4832,False,4851,1,TCGAGTTTCATC
2151727296,4864,False,4883,1,CTTGACAAACTA
824646320128,4896,False,4915,1,GGAGGTTAAGAC
1073742016,4928,False,4947,1,TGGACAACACTA
16576,4960,False,4979,1,GATATGTCTATG
551907540992,4992,False,5011,1,TCCAACATACTT
4194496,5024,False,5043,1,AAATTAAACCTC
275964264512,5056,False,5075,1,ACTTTCTTTGTA
826781220864,5088,False,5107,1,ACGTAGTGAAGC
827854946432,5120,False,5139,1,TTGATGAGAGTT
192,5152,False,5171,1,GCTTTAAACCAC
824637964480,5184,False,5203,1,TCAAGTTGGTGG
552989655232,5216,False,5235,1,CTGATAACAATT
278099132608,5248,False,5267,1,TTAGCACTTCAA
826785447936,5280,False,5299,1,TGCACCAGCACT
3221274816,5312,False,5331,1,CCCGTGCTGGTG
826793787584,5344,False,5363,1,CTCATACTCGCT
824633769984,5376,False,5395,1,CGAGCTTGGTGA
3233808576,5408,False,5427,1,ATCTTCTACAGC
3229614080,5440,False,5459,1,AAGCGAGTTCTT
824646336640,5472,False,5491,1,TGGTCAGAAAAC
2147532992,5504,False,5523,1,AAGCTGTGATGT
2160066624,5536,False,5555,1,GATAATCTTAAG
826785398848,5568,False,5587,1,TGTGTGTGGTCG
278107570304,5600,False,5619,1,TACAACAAGAGT
549755830272,5632,False,5651,1,GCACCACCTGCT
824633737344,5664,False,5683,1,TACATTCTTATG
552977039360,5696,False,5715,1,ACTATCAGTGTG
274890522752,5728,False,5747,1,GCTAAGGAGACC
552977055872,5760,False,5779,1,TCACCTTACAAA
825707462656,5792,False,5811,1,CAGTGACTGATG
12632064,5824,False,5843,1,TACACTACAACC
827859173504,5856,False,5875,1,ACTCGATGGAGT
552977039552,5888,False,5907,1,CAAAATTGGATG
549768429760,5920,False,5939,1,GCTTACTATACA
1073774784,5952,False,5971,1,ACCAACTCAACC
824646303744,5984,False,6003,1,ATAATTTCAAAC
824633720960,6016,False,6035,1,TTTGCTGATGAT
825707462784,6048,False,6067,1,CACAAAGCCAGC
2155872256,6080,False,6099,1,CATTCTTCCCAG
12615808,6112,False,6131,1,GCTATTGACTAT
827867578432,6144,False,6163,1,CAAGAAAGGTGC
825715867712,6176,False,6195,1,TTGTTTGGCACA
274890539200,6208,False,6227,1,ACAACGTTCAAA
824637915136,6240,False,6259,1,TTGTCTTTGGAG
3229663232,6272,False,6291,1,CAAATTCATTTG
549768445952,6304,False,6323,1,ACACAAGGAATG
277025390720,6336,False,6355,1,TCAACAACCCAC
2155921536,6368,False,6387,1,ATCCTACCATAC
12615680,6400,False,6419,1,GACGTGAAAACT
2147532800,6432,False,6451,1,CATACTTAAACC
827863335104,6464,False,6483,1,TAACACAAGAGT
549755813952,6496,False,6515,1,GCTGCTTATGTG
825711657152,6528,False,6547,1,TAAGAAACCTAA
825711689920,6560,False,6579,1,GTTTAAAAACAA
550837944512,6592,False,6611,1,GCAATTAATAGT
3233808512,6624,False,6643,1,GGCTTATGTCAA
278107521024,6656,False,6675,1,CAATTACAACAT
824646303808,6688,False,6707,1,GCACAACGTGTG
3221258240,6720,False,6739,1,TGTGTTTACATT
278099181568,6752,False,6771,1,TTACTAAAAGTA
3233808512,6784,False,6803,1,TCACTACCTACA
827863367808,6816,False,6835,1,TAAGAGTGTTGC
826785398976,6848,False,6867,1,GCATTAATTATG
1082147008,6880,False,6899,1,AAATTGTTCACA
277029585088,6912,False,6931,1,GTTAAGTATTTG
827859189952,6944,False,6963,1,TAACTGCTGCTT
824646336704,6976,False,6995,1,TTTGGTGCTCCT
827859156992,7008,False,7027,1,AGAATTGTATCT
549768446144,7040,False,7059,1,CTATGGATTTCT
2147532992,7072,False,7091,1,AGCATTTGTTTA
826785448064,7104,False,7123,1,TTCTTATCCAGC
2155921408,7136,False,7155,1,CGATTTCATCGT
549764251712,7168,False,7187,1,TTAGGTCTGGCC
3233857728,7200,False,7219,1,TATGTTGTTCAC
826789642432,7232,False,7251,1,GTCTTTCAGCTA
278103326784,7264,False,7283,1,TATTTTGCTAGT
824642158656,7296,False,7315,1,GCTCATGTGGTT
274886328448,7328,False,7347,1,TGGCACCCGTTT
827859140736,7360,False,7379,1,ATCTTCTTTGCT
824633769984,7392,False,7411,1,GAGCTATGTTCA
826793787456,7424,False,7443,1,CTTCGACTTGCA
549768396992,7456,False,7475,1,CGTGCCACACGC
552989671616,7488,False,7507,1,TAATGGCATGAA
550842138816,7520,False,7539,1,CAAATGGAGGCC
274890490048,7552,False,7571,1,AATTGGAATTGT
8437888,7584,False,7603,1,CACTGGTAGTAC
275964231680,7616,False,7635,1,CTCGTGATTTGT
549755863232,7648,False,7667,1,ATCAACCCTACT
824633737280,7680,False,7699,1,TGATAGTGTTGC
2155872384,7712,False,7731,1,ACCTCTACTTTG
278103376064,7744,False,7763,1,TATGAGAGACAT
551903313920,7776,False,7795,1,TTTAGACAATTT
827854995648,7808,False,7827,1,GTTCACTGCCTA
824642142272,7840,False,7859,1,GGCAAGTCCAAA
552985460736,7872,False,7891,1,GTCTGCTTCTGT
826789593280,7904,False,7923,1,GCCAACCTATTC
549768429760,7936,False,7955,1,GTATCAGACGTT
826781220864,7968,False,7987,1,CGTTAAGATGTT
827859189760,8000,False,8019,1,TTTCAGCAACTT
550829572224,8032,False,8051,1,CTTAAGGCACTT
826793836672,8064,False,8083,1,GTTAGCAAAGGG
824642142208,8096,False,8115,1,TTTCTACATTCG
552981233664,8128,False,8147,1,GTTGTTGATACC
275955892416,8160,False,8179,1,TATTGAATGTCT
278099165248,8192,False,8211,1,ACTTAGAAGTGA
824642142208,8224,False,8243,1,TTCATGCTCACC
826785448064,8256,False,8275,1,GACGCCCAGAGA
1082130432,8288,False,8307,1,GTAATGCAAGGC
550833799168,8320,False,8339,1,AAAAGTCACAAT
552981233728,8352,False,8371,1,AAAAGACTACAT
552985428096,8384,False,8403,1,GTAAACAAATTC
3233841216,8416,False,8435,1,AACATACCTTTT
277038022656,8448,False,8467,1,TAGACAGGTTGT
552977088704,8480,False,8499,1,TCTCACTCAAGG
3229614272,8512,False,8531,1,TGTTTTAAACTT
827867578368,8544,False,8563,1,GTGCGTTCTTGC
552989671424,8608,False,8627,1,GGTTACACAAAT
824642125824,8640,False,8659,1,CATTCAGGATGG
552977039552,8672,False,8691,1,CTACTGATGATT
827859157120,8704,False,8723,1,GGTTTTGACGCA
824642125952,8736,False,8755,1,TTCATACAAAAA
824642158784,8768,False,8787,1,TAGCTGCTATCA
825720078528,8800,False,8819,1,ATAGTGCCTGGC
827867578432,8832,False,8851,1,AGCAATCAATGG
552985428160,8864,False,8883,1,CTCGTGTTTTTA
3233857664,8896,False,8915,1,TACACACCTTCC
827867578496,8928,False,8947,1,TTTTGCTACCTC
826789642304,8960,False,8979,1,AGTGTACAATTT
824637915328,8992,False,9011,1,CCTGTGCCATAT
827863367744,9024,False,9043,1,AGAGGGTTCTAT
2147483840,9056,False,9075,1,CAGACACTCGTT
274890506240,9088,False,9107,1,ATCATACAGTTT
4243584,9120,False,9139,1,TTCTGTTAGAGT
3233808512,9152,False,9171,1,AGTACTGTAGAC
827867529344,9184,False,9203,1,GAAGTAGGTATT
826781220992,9216,False,9235,1,ATGGGTTCTTAA
827863335040,9248,False,9267,1,TATCAGGAGTTT
3233824960,9280,False,9299,1,AATCTCATAGCT
827854979200,9312,False,9331,1,GCAACCTGTGGG
552977055744,9344,False,9363,1,CAGTAGTGGCTG
549760008192,9376,False,9395,1,GTGACTTGTGCT
278111764608,9440,False,9459,1,TTGCTGCTAATG
827854979072,9472,False,9491,1,TTCACTATACTC
3225436352,9504,False,9523,1,CTTTCTGCCGGG
827854946496,9536,False,9555,1,TGTACTTGACAT
278099181632,9568,False,9587,1,TCATTCTTGGCT
825720078336,9600,False,9619,1,GTTTTCTCCTAT
827867578496,9632,False,9651,1,CAATCTATGTAT
824637931648,9664,False,9683,1,TGCCATTGGTTC
826793787392,9696,False,9715,1,AAGAGTCATGTT
278111731904,9728,False,9747,1,CCTTCGAGGAGG
49280,9760,False,9779,1,CTCAACAAGGAA
550833782784,9792,False,9811,1,CGAGACACTGTT
827854946432,9824,False,9843,1,GGTATCTTGCTC
275964231808,9888,False,9907,1,TGAAGCAGCTTG
550837960896,9920,False,9939,1,TAAATGACTTTA
274877907008,9952,False,9971,1,CTCTACCAACCA
551915913216,9984,False,10003,1,TGCTGTTCTGCA
549764235328,10016,False,10035,1,CATTCCCGTCAG
826793787584,10048,False,10067,1,GTACAAGTAACC
551907492032,10080,False,10099,1,TGGATTGTGGTT
825715851328,10112,False,10131,1,CAAGACATGTCA
824646320320,10144,False,10163,1,CTTAATCCTAAC
827867578496,10176,False,10195,1,CAAATCCAACCA
827854979264,10208,False,10227,1,GCAATGTTCAAC
278107521216,10240,False,10259,1,ATGCAAAATTGT
824637947904,10272,False,10291,1,TACTTCTAACCC
3225436352,10304,False,10323,1,TTGTCCGTATCC
824646320192,10336,False,10355,1,GTTCTAGCATGC
824642158656,10368,False,10387,1,TGTTTATCAGTG
275951681536,10400,False,10419,1,CCATTAAAGGTT
824646352896,10432,False,10451,1,GGTAGTGTTGGT
274877956224,10464,False,10483,1,CGTGTCTTTCTG
825715867712,10496,False,10515,1,TTCCAACAGGAG
826781237248,10528,False,10547,1,GAAGGTAAATTC
551911686144,10560,False,10579,1,ACAAACTGCACA
2160115904,10624,False,10643,1,GCTGCTGTTATC
274890539200,10656,False,10675,1,TAATAGATTCAC
826781204480,10688,False,10707,1,ACCTTGTGGCAA
278103376000,10720,False,10739,1,TTGACACAAGAT
2160083136,10752,False,10771,1,TCTTTCTGCTCA
277033828480,10784,False,10803,1,ATATGTGTGCTG
551915896960,10816,False,10835,1,AATGGTATGAAT
2160066752,10848,False,10867,1,CACTATTTTAGA
1082179648,10880,False,10899,1,ATGTTGTTAGAC
12583040,10912,False,10931,1,CAAGGTAAGTTC
552981250048,10944,False,10963,1,TCATCATTGGAT
827854962816,10976,False,10995,1,CACTATTGATTC
827859140672,11008,False,11027,1,TCACTGTTTTTC
826793820160,11040,False,11059,1,CTTGCCATTTAC
826789593280,11072,False,11091,1,CTGCATGTGCTA
827867578432,11104,False,11123,1,CACGCATTCTTG
827867578496,11136,False,11155,1,TCTTGCAACAGT
551903330368,11168,False,11187,1,ACATGCCTGCTA
825711657152,11200,False,11219,1,ACATGGCTTGAA
826789642432,11232,False,11251,1,TGGTTATAGGCT
826781253760,11264,False,11283,1,CTTCAGCTTTAG
824646336640,11296,False,11315,1,GCTCGCACTGTT
549768446016,11328,False,11347,1,TGTTTGGACACT
3221241856,11360,False,11379,1,TTTACAAAGTCT
2151710912,11392,False,11411,1,CAAGCTATTTCC
278107537408,11424,False,11443,1,TGTAACCTCTAA
827863384192,11456,False,11475,1,CTATCATGTTTT
824633770176,11488,False,11507,1,GTGTGTGTTGAG
275960053824,11520,False,11539,1,TACTGGCAACAC
825720078400,11552,False,11571,1,TTTATTGTTTCT
826781204608,11584,False,11603,1,TACTTTGGCCTT
826793836736,11616,False,11635,1,CTTCAGGCTTAC
128,11648,False,11667,1,TGGTCTCTACAC
825720045696,11680,False,11699,1,TCCCAGGGGCTT
549768429760,11712,False,11731,1,TGATGCTTTCAA
192,11744,False,11763,1,GTATTGGAGGTA
3233841152,11776,False,11795,1,ACTGTACAGTCT
1077985344,11808,False,11827,1,CACATCTGTGGT
12583040,11840,False,11859,1,AACTTAGAGTAG
278103359680,11872,False,11891,1,GCACAATGTGTA
274877956224,11904,False,11923,1,TCTTGCAAAAGA
826789642240,11936,False,11955,1,AGATGGTTTCTC
549768396992,11968,False,11987,1,ATGCAGGGTGCT
274886344768,12000,False,12019,1,CGAGGAAATGCT
274877923328,12032,False,12051,1,AGGCTATTGCTT
825720061952,12064,False,12083,1,TCATATGCCGCT
826781253824,12096,False,12115,1,CTATGAGCAGGC
2147483840,12128,False,12147,1,AAGTCGTTCTCA
824646320128,12160,False,12179,1,AATGTGGCTAAA
278099165312,12192,False,12211,1,TGCCATGCAACG
274890489984,12224,False,12243,1,ATCAGGCTATGA
2147516480,12256,False,12275,1,AGATCTGAGGAC
1086373952,12288,False,12307,1,TGCTATGCAAAC
3225419840,12320,False,12339,1,GGAAGCTTGATA
274890522688,12352,False,12371,1,ATCAACAATGCG
4194304,12384,False,12403,1,CAACATCATACC
827867562048,12416,False,12435,1,TCATGGTTGTTG
551907541056,12448,False,12467,1,AAGAACACTTGT
277038006400,12480,False,12499,1,TGCATCTGCACT
551911686336,12512,False,12531,1,TTGATGCGGATA
549755814080,12544,False,12563,1,GAAATTAACATG
824637915264,12576,False,12595,1,TTGGCCTCTTAT
0,12608,False,12627,1,ACTCAGCTGTTA
277033828480,12640,False,12659,1,AGTCCAGTAGCA
4243584,12672,False,12691,1,GGCTGGTACCAC
275951648896,12704,False,12723,1,ACAATGCACTTG
552977055808,12736,False,12755,1,GGAGGTAGGTTT
278103326784,12768,False,12787,1,CCACCAAGATCT
278099132416,12800,False,12819,1,AGAGTGATGGTA
826793787392,12832,False,12851,1,CTGGAACCACCT
826781221056,12864,False,12883,1,ACCAAAAGGGCC
825711656960,12896,False,12915,1,TCATCAAAGGCT
3233808576,12928,False,12947,1,ATGGTGCTGGGC
2151678016,12960,False,12979,1,TCTTCAGGCTGG
827867562176,12992,False,13011,1,CCAATTCAACTG
549755813888,13024,False,13043,1,GCAGTAGACCCT
1077952512,13056,False,13075,1,CCTAGCAAGTGG
827859157184,13088,False,13107,1,GTGTGAAGATGT
3221258304,13120,False,13139,1,GGACAGGCAATT
552985477312,13152,False,13171,1,CATGGACCAAGA
549760057408,13184,False,13203,1,GTTGTCTGTATT
552989671424,13216,False,13235,1,CCAAATCCTAAA
1077985408,13248,False,13267,1,TAAGTACGTCCA
552981266496,13280,False,13299,1,ATGACCCAGTGG
826789593216,13312,False,13331,1,GTCTGTACCGTC
825720062016,13344,False,13363,1,TGGCTGTAGTTG
278111731904,13376,False,13395,1,TGATGCAGTCTG
549764219072,13408,False,13427,1,AACGGGTTTGCG
2160066560,13440,False,13459,1,ACACCGTGCGGC
826793803904,13472,False,13491,1,CGTCTACAGGGC
824646352896,13504,False,13523,1,AAGTTGCTGGTT
824642142208,13536,False,13555,1,AATTGCTGTCGC
3221274752,13568,False,13587,1,AGGCAATTTATT
827867529408,13600,False,13619,1,AGAGGCATACTA
3233841280,13632,False,13651,1,GAGACTATTTAT
277037990080,13664,False,13683,1,AGCGGTTGCTGT
2151677952,13696,False,13715,1,GAGTAGATGGTG
4194368,13728,False,13747,1,CGTCAGCGTCTA
825707511936,13760,False,13779,1,TTTAGTCTATGC
274886344768,13792,False,13811,1,GTAATTGTGATA
824646353088,13824,False,13843,1,ACATACAATTGC
551915880448,13856,False,13875,1,TAAGAAGGATTG
549764202496,13888,False,13907,1,CTGACATCTTAC
275951648832,13920,False,13939,1,GAGCGTGTACGC
824642158720,13952,False,13971,1,ACAATTCTGCGA
824642109568,13984,False,14003,1,TTGTAGGCGTAC
824646336512,14016,False,14035,1,CTTAATGGGAAC
2155872320,14048,False,14067,1,CGTACAAGTAGC
1086374016,14080,False,14099,1,TTGTGGATTCAT
2147516480,14112,False,14131,1,ATCCTCACTTTG
826793787456,14144,False,14163,1,GTCCCATATGGA
2147483840,14176,False,14195,1,TTATTAAGTGGG
277029617792,14208,False,14227,1,ACGGAAGAGAGA
550833766464,14240,False,14259,1,TTTTAAATATTG
551911719104,14272,False,14291,1,ATTGTATTAACT
3233857728,14304,False,14323,1,CTTCATTGTGCA
8437824,14336,False,14355,1,TACTGTGTTTCC
827863367872,14368,False,14387,1,TAGTAAGAAAAA
2151727232,14400,False,14419,1,TTTGTTGTTTCA
49152,14432,False,14451,1,GTTAGGAGTCGT
550842138624,14464,False,14483,1,TACATAGCTCGC
549755813888,14496,False,14515,1,TTAGTGTATGCT
827867578432,14528,False,14547,1,AGCTTCTGGCAA
274886344704,14560,False,14579,1,CTACATGCTTTT
275955859584,14592,False,14611,1,AATGTTGCTTTT
278099181696,14624,False,14643,1,TTTTAATAAAGA
826789626048,14656,False,14675,1,CTAAAGGTTTCT
827867545600,14688,False,14707,1,GAACTAAAACAC
277025407168,14720,False,14739,1,CAACGCTGCTAT
274890489920,14752,False,14771,1,GTTATAATCTGC
552977072128,14784,False,14803,1,CAACTCCTATTC
826789609472,14816,False,14835,1,ATACTTTGATTG
825707462784,14848,False,14867,1,ATGCCAACCAAG
825720045696,14880,False,14899,1,AAATCAGCTGGT
827854946304,14912,False,14931,1,TAAGGCTAGACT
12599488,14944,False,14963,1,ATGAGGATCAAG
1086324736,14976,False,14995,1,AAGCGTAATGTC
824642109440,15008,False,15027,1,GAATCTTAAGTA
827863351360,15040,False,15059,1,GAGCTCGCACCG
2155888640,15072,False,15091,1,AGTACTATGACA
2151727232,15104,False,15123,1,ATTATTGAAGTC
824633721024,15136,False,15155,1,CTACTGTGGTAA
3221225664,15168,False,15187,1,GGTGGCTGGCAT
1073791104,15200,False,15219,1,CAGTGATGTAGA
3221241984,15232,False,15251,1,GGGATTATCCAA
3225436352,15264,False,15283,1,AACATGCTTAGG
824642158784,15296,False,15315,1,TGCTCGCAAACA
2155872384,15328,False,15347,1,CACACCGTTTCT
8388736,15360,False,15379,1,GCGCAAGTATTA
824637964288,15392,False,15411,1,CGGCTCACTATA
274886295744,15424,False,15443,1,CATCCGGTGATG
2147516480,15456,False,15475,1,AGTGTCTTTAAC
1077985408,15488,False,15507,1,CAATGTAAATGC
2155905216,15520,False,15539,1,ATAAGATAGCTG
824646353024,15552,False,15571,1,CAACACAGGCTC
826793820288,15584,False,15603,1,TAGGGATGTTGA
827859189824,15616,False,15635,1,TTTACGCTTACC
549760041088,15648,False,15667,1,ATGATTCTTTCT
826781253760,15680,False,15699,1,TAACAGTAACTA
3229663424,15712,False,15731,1,CTAGCATTAAGA
552985460800,15744,False,15763,1,TATCAAAATAAT
551915929728,15776,False,15795,1,ATGTTGGACTGA
549760024704,15808,False,15827,1,CTCACGAATTTT
549760057536,15840,False,15859,1,GTTAAACAAGGA
12583040,15872,False,15891,1,TTACCCAGATCC
3229614080,15904,False,15923,1,GCTGTTTTGTCG
8421440,15936,False,15955,1,GGTACACTTATG
825720045632,15968,False,15987,1,GGCTATTGATGC
3229663296,16000,False,16019,1,CTAATCAGGAGT
2155888640,16032,False,16051,1,TATTTACAATAC
278099165376,16064,False,16083,1,GCTTACTGGCCA
3221241984,16096,False,16115,1,TAATGCTAACTA
824642109440,16128,False,16147,1,TGGGAACCTGAG
275955843200,16160,False,16179,1,ACCACATACAGT
16576,16192,False,16211,1,GTGTATTGTGCA
2147532992,16224,False,16243,1,TGCGGTGCCTGT
277025407168,16256,False,16275,1,TTGCAAGTGCTG
826793836736,16288,False,16307,1,CATCACACAAAT
550842171584,16320,False,16339,1,TATGTTTGCAAT
3233808384,16352,False,16371,1,TGATGTGACACA
16448,16384,False,16403,1,GCTATTATTGCA
825720062144,16416,False,16435,1,AGTTTTCCATTA
8388608,16448,False,16467,1,TGGTTTATACAA
1082179584,16480,False,16499,1,ACAATGTCACTG
1077985472,16512,False,16531,1,TGTGATTGGACT
826789609536,16544,False,16563,1,TGCCAACACTTG
275960053888,16576,False,16595,1,TCGCAGCAGAAA
824646336576,16608,False,16627,1,ACATTTAAGCTG
277033779264,16640,False,16659,1,ACGCGAAGTACT
824637947904,16672,False,16691,1,TTTCATGGGAGG
827867561984,16704,False,16723,1,TTGAACAGAAAC
824646336640,16736,False,16755,1,TGTAACTAAAAA
8388800,16768,False,16787,1,AGTACACCTTTG
2160066560,16800,False,16819,1,GCTGTTGTGTAC
827867561984,16832,False,16851,1,GTTGAATGTTGG
824633737408,16864,False,16883,1,CTCACACTGTAA
549768396992,16896,False,16915,1,CTAGTGCCACAA
1073758336,16928,False,16947,1,TGGCTTGTACCC
3221225472,16960,False,16979,1,AGTTTTCTAGCA
12599296,16992,False,17011,1,GTCGGCATGCAA
824642158720,17024,False,17043,1,ACCACCTGGTAC
827859157184,17056,False,17075,1,TCGGACTTGCTC
551915913280,17088,False,17107,1,ATAGTGTATACG
824637915328,17120,False,17139,1,TGATGCCCTATG
3221274624,17152,False,17171,1,TGCCCATAGATA
549768429568,17184,False,17203,1,GCGCGTGCGCGC
1073774720,17216,False,17235,1,CAAAGTGAATTC
4194304,17248,False,17267,1,TCTGCACTGTAA
552989622336,17280,False,17299,1,GCTGACATTGTA
827863384064,17312,False,17331,1,GGCTACTAATTA
274890539200,17344,False,17363,1,CTAGACTTCGTG
278099148928,17376,False,17395,1,GGCGATCCTGCT
12583040,17408,False,17427,1,ATTGCTGACTAA
825711706112,17440,False,17459,1,ATTTTAATTCAG
3233808512,17472,False,17491,1,ATAGGTCCAGAC
824646320256,17504,False,17523,1,CCGTTGTCCTGC
1073790976,17536,False,17555,1,GTGCTTTAGTTT
824637964416,17600,False,17619,1,GTTCTACAAAGG
4243520,17632,False,17651,1,CATCTGCAATCA
275955859520,17664,False,17683,1,GTAAGAGAATTT
824637964288,17696,False,17715,1,GAGAAAAGCTGT
827854995456,17728,False,17747,1,CACAGAACGCTG
3233857536,17760,False,17779,1,TTGCCTACGCAG
277037989952,17792,False,17811,1,TTCTGAATATGA
275964231744,17824,False,17843,1,CTACTGAAACAG
552977072128,17856,False,17875,1,CGCTTCAATGTG
274882150528,17888,False,17907,1,TGGCATTTTGTG
824633753600,17920,False,17939,1,TTTATGACAAAC
3233857536,17952,False,17971,1,ATACCACGTCGC
825720078528,17984,False,18003,1,AGAAAATGTAAC
278103343104,18016,False,18035,1,GTAAGATCATTA
277037973504,18048,False,18067,1,GCACCTACACAC
3233824832,18080,False,18099,1,CAAGACTGAAGG
2160099328,18112,False,18131,1,GCATACCAAAGG
552977039360,18144,False,18163,1,ATCTCTATGATG
274890539008,18176,False,18195,1,AGTCAATGGTTA
827863367808,18208,False,18227,1,GCGAAGAAGCTA
549760024640,18240,False,18259,1,ATTGGCTTTGAT
549755813952,18272,False,18291,1,TAGAGATGCTGT
274886295552,18304,False,18323,1,AGCTAGGATTTT
549768396800,18336,False,18355,1,GCTGTACCGACT
274890539008,18368,False,18387,1,TAACACAGAATT
2147483840,18400,False,18419,1,CTCCACCAGGTG
2155921408,18432,False,18451,1,CCACTCATGTAT
551903330304,18464,False,18483,1,AGTGCGTATTAA
551911718976,18496,False,18515,1,ATACACTGAAAG
549760041152,18528,False,18547,1,TTCGTCCTTTGG
277025439808,18560,False,18579,1,ATCAATGAAGTA
551911686336,18592,False,18611,1,AAAGAACGTGTT
1073741824,18624,False,18643,1,ACTTGCTTTTCT
826789642432,18656,False,18675,1,CTGCTGGAATCA
826789642368,18688,False,18707,1,TCTATAACCCAT
549768396800,18720,False,18739,1,TGGGGCTTTACG
277025390720,18752,False,18771,1,TGACCAACATTG
552977088704,18784,False,18803,1,ATGTGGCTAGTT
274882134016,18816,False,18835,1,TGTTTAGCAGTC
826781253632,18848,False,18867,1,CGTTGATTGGTC
552989638720,18880,False,18899,1,GAGATGAACTGA
3229663296,18912,False,18931,1,AAAGTACAACAC
550842187904,18944,False,18963,1,GCTTGCTGATAA
3221258368,18976,False,18995,1,TTGGAAATCCAA
551911735296,19008,False,19027,1,CAGGCTGAAGTA
824637931520,19040,False,19059,1,TCAGCCATGTAG
3229630656,19072,False,19091,1,AGGAACTCTTCT
551915929792,19104,False,19123,1,GATAAATTCACT
825707462656,19136,False,19155,1,GAATTGTAACGT
552977072192,19168,False,19187,1,CAATTGTGTGTA
825711689856,19200,False,19219,1,TCAAACTTGAAC
549755813952,19232,False,19251,1,TAGTTTGTATGT
8437952,19264,False,19283,1,CTCCAGCTTTCG
278111764544,19296,False,19315,1,TTAAAGCAATTG
550837944448,19328,False,19347,1,TAGTCCTTGTGA
3225468928,19360,False,19379,1,TGTCGGATATTG
2151727232,19392,False,19411,1,GCTACGTGTATT
1077985472,19424,False,19443,1,TGCTGTTTGCAG
49280,19456,False,19475,1,GACAGTACTTGG
3229663232,19488,False,19507,1,TCTGCTGGATTT
825715900608,19520,False,19539,1,ATTTGATACTTA
549755863232,19552,False,19571,1,CCAGGTTACAGA
2151710848,19584,False,19603,1,AATGTTGTTAAT
2151694336,19616,False,19635,1,CGCCGGCGAAGC
277033812160,19648,False,19667,1,ATGCTGTTTACA
549764202688,19680,False,19699,1,GTGGAGATCTTT
2160099328,19712,False,19731,1,TGTTAATGTTGC
277033828480,19744,False,19763,1,GTAACATTAAAC
552989655104,19776,False,19795,1,CTCAATAATTTG
552977039488,19808,False,19827,1,TACTGTAATCTG
549755813888,19872,False,19891,1,ATGACTGACATT
12615808,19904,False,19923,1,TGCTTGTTCTTC
551911735488,19936,False,19955,1,GTAGAGTGGAAG
552977039360,19968,False,19987,1,AACGCCCGTAAT
824637915264,20000,False,20019,1,TTCAGTCAAAGG
550837993472,20032,False,20051,1,CAGCACAAGCTA
549755863040,20064,False,20083,1,ATTGGAGAATCA
2160115776,20096,False,20115,1,CTTTAAGAAAGT
3225452544,20128,False,20147,1,TGCCTGAAACCT
1073758400,20160,False,20179,1,TTAGAGGATTTT
275955875968,20192,False,20211,1,AACTGACTTTCT
2155905216,20224,False,20243,1,TCATACAGCGAT
549755863168,20256,False,20275,1,TTCGAACACATC
275951648768,20288,False,20307,1,TGGACAACTTGG
549764218880,20320,False,20339,1,GCTTAGCCAAGC
827867562112,20352,False,20371,1,AAATTAGAGGAT
274882150464,20384,False,20403,1,AGTGAAAAATTA
3233824896,20416,False,20435,1,CAGGTTCATCAA
549768429760,20448,False,20467,1,GATCTTTTACTT
827867578368,20480,False,20499,1,AAAGTCACAAGA
278111731712,20512,False,20531,1,TGGTCAAGGTTA
826789625856,20544,False,20563,1,TCATTCATGCTT
274890489856,20576,False,20595,1,TGAAACCTTCTA
278107570368,20608,False,20627,1,AAGCGTGGCAAC
277033795584,20640,False,20659,1,TTGTACAAGATG
552985428096,20672,False,20691,1,GTGTGACCTTCA
549755813952,20704,False,20723,1,TTATACCAAAAG
277025439744,20736,False,20755,1,AAGTATACTCAA
825707479040,20768,False,20787,1,ACTTACTTTAGC
552989622272,20800,False,20819,1,TTATTCACTTTG
1082130432,20832,False,20851,1,GTTGCACCAGGT
275964248256,20864,False,20883,1,GTTGCCAACTGG
825715867840,20896,False,20915,1,ATCTTAATGACT
551903330304,20928,False,20947,1,ACTTTAATTGGA
550842187904,20960,False,20979,1,GGCTAATAAATG
550833799168,20992,False,21011,1,TGTATGACCCTA
8437824,21024,False,21043,1,GAGAATGACTCT
824633720960,21056,False,21075,1,TCTGTGTGGATT
827854995456,21088,False,21107,1,TGGGTGGTTCTA
549768396992,21120,False,21139,1,CATTCTTGGAAT
3225469056,21152,False,21171,1,GGGCCATTTCTC
274890489856,21184,False,21203,1,CAAATGTAAATG
12582976,21216,False,21235,1,TTAATTGGGGCT
827859173504,21248,False,21267,1,GGAACAAATTGA
551903297728,21280,False,21299,1,ACTACATTTTCT
825711689920,21312,False,21331,1,CAGTTGTCTTCC
827863335040,21344,False,21363,1,CAAATTTCCTCT
2151727296,21376,False,21395,1,TAATGTCTCTTA
278099165312,21408,False,21427,1,ATGATTTATTCT
8437888,21440,False,21459,1,TATCATTAGAGA
827854946432,21472,False,21491,1,CAAGTGATATTC
827867529408,21504,False,21523,1,ATGTTTATTTTC
277033795584,21536,False,21555,1,TAGTGGTAGTGA
3221225664,21568,False,21587,1,TTGATGATGTTC
2155921408,21600,False,21619,1,CATACTTCATCT
827854995648,21632,False,21651,1,TGATGAAATTTT
827859189952,21664,False,21683,1,TAACTCAGGATT
824646303744,21696,False,21715,1,AATGTTACAGGG
275960037376,21760,False,21779,1,GTATTTATTTTG
827867578432,21792,False,21811,1,GTTGTCCGTGGT
3233857536,21824,False,21843,1,GAACAACAAGTC
3221258240,21856,False,21875,1,ACAATTCTACTA
824637964480,21888,False,21907,1,AACTTTGAATTG
277029617728,21920,False,21939,1,TGTTTCTAAACC
3233808448,21952,False,21971,1,CTATGATATTCG
824637964480,21984,False,22003,1,TTCGAGTACATA
551903346752,22016,False,22035,1,TGTTTCAGAAAA
827854946496,22048,False,22067,1,TACGAGAGTTTG
824637931584,22080,False,22099,1,TTTCTCTATGTT
825711706304,22112,False,22131,1,AGATGTAGTTCG
278099181760,22144,False,22163,1,ACACTTTGAAAC
12615872,22176,False,22195,1,GGTATTAACATT
2147500224,22208,False,22227,1,TACAGCCTTTTC
275964280896,22240,False,22259,1,GCACGTCAGCTG
3229614080,22272,False,22291,1,TTAAAGCCAACT
49280,22304,False,22323,1,TGAAAATGGTAC
278107570176,22336,False,22355,1,GTTCTCAAAATC
824646303872,22368,False,22387,1,TCTGTTAAGAGC
827863384128,22400,False,22419,1,TTACCAGACCTC
824637915328,22432,False,22451,1,CAGGAGATGTTG
826789642240,22464,False,22483,1,AACTTGTGTCCT
826781204608,22496,False,22515,1,TACTAAATTCCC
278107537600,22528,False,22547,1,GAAAAAAAATTT
1073791040,22560,False,22579,1,TCTGTGCTCTAC
826785415168,22592,False,22611,1,CTTTAAGTGCTA
550829605056,22624,False,22643,1,TGAATGATCTTT
549755846848,22656,False,22675,1,GATTCTTTTGTA
1077985280,22688,False,22707,1,ACAAATAGCGCC
4194496,22720,False,22739,1,CTGATTATAATT
275960037504,22752,False,22771,1,ATGGGTTGTGTC
824642158592,22784,False,22803,1,CATTGATGCTAC
3225452672,22816,False,22835,1,ATAAATATAGGT
192,22848,False,22867,1,AGGCCCTTTGAG
824637931584,22880,False,22899,1,TTTCTCCCCTGA
552981283008,22912,False,22931,1,CTGCTCTTAATT
1086324864,22944,False,22963,1,TATGGTTTTTAC
2160115904,22976,False,22995,1,CCAACCTTACAG
277025439936,23008,False,23027,1,AACTTTTAAATG
12582912,23040,False,23059,1,CCAAAATTATCC
827854946304,23072,False,23091,1,GTGTGTCAATTT
827867545728,23104,False,23123,1,GTACTGGTGTGT
274890506240,23136,False,23155,1,TTTCAACCATTT
827867529280,23168,False,23187,1,TTCTGATTTCAC
824633737408,23200,False,23219,1,AAACATCTGAAA
551903297600,23232,False,23251,1,TCTTTTGGGGGT
2160115776,23264,False,23283,1,AACAAATGCTTC
1082179776,23296,False,23315,1,ATCAAGATGTTA
549760024640,23328,False,23347,1,GCAATTCATGCA
826781253824,23360,False,23379,1,GCGCATATATTC
552977072320,23392,False,23411,1,AGACTCAAGCAG
824642142400,23424,False,23443,1,CATGTCGACACT
278103375936,23456,False,23475,1,TATTGGAGCTGG
827854979072,23488,False,23507,1,CAGTTTCTTTAT
825715900544,23520,False,23539,1,TCTATTGTGGCT
827859189760,23552,False,23571,1,TGATAGTTCAAT
275964280896,23584,False,23603,1,TTGCTATACCTA
1086324800,23616,False,23635,1,ACTACAGAAGTA
824646320320,23648,False,23667,1,AACCTCCGTAGA
3221274816,23680,False,23699,1,GAGATTCTACTG
826781220864,23712,False,23731,1,CAATATGGTAGC
826785398912,23744,False,23763,1,TGCACTCTCAGG
2155872320,23776,False,23795,1,GCAACACACGTG
1086324736,23808,False,23827,1,CAAATGTACAAA
827854946368,23840,False,23859,1,TGGTGGTTTTAA
278099148992,23872,False,23891,1,ACCCTCTAAAGC
824642109632,23904,False,23923,1,GAGGACTTGCTC
274877956224,23936,False,23955,1,TGATGCTGGCTT
827854946368,23968,False,23987,1,GCCTAGGTGATA
824633721024,24000,False,24019,1,TGTGCGCAGAAG
277025423488,24032,False,24051,1,GCCACCTCTGCT
274877939904,24064,False,24083,1,CCTACACTGCTG
3233841216,24096,False,24115,1,ACTGCTGGATGG
826793787520,24128,False,24147,1,TCTTCAAATACC
552985444352,24160,False,24179,1,ATAGGTTCAATG
64,24192,False,24211,1,GTTCTCTATGAG
549764202560,24224,False,24243,1,CCAATTTAACAA
274877923456,24256,False,24275,1,AATCACTTACAA
552981233728,24288,False,24307,1,AAGCTGCAAGAC
2147483648,24320,False,24339,1,AGCATTAAACAC
278099181568,24352,False,24371,1,CTAATTTTGGTG
278111748096,24384,False,24403,1,GATATCCTTTCG
824646353024,24416,False,24435,1,GGAGGTACAAAT
824646352896,24448,False,24467,1,GACTTCAAAGCC
550829555776,24480,False,24499,1,CAACTAATCAGG
824633753728,24512,False,24531,1,TGCTAATCTTGC
49216,24544,False,24563,1,GTGTTCTTGGAC
824646353088,24576,False,24595,1,TGTGGAAAGGGC
551915896896,24608,False,24627,1,ACAAGCAGCCCC
824637915264,24640,False,24659,1,ATGTCACGTATG
275964248064,24672,False,24691,1,TTCACCACAGCG
275951698112,24704,False,24723,1,CAAAGCATACTT
278111764480,24736,False,24755,1,TGTTTAATGGCA
825707462720,24768,False,24787,1,AGGAACTTCTTT
827863384192,24800,False,24819,1,AGACAATACATT
827854962880,24832,False,24851,1,TCGTTATTGGCA
274890539200,24864,False,24883,1,GATCCTCTGCAA
278111715392,24896,False,24915,1,AGAAGAGCTGGA
827863335104,24928,False,24947,1,CATCACCAGATG
827859140608,24960,False,24979,1,GGCATTAACGCT
274877923328,24992,False,25011,1,AGAAATTGACCG
275960086528,25024,False,25043,1,ATTTAAATGAAT
549768396928,25056,False,25075,1,TTGGGAAAATAT
551915929728,25088,False,25107,1,TTGGTATGTTTG
826781253760,25120,False,25139,1,TAATTGCCATCG
2151727296,25152,False,25171,1,TGTTGCATGACT
826785415168,25184,False,25203,1,GGGTGCATGCTC
3225468992,25216,False,25235,1,TTGATGAGGATG
274877906944,25248,False,25267,1,GGTGTCAAATTA
2160066752,25280,False,25299,1,ATGGATTTGTTT
1086324864,25312,False,25331,1,ATCAATTACTGC
278107521216,25344,False,25363,1,ATGCTTCTCCTG
274882117696,25376,False,25395,1,GCAACGATACCG
826793787456,25408,False,25427,1,CGGATGGCTTGT
552977088704,25440,False,25459,1,CTGTTTTTCAGA
824633737216,25472,False,25491,1,CTCAATAAAAGA
278099132480,25504,False,25523,1,GGGCTTCCAGTT
827859189888,25536,False,25555,1,TATTTGTTACCA
8437952,25568,False,25587,1,GTCGCTGCAGGT
552989622464,25600,False,25619,1,CCTCTATGCCTT
552977072320,25632,False,25651,1,TCAACGCATGTA
824637915200,25664,False,25683,1,CTTTGTTGGAAG
278111764672,25696,False,25715,1,ACTTTATGATGC
1086373888,25728,False,25747,1,ACACACATAACT
550842171456,25760,False,25779,1,AACAGTGTCACA
824637915136,25792,False,25811,1,AGGTGACGGCAT
827867545728,25824,False,25843,1,AAGACTACCAAA
549760041152,25856,False,25875,1,AGGCACTCAGGT
277037989952,25888,False,25907,1,ACATGGCTATTT
3221225664,25920,False,25939,1,TTGAGTCTACAC
3225468928,25952,False,25971,1,ATTGAAAATGCT
275951681536,25984,False,26003,1,GCTTGTTAAAGA
552985477312,26016,False,26035,1,ACACAATCGACG
278111748160,26048,False,26067,1,CCAGCAATGGAT
275964231744,26080,False,26099,1,GACGACTACTAG
3233824832,26112,False,26131,1,AAAGTGAGTACG
550829588480,26144,False,26163,1,TCGGAAGAAACA
826793820352,26176,False,26195,1,CGTACTTCTTTT
825711673472,26208,False,26227,1,TGCTAGTCACAC
826785398976,26240,False,26259,1,CGATTGTGTGCG
1077985408,26272,False,26291,1,CGTGAGTTTAGT
3221242048,26304,False,26323,1,ACTCGCGTGTTA
278103326720,26336,False,26355,1,GGAGTTCCTGAT
3233808576,26368,False,26387,1,ACTATTATTATT
551903346688,26400,False,26419,1,ATTGCTTATCAT
824637964288,26432,False,26451,1,CCGTTGAGGAGC
2151727296,26464,False,26483,1,TGGAACCTAGTA
1086341312,26496,False,26515,1,CTGGATTATGTT
826781253760,26528,False,26547,1,ATCGGAACAGGT
278107553856,26560,False,26579,1,GTTTTCCTCTGG
551907508224,26592,False,26611,1,TGCTTGTTTTGT
275951665344,26624,False,26643,1,TTAATTGGGTGA
551911735488,26656,False,26675,1,ATGGCTTGTATT
827863367808,26688,False,26707,1,CTACTTCGTTGC
826793787392,26720,False,26739,1,GTACCCGCTCAA
274886312064,26752,False,26771,1,ACAAACATTCTT
275964264448,26784,False,26803,1,GACAATTGTGAC
552977088704,26816,False,26835,1,AACTTGTCATTG
551907508352,26848,False,26867,1,CACTTGCGAATG
550833750016,26880,False,26899,1,CTGTGACATTAA
274882117824,26912,False,26931,1,CTGTGGCTACAT
824646336576,26944,False,26963,1,AAATTAGGAGCG
827854962752,26976,False,26995,1,TTCAGGTTTTGC
64,27008,False,27027,1,TTGGAAACTATA
3233824960,27040,False,27059,1,GGTAGCAACGAC
2151727296,27072,False,27091,1,GTAAGTGACAAC
1082179776,27104,False,27123,1,TTCCAGGTTACA
824646353088,27136,False,27155,1,CATTATGAGGAC
824646353024,27168,False,27187,1,ATCTTGACGTTA
278111715328,27200,False,27219,1,CAATTATTTAAG
826781253760,27232,False,27251,1,TTCGGAGTTAGA
1077936320,27264,False,27283,1,TAGATTATCCAT
12632256,27296,False,27315,1,TCTCTTCCTGAC
3229647040,27328,False,27347,1,GCGAGCTATATC
278099148928,27360,False,27379,1,GGTACGACTGTA
277025390784,27392,False,27411,1,ATCAGGAACATA
3233824768,27424,False,27443,1,ACCCTCTTGCTG
278111748224,27456,False,27475,1,TGCACTAGCACA
32832,27488,False,27507,1,TGACGGTACTCG
274882150464,27520,False,27539,1,CAAGATCAGTTT
274886344768,27552,False,27571,1,CAAGAGGAGGTT
826785398976,27584,False,27603,1,ACTTTTTCTCAT
825707495552,27616,False,27635,1,TAATACTTTGCT
827854946368,27648,False,27667,1,GAATGAATGAGC
552985477312,27680,False,27699,1,TTGTGCTTTTTA
824646336704,27712,False,27731,1,TTTAATAATGCT
8405184,27744,False,27763,1,TCGAAATCCAGG
3221242048,27776,False,27795,1,AAAGTCTAAACG
825715900416,27808,False,27827,1,TTTGACTTGTAT
1082147008,27840,False,27859,1,GCACTGTAGTAC
549768396992,27872,False,27891,1,CCTCATGTGCTT
3221242048,27904,False,27923,1,ACACTAGGGGTA
549768413376,27936,False,27955,1,CTTTGTGCTCTA
826781204480,27968,False,27987,1,TAGATGGCACAC
825711656960,28000,False,28019,1,CTAATGTTACTA
1082179584,28032,False,28051,1,GGTGGTGCGCTT
274882101248,28064,False,28083,1,TCATGAAGGTCA
824633753600,28096,False,28115,1,ACGTACTTGTTG
826785398784,28128,False,28147,1,TAAAATGTCTGA
275951698112,28160,False,28179,1,AACGTAGTGCCC
12599296,28192,False,28211,1,CCCACAGATTCA
549760008256,28224,False,28243,1,AGGACGCAATGG
825707479168,28256,False,28275,1,GACCCCAAGGTT
275960070144,28288,False,28307,1,TGGTTCACAGCT
275960070272,28320,False,28339,1,GGAACTTAGATT
3225419840,28352,False,28371,1,CAATCAACACCA
277037990016,28384,False,28403,1,ATTGGCTACTAC
274890489920,28416,False,28435,1,TCGTGGTGGTGA
1086373888,28448,False,28467,1,GCCCCAGATGGT
827859173440,28480,False,28499,1,GGCCCAGAAGCT
278111715456,28512,False,28531,1,CAAAGAAGGCAT
275960037568,28544,False,28563,1,GAGCCTTGAATA
12615744,28576,False,28595,1,ACCCGCAATCCT
826785398848,28608,False,28627,1,GCTACAACTTCC
277025423424,28640,False,28659,1,AAGGCTTCTACG
826785448064,28672,False,28691,1,AGTCAAGCCTCT
4243584,28704,False,28723,1,TCGCGGTAATTC
3229646976,28736,False,28755,1,GCAGTAGGGGAA
550833782976,28768,False,28787,1,AGCGGAGGTGGT
49152,28800,False,28819,1,GCTGCTAGACAG
1077936128,28832,False,28851,1,AAGTTTCTGGTA
12615680,28864,False,28883,1,CAAACTGTCACT
825707511936,28896,False,28915,1,ATCTAAAAAGCC
1077952704,28928,False,28947,1,CAAAACAGTACA
549760040960,28960,False,28979,1,AGACGTGGTCCA
274886295552,28992,False,29011,1,CGGGGACCAAGA
551903313920,29024,False,29043,1,ATTACAAACATT
825711689920,29056,False,29075,1,GCTCCAAGTGCC
551907541120,29088,False,29107,1,ACGCATTGGCAT
3229663232,29120,False,29139,1,CATGGCTGACTT
274882134016,29152,False,29171,1,GATGACAAAGAT
275964248256,29184,False,29203,1,CATACTGCTGAA
274882101376,29216,False,29235,1,AAACATTCCCAC
16448,29248,False,29267,1,AAAAAGAAAAAG
16512,29280,False,29299,1,GCCGCAGAGACA
278099132608,29312,False,29331,1,CTCTTCTTCCTG
274882101376,29344,False,29363,1,TCCAGACAACTT
1077936192,29376,False,29395,1,TTCTGCTGATTC
1086341248,29408,False,29427,1,TGATGACCACAC
826781253824,29440,False,29459,1,ACGTTTTCGCAA
3233824768,29472,False,29491,1,CTACTCTTGTGC
3233824768,29504,False,29523,1,AACAGCACAAGT
274877956096,29536,False,29555,1,TCACATAGCAAT
551907492032,29568,False,29587,1,TAGGGAGGACTT
277033812096,29600,False,29619,1,ATCGAGGCCACG
826789609664,29632,False,29651,1,AGTGAATAATGC
827854946496,29664,False,29683,1,GAAGAGCCCTAA
2160115904,29696,False,29715,1,AGTGCTATCCCC
