827859156992,64,False,63,1,TTGTAGATCTGT
827859140672,96,False,95,1,TCTGTGTAGCTG
549755813888,128,False,127,1,TGCACCTACGCA
274886295616,160,False,159,1,TACTGTCGTTGA
1077985472,192,False,191,1,CCTCTTCTGCAG
825707479168,224,False,223,1,TGTTGCAGTCGA
8421504,256,False,255,1,CGTCCGGGTGTG
550837944320,288,False,287,1,GCCTTGTTCTTG
825711673536,320,False,319,1,GTCCAACTCAGT
551915913408,352,False,351,1,AGACGTGCTAGT
826789625856,384,False,383,1,TGGAAGAGGCCC
2160099328,416,False,415,1,CTCAAAAATGGC
1073791040,448,False,447,1,GGAAAAAGGCGT
824646303808,480,False,479,1,CCTATGTGTTCA
549764235264,512,False,511,1,AGCACCAATCAC
551915913344,544,False,543,1,GGTTGCAGAAAT
277033828480,576,False,575,1,GTAGCGGTATAA
1086374016,608,False,607,1,CATGTGGGCGAA
824642158720,640,False,639,1,TGTTCTTCTTCG
552977039360,672,False,671,1,CCGGTGGTCATA
549764235328,704,False,703,1,TCTTATGACTTA
826781220864,736,False,735,1,TCCCATTGAAGA
552981266432,768,False,767,1,CTAAGCATGGCA
2160099392,800,False,799,1,ACTCGTGAGCTC
278107537536,832,False,831,1,CTATGTCGACAA
1073742016,864,False,863,1,GGTACCCTCTTG
1082130624,896,False,895,1,GCACGCGCGGGC
824633753600,928,False,927,1,CGAACAACTTGA
552981233856,960,False,959,1,GTGTCTACTGCT
4227072,992,False,991,1,ATTGCCTGGTTC
550842138624,1024,False,1023,1,CTACGAGCACCA
825720045696,1056,False,1055,1,GTGCCAAGAAAT
552989622336,1088,False,1087,1,TGCCCAAAGTTT
825715900416,1120,False,1119,1,AGTCAAAGTCAT
550837977088,1152,False,1151,1,AAAAGACTGAGG
550842155008,1184,False,1183,1,TCTGTGTACCCT
278103359488,1216,False,1215,1,TAACAATATGCA
12615808,1248,False,1247,1,GTAATCATTGCG
1086357504,1280,False,1279,1,TGCGACTTTCTG
826793787456,1312,False,1311,1,TGGCACTGAAAA
192,1344,False,1343,1,CTACATGTGGGT
825711673344,1376,False,1375,1,GTGAAAATGCCA
825715900544,1408,False,1407,1,AGAGATTGGACC
275960053760,1440,False,1439,1,ATCACAACCACT
1073791104,1472,False,1471,1,CGCAAGGGAGGT
277033795584,1504,False,1503,1,CTGTGTGTTTGC
552981250240,1536,False,1535,1,AGCGTGCCTACT
549768396864,1568,False,1567,1,GATATTGGCTCA
552977072192,1600,False,1599,1,TGACAATGTGGA
552981282880,1632,False,1631,1,TTGAGATACTGA
552989622272,1664,False,1663,1,AACATTGTTGGC
826785415296,1696,False,1695,1,GGTTGCCATCAT
827854995584,1728,False,1727,1,CTACAAGTGCCT
827854946496,1760,False,1759,1,CTTGATTACAAG
274890506368,1792,False,1791,1,GTCCTGCGGTAA
552977088512,1824,False,1823,1,AGCCCGTAAAAG
825707511936,1856,False,1855,1,CAGAGATCAGTT
826793803968,1888,False,1887,1,TCCCTCACAGGC
278107537472,1920,False,1919,1,TTTTTGCGCGCA
824633753792,1952,False,1951,1,TCAATTCCTGAT
827854979264,1984,False,1983,1,CATACTTGATGG
277037989888,2016,False,2015,1,GTCTTGTCGACG
3233808448,2048,False,2047,1,CTGCTCACCAAC
826781237440,2080,False,2079,1,TGTAACTGGTGG
3229630656,2112,False,2111,1,AGTGGTTGTCTA
278111764672,2144,False,2143,1,GAAAAACTCAGG
826793787456,2176,False,2175,1,GGCGAAACTTAG
3221274688,2208,False,2207,1,AGGATGCTTGGG
552981266432,2240,False,2239,1,ACAGGTGTTTTT
12615872,2272,False,2271,1,ACAGGTTGCTTC
827863335040,2304,False,2303,1,TAAAATGCTTCA
192,2336,False,2335,1,CTCGAAATGTGC
552989638784,2368,False,2367,1,TGGCGCAAAGTT
274877939904,2400,False,2399,1,AAGTCTTCATCG
277033795776,2432,False,2431,1,CGTCAGTGTATA
824637915264,2464,False,2463,1,ACTACTCATGCC
3233808448,2496,False,2495,1,TAACCTTTCTTG
549768413184,2528,False,2527,1,GTACTTACCTCT
1073774720,2560,False,2559,1,CGGTGAACTCGA
49216,2592,False,2591,1,ATAGCTTCACAA
2151694528,2624,False,2623,1,CCAGTCTGTGTA
1073758400,2656,False,2655,1,GATTAAGGACAA
827854946368,2688,False,2687,1,CTCCTGGTTTAC
550829555840,2720,False,2719,1,CGCTTAAAAGGG
12615808,2752,False,2751,1,AACCTTTGGAGA
2147500224,2784,False,2783,1,AAGGTTACAAGA
549755830272,2816,False,2815,1,CTTGATGAACGT
274890489984,2848,False,2847,1,AAAGTGCTCTGT
3233857536,2880,False,2879,1,CCGAAGTTACTG
1073758400,2912,False,2911,1,GAGGCTGTTGTG
274886344768,2944,False,2943,1,TGATCTCCTTAC
827867529216,2976,False,2975,1,ATGAGTGGAGTG
549760057408,3008,False,3007,1,GATGATGCTGGT
278103326848,3040,False,3039,1,TATGTATTGTTC
12582912,3072,False,3071,1,AAGAAGAGGACG
2147516416,3104,False,3103,1,GAAATTGATGAA
825715867712,3136,False,3135,1,TACAGAGGATGA
278099181568,3168,False,3167,1,AATTTGGTGCCT
549760024576,3200,False,3199,1,GAGGAAGAAGAA
2160099456,3232,False,3231,1,TACTACTGAGCA
274882150592,3264,False,3263,1,CAGAACCTACAC
824646336512,3296,False,3295,1,TTTACTGGTTAT
826793836672,3328,False,3327,1,TGCCATTAAATG
3229663232,3360,False,3359,1,CACAAAGTGCTA
278099165312,3392,False,3391,1,GCTGCTAACATA
0,3424,False,3423,1,TGTAGCAGGTGC
2155872320,3456,False,3455,1,GTGCCATGCAAA
278099165312,3488,False,3487,1,AAGCTAAATGGC
825707511808,3520,False,3519,1,TTGTTTGCTTTC
827859140608,3552,False,3551,1,AGTGTCTGCATG
12582976,3584,False,3583,1,GCAGGTGAGGAC
278099148992,3616,False,3615,1,ATATGAAAATTT
824642158784,3648,False,3647,1,TTGCACCATTGT
275951681664,3680,False,3679,1,GCTAAACCACTT
825720094848,3712,False,3711,1,GCAGACGGTTCG
278107521216,3744,False,3743,1,TCAATGACAAAG
549764219008,3776,False,3775,1,ATGGATTATCTT
2147483648,3808,False,3807,1,GGAAGCACCTAA
3229614272,3840,False,3839,1,CAGAAGATTCCA
549764218880,3872,False,3871,1,GTACAGAAGCCT
826793803776,3904,False,3903,1,TAAGGCCTGCAT
3221225600,3936,False,3935,1,TGGAAGAAACTA
552989622464,3968,False,3967,1,CTCTTGTTTGCT
549768396928,4000,False,3999,1,CCATGATTCTCA
826789609664,4032,False,4031,1,ATATGTCTTTCC
552989655040,4064,False,4063,1,ATGGTAGGTGAT
1077936256,4096,False,4095,1,CACTTGTGTTGT
2160099520,4128,False,4127,1,GTGGCACTACTG
549764202560,4160,False,4159,1,AAGAAAGTGCCA
3225468928,4192,False,4191,1,GTACCCTGGACA
3225419776,4224,False,4223,1,TTGAGGAAGCTA
827854995456,4256,False,4255,1,AAATCTGCATTT
551915880448,4288,False,4287,1,ACCTAATGCTAA
824633770176,4320,False,4319,1,TATCCTGGAATT
16576,4352,False,4351,1,GCTGAAGAGACA
12582912,4384,False,4383,1,CATGGATGTTAG
49152,4416,False,4415,1,AACGTAAGTATA
826785448128,4448,False,4447,1,GGCATCGTTGAC
1086373888,4480,False,4479,1,TTATACTAGTAA
3221225600,4512,False,4511,1,TTACGAAGCTGA
2160066560,4544,False,4543,1,GTCACAATGCCA
2151694336,4576,False,4575,1,TTTTAATCTTGA
278107570176,4608,False,4607,1,GTTCTCTTAAAG
552989671424,4640,False,4639,1,TCATCACCAGAT
552977039488,4672,False,4671,1,ATACCTCACTTC
12632256,4704,False,4703,1,AGCACTTTGTAG
825720078336,4736,False,4735,1,TCTTACAGAGAT
826793836608,4768,False,4767,1,TACAGAGTTAGG
825707511936,4800,False,4799,1,GTGACAAAATTG
278103359680,4832,False,4831,1,CCCGTCGAGTTT
8405184,4864,False,4863,1,TTCACTTGACAA
3221274688,4896,False,4895,1,TGCGGGAGGTTA
4194304,4928,False,4927,1,ACTGTGGACAAC
824633720896,4960,False,4959,1,TGTGGATATGTC
2155888832,4992,False,4991,1,TTGGTCCAACAT
274877923328,5024,False,5023,1,ACAAAAATTAAA
825711706240,5056,False,5055,1,TAAGACTTTCTT
3229614144,5088,False,5087,1,CACTACGTAGTG
3233808384,5120,False,5119,1,ACTCTTGATGAG
274877906944,5152,False,5151,1,GTCTGCTTTAAA
552977055936,5184,False,5183,1,TTCCTCAAGTTG
2160115840,5216,False,5215,1,TGGGCTGATAAC
825720045568,5248,False,5247,1,TTTATTAGCACT
278107537600,5280,False,5279,1,TCAATGCACCAG
549768396992,5312,False,5311,1,AGAGCCCGTGCT
278107570176,5344,False,5343,1,TGCACTCATACT
552977039552,5376,False,5375,1,TTGGCGAGCTTG
274890539008,5408,False,5407,1,ACCCATCTTCTA
824646336512,5440,False,5439,1,TGCAAAGCGAGT
3221274752,5472,False,5471,1,ATTGTGGTCAGA
8388800,5504,False,5503,1,GTAGAAGCTGTG
824642158592,5536,False,5535,1,TTATGATAATCT
552985444352,5568,False,5567,1,CATGTGTGTGTG
550842171584,5600,False,5599,1,CTAGTACAACAA
826781204544,5632,False,5631,1,GTCTGCACCACC
827854946368,5664,False,5663,1,AAGGTACATTCT
826793787392,5696,False,5695,1,GGTAACTATCAG
550829604992,5728,False,5727,1,AACTGCTAAGGA
277037973568,5760,False,5759,1,GAGCTCACCTTA
552981233664,5792,False,5791,1,GGACCAGTGACT
49344,5824,False,5823,1,ATCTTACACTAC
552989638784,5856,False,5855,1,ATAAACTCGATG
551915880448,5888,False,5887,1,GAACCAAAATTG
826781253760,5920,False,5919,1,TAATGCTTACTA
4194432,5952,False,5951,1,TTGTACCAACTC
3221274624,5984,False,5983,1,TTTGATAATTTC
827854946304,6016,False,6015,1,AAAATTTGCTGA
278103326720,6048,False,6047,1,GCTTCACAAAGC
274886328320,6080,False,6079,1,GTCACATTCTTC
274877956224,6112,False,6111,1,AGTGGCTATTGA
552989671616,6144,False,6143,1,GTTTCAAGAAAG
278103359552,6176,False,6175,1,CCAATTGTTTGG
275951698112,6208,False,6207,1,CAAGACAACGTT
552977055744,6240,False,6239,1,TACGTTGTCTTT
824646336704,6272,False,6271,1,ACTTCAAATTCA
2147532992,6304,False,6303,1,AGACACACAAGG
275960037376,6336,False,6335,1,AAAGTCAACAAC
8421568,6368,False,6367,1,GAAAATCCTACC
49280,6400,False,6399,1,GTGTGACGTGAA
8388800,6432,False,6431,1,ATGTCATACTTA
552989655040,6464,False,6463,1,AAAGTAACACAA
826781204480,6496,False,6495,1,TATGGCTGCTTA
278103343104,6528,False,6527,1,CCATTAAGAAAC
3225436288,6560,False,6559,1,TTAGGTTTAAAA
826785431552,6592,False,6591,1,TGCTGCAATTAA
824646352896,6624,False,6623,1,TTTTGGCTTATG
1086357504,6656,False,6655,1,GCAGCAATTACA
827854995456,6688,False,6687,1,ATTAGCACAACG
274890489984,6720,False,6719,1,CTTATGTGTTTA
1086324928,6752,False,6751,1,ACTTTTACTAAA
824646352896,6784,False,6783,1,AGCTTCACTACC
827867562112,6816,False,6815,1,GTGTTAAGAGTG
827863351296,6848,False,6847,1,GCCGGCATTAAT
274882134080,6880,False,6879,1,TTCTAAATTGTT
825715867648,6912,False,6911,1,TGTTGTTAAGTA
552989638848,6944,False,6943,1,TGTGTAACTGCT
827854995584,6976,False,6975,1,TAATTTTGGTGC
3233824832,7008,False,7007,1,TTAGAGAATTGT
826781253824,7040,False,7039,1,ACTACTATGGAT
824642109632,7072,False,7071,1,TTGCAGCATTTG
278107537600,7104,False,7103,1,TTGATTCTTATC
824642142400,7136,False,7135,1,GTGACGATTTCA
551903330496,7168,False,7167,1,AATTTTAGGTCT
824646353088,7200,False,7199,1,CATATATGTTGT
552985460928,7232,False,7231,1,TTAGGTCTTTCA
825720061952,7264,False,7263,1,TGGCTATTTTGC
552977072320,7296,False,7295,1,CTTGGCTCATGT
550829588608,7328,False,7327,1,CAAATGGCACCC
827867545600,7360,False,7359,1,GTACATCTTCTT
827854946496,7392,False,7391,1,GGAAGAGCTATG
827863384064,7424,False,7423,1,ACCTCTTCGACT
2147532800,7456,False,7455,1,CAATCGTGCCAC
826793836736,7488,False,7487,1,TTGTTAATGGCA
551907540992,7520,False,7519,1,TATGCAAATGGA
825707511808,7552,False,7551,1,TCACAATTGGAA
549755846848,7584,False,7583,1,TTTGCACTGGTA
825711706112,7616,False,7615,1,GTTGCTCGTGAT
826781204672,7648,False,7647,1,ACCAATCAACCC
827854946368,7680,False,7679,1,TTGTTGATAGTG
824642142208,7712,False,7711,1,CTTCACCTCTAC
1086341312,7744,False,7743,1,GACCTATGAGAG
2155872320,7776,False,7775,1,TCAATTTAGACA
278111715520,7808,False,7807,1,AAAGGTTCACTG
278099165312,7840,False,7839,1,TGATGGCAAGTC
277038006400,7872,False,7871,1,CTAAGTCTGCTT
3229646848,7904,False,7903,1,ATGTGCCAACCT
277025439872,7936,False,7935,1,TCTTGTATCAGA
827863334976,7968,False,7967,1,TTTCCGTTAAGA
3233824960,8000,False,7999,1,ACCTTTTCAGCA
2151678016,8032,False,8031,1,AAAACTTAAGGC
3229663424,8064,False,8063,1,GCGAGTTAGCAA
827854979200,8096,False,8095,1,GTCCTTTCTACA
826793803776,8128,False,8127,1,AGGTGTTGTTGA
550833766592,8160,False,8159,1,ATGTTATTGAAT
550842138752,8192,False,8191,1,TCTGACTTAGAA
278099165312,8224,False,8223,1,CAATTTCATGCT
552985444544,8256,False,8255,1,ACATGACGCCCA
4227072,8288,False,8287,1,GACTGTAATGCA
277029601472,8320,False,8319,1,AGCAAAAAGTCA
2160082944,8352,False,8351,1,ATGTAAAAGACT
2160099328,8384,False,8383,1,CTGCGTAAACAA
824646353024,8416,False,8415,1,GAACAACATACC
825715900608,8448,False,8447,1,CAACTAGACAGG
2160066752,8480,False,8479,1,AAAATCTCACTC
12615680,8512,False,8511,1,TACTTGTTTTAA
827867578560,8544,False,8543,1,TATTGTGCGTTC
549755863232,8576,False,8575,1,ATCGTTATGCCA
2160115904,8608,False,8607,1,TGATGGTTACAC
3221258304,8640,False,8639,1,AAGCCATTCAGG
551915880448,8672,False,8671,1,ATTTCTACTGAT
278111731776,8704,False,8703,1,TGCTGGTTTTGA
3221258304,8736,False,8735,1,GTGGTTCATACA
3221258432,8768,False,8767,1,GTAGTAGCTGCT
827859189888,8800,False,8799,1,TTTCATAGTGCC
3233857728,8832,False,8831,1,TGAGAGCAATCA
826793820160,8864,False,8863,1,CTACCTCGTGTT
824646353088,8896,False,8895,1,TTGCTACACACC
278111764672,8928,False,8927,1,GTGATTTTGCTA
3229647040,8960,False,8959,1,GCTGAGTGTACA
3221241856,8992,False,8991,1,CAAACCTGTGCC
278111748224,9024,False,9023,1,TGCTAGAGGGTT
274886295552,9056,False,9055,1,CGTCCAGACACT
550829604928,9088,False,9087,1,TTCCATCATACA
549755830464,9120,False,9119,1,AGGGTTCTGTTA
12632064,9152,False,9151,1,GCTGAGTACTGT
827867578368,9184,False,9183,1,GTCAGAAGTAGG
827863334976,9216,False,9215,1,GTAGATGGGTTC
552989655040,9248,False,9247,1,GCTCTATCAGGA
12632128,9280,False,9279,1,GATGAATCTCAT
827867529344,9312,False,9311,1,TTGTGCAACCTG
551915880512,9344,False,9343,1,GCTTCAGTAGTG
826781220864,9376,False,9375,1,ATTGGTGACTTG
1086374080,9440,False,9439,1,GTTGTTGCTGCT
3233808512,9472,False,9471,1,GTCTTTCACTAT
274890506304,9504,False,9503,1,ACAGCTTTCTGC
3233808384,9536,False,9535,1,TACTTGTACTTG
550842138816,9568,False,9567,1,TGTTTCATTCTT
278103376000,9600,False,9599,1,CCATGTTTTCTC
552989671616,9632,False,9631,1,ACAGCAATCTAT
552977055808,9664,False,9663,1,GCACTGCCATTG
827863384064,9696,False,9695,1,GGAAAAGAGTCA
550842187840,9728,False,9727,1,AGTACCTTCGAG
549755814080,9760,False,9759,1,TTTGCTCAACAA
826785415296,9792,False,9791,1,GTAGCGAGACAC
552989622272,9824,False,9823,1,AACAGGTATCTT
3221274624,9856,False,9855,1,GTATTTCAGTGG
275955892224,9888,False,9887,1,ATCGTGAAGCAG
826785431616,9920,False,9919,1,GCTCTAAATGAC
1073741824,9952,False,9951,1,TGTTCTCTACCA
826789642368,9984,False,9983,1,CTTCTGCTGTTC
826781237376,10016,False,10015,1,ATGGCATTCCCG
3229663232,10048,False,10047,1,CATGGTACAAGT
551911702528,10080,False,10079,1,TTAATGGATTGT
552981266432,10112,False,10111,1,TGTCCAAGACAT
827854995520,10144,False,10143,1,CATGCTTAATCC
3233857728,10176,False,10175,1,TTCGCAAATCCA
278111715456,10208,False,10207,1,GCTGGCAATGTT
825720078336,10240,False,10239,1,TTCTATGCAAAA
3221241984,10272,False,10271,1,TTGATACTTCTA
12599360,10304,False,10303,1,AAATTTGTCCGT
3221274688,10336,False,10335,1,TTCAGTTCTAGC
3221258432,10368,False,10367,1,CTGGTGTTTATC
550833750144,10400,False,10399,1,CATACCATTAAA
827854995648,10432,False,10431,1,ATGTGGTAGTGT
825707462848,10464,False,10463,1,ATTGCGTGTCTT
552981266496,10496,False,10495,1,GAGCTTCCAACA
3229614208,10528,False,10527,1,CTTAGAAGGTAA
277033811968,10560,False,10559,1,ACAGACAAACTG
824646336640,10592,False,10591,1,ACAACCATAACA
824642158784,10624,False,10623,1,GTATGCTGCTGT
825707512000,10656,False,10655,1,TTCTTAATAGAT
552985427968,10688,False,10687,1,TTTAACCTTGTG
1086341312,10720,False,10719,1,ACCTTTGACACA
274886344768,10752,False,10751,1,GACCTCTTTCTG
550837977280,10784,False,10783,1,TTAGATATGTGT
551911735360,10816,False,10815,1,GCAGAATGGTAT
824642158592,10848,False,10847,1,GTAGCACTATTT
4227264,10880,False,10879,1,TTTGATGTTGTT
549755863040,10912,False,10911,1,CTTCCAAGGTAA
551915896896,10944,False,10943,1,GCACTCATCATT
3233808448,10976,False,10975,1,ACATCACTATTG
827867545600,11008,False,11007,1,GTGGTCACTGTT
827863384192,11040,False,11039,1,CTTTCTTGCCAT
552985460736,11072,False,11071,1,ATTGCTGCATGT
278111764672,11104,False,11103,1,TAAGCACGCATT
278111764672,11136,False,11135,1,CTTCTCTTGCAA
551911686272,11168,False,11167,1,GTCTACATGCCT
827859156992,11200,False,11199,1,CATGACATGGCT
552985460928,11232,False,11231,1,TGTCTGGTTATA
827863335104,11264,False,11263,1,TATGCTTCAGCT
827854995584,11296,False,11295,1,GACAGCTCGCAC
277025439936,11328,False,11327,1,GACGTGTTTGGA
549768396864,11360,False,11359,1,CTTGTTTACAAA
824642125952,11392,False,11391,1,AGATCAAGCTAT
275964264512,11424,False,11423,1,TTTCTGTAACCT
827867562176,11456,False,11455,1,ACGACTATCATG
827854946496,11488,False,11487,1,GTTTGTGTGTGT
1077968960,11520,False,11519,1,TTATTACTGGCA
827859189888,11552,False,11551,1,CTTGTTTATTGT
278107521024,11584,False,11583,1,CTGCTACTTTGG
827863384256,11616,False,11615,1,GTTACTTCAGGC
0,11648,False,11647,1,TACTTGGTCTCT
552981282816,11680,False,11679,1,GAACTCCCAGGG
826781253760,11712,False,11711,1,GTATTGATGCTT
549755813888,11744,False,11743,1,TTGGGTATTGGA
549768446080,11776,False,11775,1,TGCTACTGTACA
824637931712,11808,False,11807,1,AGTGCACATCTG
549755863040,11840,False,11839,1,CAACAACTTAGA
825720062080,11872,False,11871,1,GTGGGCACAATG
1073742016,11904,False,11903,1,TTCTTCTTGCAA
827863367872,11936,False,11935,1,GAGAAGATGGTT
826781253632,11968,False,11967,1,ATCCATGCAGGG
825707495616,12000,False,11999,1,TGTGCGAGGAAA
550829555776,12032,False,12031,1,CTTCAGGCTATT
278103375936,12064,False,12063,1,ACCATCATATGC
3229614272,12096,False,12095,1,AGGCCTATGAGC
274886295552,12128,False,12127,1,TCTGAAGTCGTT
827854995520,12160,False,12159,1,TTTGAATGTGGC
1086324864,12192,False,12191,1,ATGCTGCCATGC
1073790976,12224,False,12223,1,GCAGATCAGGCT
549764202624,12256,False,12255,1,GGCAAGATCTGA
4243648,12288,False,12287,1,CTAGTGCTATGC
549768413184,12320,False,12319,1,CTTAGGAAGCTT
825707511936,12352,False,12351,1,CATTATCAACAA
824633737216,12384,False,12383,1,CACTCAACATCA
552989671552,12416,False,12415,1,AAACTCATGGTT
826789609664,12448,False,12447,1,CTACAAGAACAC
275960086656,12480,False,12479,1,CATATGCATCTG
551911718912,12512,False,12511,1,GTTGTTGATGCG
277025390592,12544,False,12543,1,TAGTGAAATTAA
827854962688,12576,False,12575,1,TGGCTTGGCCTC
549755813888,12608,False,12607,1,GCCAACTCAGCT
1082163392,12640,False,12639,1,ACTGAGTCCAGT
274877923520,12672,False,12671,1,GTGCGGCTGGTA
275955843072,12704,False,12703,1,GATGACAATGCA
551915880512,12736,False,12735,1,GAAGGGAGGTAG
1086341120,12768,False,12767,1,CAGACCACCAAG
550842138624,12800,False,12799,1,CCTAAGAGTGAT
3229663232,12832,False,12831,1,AGAACTGGAACC
552985428032,12864,False,12863,1,ACACACCAAAAG
552981250048,12896,False,12895,1,TACTTCATCAAA
549768445952,12928,False,12927,1,AGGTATGGTGCT
274886311936,12960,False,12959,1,TACGTCTTCAGG
3233857664,12992,False,12991,1,CCTGCCAATTCA
277025390592,13024,False,13023,1,TTTTGCAGTAGA
549760024640,13056,False,13055,1,ATTACCTAGCAA
3233824832,13088,False,13087,1,AACTGTGTGAAG
12583040,13120,False,13119,1,TACAGGACAGGC
2160099520,13152,False,13151,1,CTAACATGGACC
826781221056,13184,False,13183,1,TCATGTTGTCTG
826793836736,13216,False,13215,1,CCATCCAAATCC
824637931712,13248,False,13247,1,AAGGTAAGTACG
551915896960,13280,False,13279,1,GCTAATGACCCA
278107553792,13312,False,13311,1,CACAGTCTGTAC
552981282880,13344,False,13343,1,GTTATGGCTGTA
825720094784,13376,False,13375,1,CCCTTGATGCAG
826781237312,13408,False,13407,1,TTTAAACGGGTT
274886344704,13440,False,13439,1,TCTTACACCGTG
552985477184,13472,False,13471,1,ATGTCGTCTACA
552977088704,13504,False,13503,1,GAAAAAGTTGCT
827854979200,13536,False,13535,1,AACTAATTGCTG
824646303936,13568,False,13567,1,AGGAAGGCAATT
3233857536,13600,False,13599,1,GTTAAGAGGCAT
824646353024,13632,False,13631,1,TGAAGAGACTAT
275960086592,13664,False,13663,1,GTCCAGCGGTTG
549764218880,13696,False,13695,1,TTTAGAGTAGAT
824633737216,13728,False,13727,1,ATCACGTCAGCG
3225419968,13760,False,13759,1,CTGATTTAGTCT
550829588672,13792,False,13791,1,GAGGGTAATTGT
827854995648,13824,False,13823,1,CGTCACATACAA
2155921408,13856,False,13855,1,TCAATAAGAAGG
826781237248,13888,False,13887,1,AATCCTGACATC
1077936128,13920,False,13919,1,AGGTGAGCGTGT
552977072320,13952,False,13951,1,CTGTACAATTCT
552977072128,13984,False,13983,1,GGCATTGTAGGC
552977088640,14016,False,14015,1,GGATCTTAATGG
824642142208,14048,False,14047,1,ATTTCGTACAAG
824637964480,14080,False,14079,1,CCTATTGTGGAT
824642109568,14112,False,14111,1,GCCCATCCTCAC
827863384064,14144,False,14143,1,CTGAGTCCCATA
824642109440,14176,False,14175,1,CCACTTATTAAG
550837960832,14208,False,14207,1,TTTTACGGAAGA
2151694400,14240,False,14239,1,GTTATTTTAAAT
2155905152,14272,False,14271,1,CCCAATTGTATT
824646353088,14304,False,14303,1,TATCCTTCATTG
824633753792,14336,False,14335,1,TTTCTACTGTGT
3233841280,14368,False,14367,1,CCACTAGTAAGA
824642126016,14400,False,14399,1,TCCTTTTGTTGT
824633721024,14432,False,14431,1,GTGAGTTAGGAG
826785447936,14464,False,14463,1,AACTTACATAGC
826781204480,14496,False,14495,1,ACTTTTAGTGTA
552989671616,14528,False,14527,1,ATGCAGCTTCTG
825707495616,14560,False,14559,1,CGCACTACATGC
825711673408,14592,False,14591,1,AAACAATGTTGC
1086324928,14624,False,14623,1,GTAATTTTAATA
827863367808,14656,False,14655,1,GTGTCTAAAGGT
3233857600,14688,False,14687,1,TGTTGAACTAAA
275960037440,14720,False,14719,1,ATGGCAACGCTG
275951697920,14752,False,14751,1,TATCGTTATAAT
2160066688,14784,False,14783,1,CAGACAACTCCT
3229646912,14816,False,14815,1,ATAAATACTTTG
278103326720,14848,False,14847,1,ATTAATGCCAAC
827859189760,14880,False,14879,1,GGATAAATCAGC
552989622272,14912,False,14911,1,GGGGTAAGGCTA
274877956160,14944,False,14943,1,AGTTATGAGGAT
824637964288,14976,False,14975,1,TACTAAGCGTAA
3221258240,15008,False,15007,1,AAATGAATCTTA
3233841216,15040,False,15039,1,AATAGAGCTCGC
549764235328,15072,False,15071,1,CTGTAGTACTAT
8405184,15104,False,15103,1,AGAAATTATTGA
552977039360,15136,False,15135,1,GGAGCTACTGTG
549768396800,15168,False,15167,1,TTACGGTGGCTG
824637915328,15200,False,15199,1,TTTACAGTGATG
274890489920,15232,False,15231,1,GGTTGGGATTAT
824646320192,15264,False,15263,1,GCCTAACATGCT
3221258432,15296,False,15295,1,TTCTTGCTCGCA
824642142208,15328,False,15327,1,TTATCACACCGT
32768,15360,False,15359,1,GTGTGCGCAAGT
827854962880,15392,False,15391,1,GTGGCGGCTCAC
550829588480,15424,False,15423,1,ACATCATCCGGT
824642109568,15456,False,15455,1,TAATAGTGTCTT
4210880,15488,False,15487,1,CAGCCAATGTAA
549764235392,15520,False,15519,1,GGTAATAAGATA
552977088704,15552,False,15551,1,TCTACAACACAG
827863384192,15584,False,15583,1,GAAATAGGGATG
827867545792,15616,False,15615,1,GAGTTTTACGCT
826781220992,15648,False,15647,1,CATGATGATTCT
3229614272,15680,False,15679,1,GCTATAACAGTA
12615872,15712,False,15711,1,GTAGCTAGCATT
826793820288,15744,False,15743,1,TTATTATCAAAA
277033828544,15776,False,15775,1,CAAAATGTTGGA
826781220928,15808,False,15807,1,GGACCTCACGAA
2147500224,15840,False,15839,1,GCTAGTTAAACA
49152,15872,False,15871,1,TGCCTTACCCAG
549768429568,15904,False,15903,1,GCAGGCTGTTTT
824633753728,15936,False,15935,1,AGATGGTACACT
3225468928,15968,False,15967,1,CACTGGCTATTG
549768429760,16000,False,15999,1,CATCCTAATCAG
8421440,16032,False,16031,1,CTTGTATTTACA
550842138752,16064,False,16063,1,ATGAGCTTACTG
12582976,16096,False,16095,1,TCCGTAATGCTA
827854979072,16128,False,16127,1,GTACTGGGAACC
275955859456,16160,False,16159,1,ACACACCACATA
824633720896,16192,False,16191,1,GCTTGTGTATTG
274886295744,16224,False,16223,1,TCGTTGCGGTGC
550837944384,16256,False,16255,1,TATGTTGCAAGT
3229663424,16288,False,16287,1,TCAACATCACAC
277029634176,16320,False,16319,1,TCCCTATGTTTG
274890539008,16352,False,16351,1,TCACTGATGTGA
824633720896,16384,False,16383,1,ATGAGCTATTAT
3225468992,16416,False,16415,1,CATTAGTTTTCC
32768,16448,False,16447,1,TTTTTGGTTTAT
4227264,16480,False,16479,1,AGTGACAATGTC
549760024768,16512,False,16511,1,AACATGTGATTG
278107553856,16544,False,16543,1,TACTTGCCAACA
550833782848,16576,False,16575,1,CTTTTCGCAGCA
552977088640,16608,False,16607,1,GGAAACATTTAA
825715884032,16640,False,16639,1,CTGTACGCGAAG
552977055872,16672,False,16671,1,CATCTTTCATGG
3233857664,16704,False,16703,1,ACCATTGAACAG
3221274752,16736,False,16735,1,ACCGTGTAACTA
824633753600,16768,False,16767,1,GGAGAGTACACC
549764251648,16800,False,16799,1,TGATGCTGTTGT
827867578496,16832,False,16831,1,ACAAGTTGAATG
552977039424,16864,False,16863,1,ACATCTCACACT
2147532800,16896,False,16895,1,TACTCTAGTGCC
4194368,16928,False,16927,1,TTACTGGCTTGT
12582912,16960,False,16959,1,GATGAGTTTTCT
549755863104,16992,False,16991,1,AAAGGTCGGCAT
552977072320,17024,False,17023,1,AAGGACCACCTG
552989638720,17056,False,17055,1,GCCATCGGACTT
826789642368,17088,False,17087,1,TCGCATAGTGTA
827854962688,17120,False,17119,1,CTGTTGATGCCC
549768396992,17152,False,17151,1,TATTTGCCCATA
551903346816,17184,False,17183,1,ACCTGCGCGTGC
4194432,17216,False,17215,1,AATTCAAAGTGA
549755830272,17248,False,17247,1,GTTTTCTGCACT
826793836544,17280,False,17279,1,AACTGCTGACAT
3233841344,17312,False,17311,1,CTATGGCTACTA
275951698112,17344,False,17343,1,AATGCTAGACTT
825720045632,17376,False,17375,1,TATTGGCGATCC
274877956096,17408,False,17407,1,GCACATTGCTGA
827859157184,17440,False,17439,1,GAATATTTTAAT
12632064,17472,False,17471,1,AACAATAGGTCC
278099181632,17504,False,17503,1,GTCGCCGTTGTC
549760008384,17536,False,17535,1,GTGAGTGCTTTA
3221242048,17600,False,17599,1,AAATGTTCTACA
16576,17632,False,17631,1,GTTTCATCTGCA
1077952576,17664,False,17663,1,CGTTGTAAGAGA
278099148992,17696,False,17695,1,CTTGGAGAAAAG
552989622464,17728,False,17727,1,AATTCACAGAAC
549768446144,17760,False,17759,1,AGGATTGCCTAC
1082179648,17792,False,17791,1,AGGGTTCTGAAT
1077985280,17824,False,17823,1,CAAACTACTGAA
825707479232,17888,False,17887,1,AAATTGGCATTT
3221225600,17920,False,17919,1,GATCTTTATGAC
824646353088,17952,False,17951,1,AGAAATACCACG
827859189888,17984,False,17983,1,AAGCAGAAAATG
1086341184,18016,False,18015,1,TGTAGTAAGATC
1082179584,18048,False,18047,1,ACAGGCACCTAC
12632128,18080,False,18079,1,AGTTCAAGACTG
8437888,18112,False,18111,1,CCAGGCATACCA
551915880448,18144,False,18143,1,ACTCATCTCTAT
550829605056,18176,False,18175,1,ACCAAGTCAATG
552989655168,18208,False,18207,1,ACCCGCGAAGAA
826781220928,18240,False,18239,1,GTGGATTGGCTT
277025390592,18272,False,18271,1,CAACTAGAGATG
825707495424,18304,False,18303,1,CTCCAGCTAGGA
551903346688,18336,False,18335,1,AGTAGCTGTACC
1073791168,18368,False,18367,1,AAAATAACACAG
549764202496,18400,False,18399,1,AAACCTCCACCA
549764235456,18432,False,18431,1,TATACCACTCAT
826789593216,18464,False,18463,1,ATGTAGTGCGTA
2155905152,18496,False,18495,1,AGTGATACACTG
826781220992,18528,False,18527,1,CGTGTTCGTCCT
1082130624,18560,False,18559,1,TTACATCAATGA
826789625856,18592,False,18591,1,CCTGAAAGAACG
824637915136,18624,False,18623,1,TGCAACTTGCTT
3229647040,18656,False,18655,1,ATGCCTGCTGGA
278107553984,18688,False,18687,1,TATGTCTATAAC
826781253632,18720,False,18719,1,GCAGTGGGGCTT
1082130432,18752,False,18751,1,ACCATGACCAAC
2160066752,18784,False,18783,1,GCACATGTGGCT
1073758336,18816,False,18815,1,TAGATGTTTAGC
552985428160,18848,False,18847,1,AGCGCGTTGATT
277038022720,18880,False,18879,1,ATAGGAGATGAA
12615872,18912,False,18911,1,CAGAAAAGTACA
2151727296,18944,False,18943,1,CATTGCTTGCTG
274890489984,18976,False,18975,1,GACATTGGAAAT
2155905216,19008,False,19007,1,GCCTCAGGCTGA
552977055808,19040,False,19039,1,ATGCTCAGCCAT
277033828544,19104,False,19103,1,TCACGATAAATT
3225419776,19136,False,19135,1,TTTGGAATTGTA
826793787520,19168,False,19167,1,AATGCAATTGTG
552981250176,19200,False,19199,1,CTTGTCAAACTT
2147483648,19232,False,19231,1,GTGGTAGTTTGT
824633753792,19264,False,19263,1,CACACTCCAGCT
1086374080,19296,False,19295,1,TAATTTAAAGCA
551907524608,19328,False,19327,1,CTGATAGTCCTT
12599488,19360,False,19359,1,GTAGTGTCGGAT
824642126016,19392,False,19391,1,ATCTGCTACGTG
549760024768,19424,False,19423,1,GTGGTGCTGTTT
824633721024,19456,False,19455,1,TACCGACAGTAC
12615872,19488,False,19487,1,GATTTCTGCTGG
278103359680,19520,False,19519,1,AACAATTTGATA
277025390784,19552,False,19551,1,TTTACCAGGTTA
824642125952,19584,False,19583,1,TTATAATGTTGT
8405056,19616,False,19615,1,GACACGCCGGCG
825715884160,19648,False,19647,1,AATAATGCTGTT
277025423360,19680,False,19679,1,TGATGTGGAGAT
824642158720,19712,False,19711,1,TTCCTGTTAATG
1082163392,19744,False,19743,1,AAGCGTAACATT
826793836672,19776,False,19775,1,GATACTCAATAA
826793787392,19808,False,19807,1,CTAATACTGTAA
550829588672,19840,False,19839,1,GCCCCAGCACAT
277025390592,19872,False,19871,1,CACAATGACTGA
274877956224,19904,False,19903,1,AGAGTGCTTGTT
551911719104,19936,False,19935,1,GATGGTAGAGTG
826793787392,19968,False,19967,1,TAGAAACGCCCG
3221241856,20000,False,19999,1,AAGGTTCAGTCA
551907524800,20032,False,20031,1,GGACCAGCACAA
2147483840,20064,False,20063,1,ATTAATTGGAGA
8437952,20096,False,20095,1,ACTACTTTAAGA
12599424,20128,False,20127,1,CAGTTGCCTGAA
824637915200,20160,False,20159,1,AGACTTAGAGGA
825711673472,20192,False,20191,1,TGGAAACTGACT
274886328448,20224,False,20223,1,GAATTCATACAG
277025390784,20256,False,20255,1,TGCCTTCGAACA
825711656960,20288,False,20287,1,GTCATGGACAAC
2147516480,20320,False,20319,1,ATAGGCTTAGCC
552989671552,20352,False,20351,1,ACTTAAATTAGA
1073758400,20384,False,20383,1,GCACAGTGAAAA
824646352960,20416,False,20415,1,CAAACAGGTTCA
2147532928,20448,False,20447,1,GATTGATCTTTT
3233857728,20480,False,20479,1,TAATAAAGTCAC
550842187840,20512,False,20511,1,AAAGTGGTCAAG
552985460864,20544,False,20543,1,AATTTCATTCAT
825707511808,20576,False,20575,1,ATGTTGAAACCT
275964264640,20608,False,20607,1,AGTCAAGCGTGG
550837977152,20640,False,20639,1,TAACTTGTACAA
826793820160,20672,False,20671,1,AAAAGTGTGACC
825715851456,20736,False,20735,1,CGCAAAGTATAC
827859140672,20768,False,20767,1,ATACACTTACTT
826793836544,20800,False,20799,1,AGAGTTATTCAC
4227072,20832,False,20831,1,AGGAGTTGCACC
275955892288,20864,False,20863,1,AATGGTTGCCAA
552981266496,20896,False,20895,1,TCAGATCTTAAT
826789593216,20928,False,20927,1,TTCTACTTTAAT
2151727296,20960,False,20959,1,ATACGGCTAATA
277029601472,20992,False,20991,1,GATATGTATGAC
274877939904,21024,False,21023,1,AAAAGAGAATGA
552977039360,21056,False,21055,1,CTTATCTGTGTG
827867529408,21088,False,21087,1,GCCCTGGGTGGT
551903346688,21120,False,21119,1,AGAGCATTCTTG
824646320320,21152,False,21151,1,TTATGGGCCATT
1073790976,21184,False,21183,1,GTTACAAATGTA
549755863040,21216,False,21215,1,ATTTTTAATTGG
827867545728,21248,False,21247,1,CGAAGGAACAAA
826789593088,21280,False,21279,1,GCTAACTACATT
827859157120,21312,False,21311,1,TATCCAGTTGTC
278111748096,21344,False,21343,1,TGAGCAAATTTC
274886312128,21376,False,21375,1,GCTGTAATGTCT
825720045696,21408,False,21407,1,TGATATGATTTA
549755846848,21440,False,21439,1,GGCTTATCATTA
3233808384,21472,False,21471,1,GTTTCAAGTGAT
827867578368,21504,False,21503,1,GAACATGTTTAT
550837977152,21536,False,21535,1,TCACTAGTGGTA
549768396800,21568,False,21567,1,ACTTTTGATGAT
8421568,21600,False,21599,1,TCAACATACTTC
827867529408,21632,False,21631,1,ATCCTGATGAAA
552989638848,21664,False,21663,1,TATTTAACTCAG
3221274624,21696,False,21695,1,TTCTAATGTTAC
825711689728,21760,False,21759,1,GATGGTATTTAT
827867578560,21792,False,21791,1,AAATGTTGTCCG
12632256,21824,False,21823,1,CCATGAACAACA
12583040,21856,False,21855,1,ATTAACAATTCT
3221242048,21888,False,21887,1,ATGTAACTTTGA
1082146944,21920,False,21919,1,TTGCTGTTTCTA
824646352896,21952,False,21951,1,CATACTATGATA
278099148992,21984,False,21983,1,CACTTTCGAGTA
2155872448,22016,False,22015,1,TTGATGTTTCAG
827867529216,22048,False,22047,1,CACTTACGAGAG
827854962752,22080,False,22079,1,TGGGTTTCTCTA
827859157184,22112,False,22111,1,CTATAGATGTAG
1086324928,22144,False,22143,1,TTTAACACTTTG
274877956224,22176,False,22175,1,TCTTGGTATTAA
824642109504,22208,False,22207,1,TTCTTACAGCCT
550833799360,22240,False,22239,1,TGGGGCACGTCA
12615680,22272,False,22271,1,CTATTTAAAGCC
549755814080,22304,False,22303,1,ATGATGAAAATG
1086357696,22336,False,22335,1,GATTGTTCTCAA
552977088512,22368,False,22367,1,ATGCTCTGTTAA
278111748288,22400,False,22399,1,GAATTTACCAGA
552977055744,22432,False,22431,1,CCCTCAGGAGAT
827863367872,22464,False,22463,1,TACAAACTTGTG
827863334912,22496,False,22495,1,ATGCTACTAAAT
1086357568,22528,False,22527,1,GAGAGAAAAAAA
274882101440,22560,False,22559,1,TTACTCTGTGCT
552985444416,22592,False,22591,1,CAACCTTTAAGT
277029585088,22624,False,22623,1,AAGTTGAATGAT
826781204608,22656,False,22655,1,TGCAGATTCTTT
274882117824,22688,False,22687,1,TAAGACAAATAG
16384,22720,False,22719,1,ATTGCTGATTAT
825711689728,22752,False,22751,1,TTTCATGGGTTG
278099165376,22784,False,22783,1,GGAACATTGATG
12599424,22816,False,22815,1,AATTATAAATAT
824633720832,22848,False,22847,1,GCTTAGGCCCTT
278099148864,22880,False,22879,1,TGCCTTTCTCCC
2160083136,22912,False,22911,1,CCACCTGCTCTT
824637964288,22944,False,22943,1,TGATTATGGTTT
8437952,22976,False,22975,1,GCTACCAACCTT
1082130624,23008,False,23007,1,TTTGAACTTTTA
49152,23040,False,23039,1,TGGACCAAAATT
3233808384,23072,False,23071,1,ACCAGTGTGTCA
552989671488,23104,False,23103,1,ACTGGTACTGGT
1073791040,23136,False,23135,1,GAGATTTCAACC
827867578368,23168,False,23167,1,ATGTTTCTGATT
552977039424,23200,False,23199,1,CCTAAAACATCT
551911686144,23232,False,23231,1,TTGCTCTTTTGG
274886344896,23264,False,23263,1,CTGGAACAAATG
549760041152,23296,False,23295,1,CTATATCAAGAT
826781220928,23328,False,23327,1,TACAGCAATTCA
3229614272,23360,False,23359,1,CTTGGCGCATAT
551915880576,23392,False,23391,1,TTCCAGACTCAA
278099165312,23424,False,23423,1,TGAGCATGTCGA
275964248256,23456,False,23455,1,TTCCTATTGGAG
827867529344,23488,False,23487,1,CATACAGTTTCT
552981266624,23520,False,23519,1,AAAATCTATTGT
278111731904,23552,False,23551,1,GTGCTGATAGTT
275955892416,23584,False,23583,1,ACCATTGCTATA
4243456,23616,False,23615,1,CATTACTACAGA
827854995520,23648,False,23647,1,CTAAAACCTCCG
12583104,23680,False,23679,1,TGCGGAGATTCT
827863334976,23712,False,23711,1,TCTCCAATATGG
278107537408,23744,False,23743,1,ATCGTGCACTCT
274886328320,23776,False,23775,1,GATCGCAACACA
274882150400,23808,False,23807,1,CAAACAAATGTA
827867529216,23840,False,23839,1,ATTTTGGTGGTT
1086324800,23872,False,23871,1,CCTGACCCTCTA
552977072128,23904,False,23903,1,TATTGAGGACTT
550829555904,23936,False,23935,1,TCGCTGATGCTG
552989622272,23968,False,23967,1,GAATGCCTAGGT
552977039360,24000,False,23999,1,CATTTGTGCGCA
825715851392,24032,False,24031,1,TGTTGCCACCTC
550829555840,24064,False,24063,1,GCTGCCTACACT
12632192,24096,False,24095,1,TGCCACTGCTGG
827863384064,24128,False,24127,1,CTGCTCTTCAAA
2160099392,24160,False,24159,1,GCATATAGGTTC
824633720832,24192,False,24191,1,AAATGTTCTCTA
2147516416,24224,False,24223,1,CCAACCAATTTA
1073741888,24256,False,24255,1,CAAGAATCACTT
2160082944,24288,False,24287,1,GGGCAAGCTGCA
8388608,24320,False,24319,1,CTCAAGCATTAA
550842138816,24352,False,24351,1,AGCTCTAATTTT
825720094848,24384,False,24383,1,AAATGATATCCT
3221274816,24416,False,24415,1,AGGCGGAGGTAC
3221274816,24448,False,24447,1,GGCAGACTTCAA
277029584896,24480,False,24479,1,ACAACAACTAAT
827854946432,24512,False,24511,1,CTTCTGCTAATC
549755814080,24544,False,24543,1,GAGTGTGTTCTT
552977088704,24576,False,24575,1,CTTTTGTGGAAA
277033828416,24608,False,24607,1,TCCCACAAGCAG
827854962688,24640,False,24639,1,CTACATGTCACG
1077985344,24672,False,24671,1,GAACTTCACCAC
1077936320,24704,False,24703,1,AAGGCAAAGCAT
550842187968,24736,False,24735,1,TTTGTGTTTAAT
278103326720,24768,False,24767,1,ACAGAGGAACTT
278111748288,24800,False,24799,1,CTACAGACAATA
552989622336,24832,False,24831,1,GATGTCGTTATT
550829605056,24864,False,24863,1,TTATGATCCTCT
825720094720,24896,False,24895,1,TCAAAGAAGAGC
552989655040,24928,False,24927,1,CATACATCACCA
278111731712,24960,False,24959,1,TTCAGGCATTAA
1073741888,24992,False,24991,1,AAAAAGAAATTG
550833782976,25024,False,25023,1,AAAAATTTAAAT
2147532800,25056,False,25055,1,AGAATTGGGAAA
826789642432,25088,False,25087,1,GGCCTTGGTATG
3229614272,25120,False,25119,1,GGACTAATTGCC
549764219072,25152,False,25151,1,GCTTTGTTGCAT
552985444416,25184,False,25183,1,TCAAGGGTGCAT
549768413376,25216,False,25215,1,AAGTTTGATGAG
1073741824,25248,False,25247,1,CAAGGGTGTCAA
549764251648,25280,False,25279,1,ACTTATGGATTT
274882150400,25312,False,25311,1,TTGGATCAATTA
275964264448,25344,False,25343,1,GACAATGCTTCT
1073758272,25376,False,25375,1,TACAGCAACGAT
827863384064,25408,False,25407,1,CTTTCGGATGGC
277037973696,25440,False,25439,1,CTTGCTGTTTTT
3221225536,25472,False,25471,1,TGCGCTCAATAA
1086324736,25504,False,25503,1,ATAAGGGCTTCC
3233824960,25536,False,25535,1,CTGCTATTTGTT
32960,25568,False,25567,1,GCTTGTCGCTGC
277038022656,25600,False,25599,1,TGTACCTCTATG
826793787520,25632,False,25631,1,TGCATCAACGCA
552977055744,25664,False,25663,1,TTGGCTTTGTTG
1086374080,25696,False,25695,1,CATTACTTTATG
4243648,25728,False,25727,1,TGGCACACACAT
277029634176,25760,False,25759,1,ATATAACAGTGT
552977055744,25792,False,25791,1,CTGAAGGTGACG
278111764544,25824,False,25823,1,AAAGAAGACTAC
2147500160,25856,False,25855,1,GGATAGGCACTC
1082179648,25888,False,25887,1,TTGTACATGGCT
12582912,25920,False,25919,1,CAGCTTGAGTCT
824646320320,25952,False,25951,1,TGGTATTGAAAA
1077936256,25984,False,25983,1,ACAAGCTTGTTA
551915913408,26016,False,26015,1,ATACACACAATC
550842187904,26048,False,26047,1,TAATCCAGCAAT
275955892224,26080,False,26079,1,CGACGACGACTA
824646352960,26112,False,26111,1,CAAGAAAGTGAG
2151678080,26144,False,26143,1,CGTTTCGGAAGA
827863384192,26176,False,26175,1,ATAGCGTACTTC
3225436224,26208,False,26207,1,TTCTTGCTAGTC
827863351296,26240,False,26239,1,GCTTCGATTGTG
824637931712,26272,False,26271,1,TTAACGTGAGTT
549768396864,26304,False,26303,1,GTCTACTCGCGT
825720061952,26336,False,26335,1,TGAAGGAGTTCC
824646352896,26368,False,26367,1,ACTAACTATTAT
826789593280,26400,False,26399,1,TAACATTGCTTA
552977055936,26432,False,26431,1,ATTACCGTTGAG
8405184,26464,False,26463,1,ACAATGGAACCT
824637964352,26496,False,26495,1,TAGCCTGGATTA
3229614272,26528,False,26527,1,TCTAATCGGAAC
275964264576,26560,False,26559,1,GCTTGTTTTCCT
826789609536,26592,False,26591,1,CACTTGCTTGTT
550833750080,26624,False,26623,1,AGAATTAATTGG
826789626048,26656,False,26655,1,TGCAATGGCTTG
827867562112,26688,False,26687,1,TTAGCTACTTCG
827863384064,26720,False,26719,1,GCTCGTACCCGC
825707495488,26752,False,26751,1,AGAAACAAACAT
825711706240,26784,False,26783,1,GGGGGACAATTG
2160066752,26816,False,26815,1,AGTGAACTTGTC
2155888704,26848,False,26847,1,TGGTCACTTGCG
826785415168,26880,False,26879,1,GGCGCTGTGACA
1073758272,26912,False,26911,1,ATCACTGTGGCT
3221274752,26944,False,26943,1,TTACAAATTAGG
827867529280,26976,False,26975,1,CTGATTCAGGTT
824633720832,27008,False,27007,1,CGTATTGGAAAC
274890539072,27040,False,27039,1,CGCCGGTAGCAA
274886312128,27072,False,27071,1,TACAGTAAGTGA
824637948096,27104,False,27103,1,TGACTTCCAGGT
552977088704,27136,False,27135,1,TTATCATTATGA
552977088704,27168,False,27167,1,TGGAATCTTGAC
825720094720,27200,False,27199,1,GAGACAATTATT
827863335104,27232,False,27231,1,ATTATTCGGAGT
274882117632,27264,False,27263,1,GAGTTAGATTAT
824633770176,27296,False,27295,1,TTATTCTCTTCC
824646336640,27328,False,27327,1,TCTTGCGAGCTA
825720045632,27360,False,27359,1,TAGAGGTACGAC
275960037376,27392,False,27391,1,GCCCATCAGGAA
549768446016,27424,False,27423,1,TTTCACCCTCTT
275964280960,27456,False,27455,1,AACTTGCACTAG
274877907072,27488,False,27487,1,GTGCTGACGGTA
550829572288,27520,False,27519,1,CGTGCAAGATCA
550829588672,27552,False,27551,1,CAGACAAGAGGA
827863351296,27584,False,27583,1,CGCCACTTTTTC
827859140736,27616,False,27615,1,TTTTTAATACTT
552989622272,27648,False,27647,1,GACAGAATGAAT
826793820352,27680,False,27679,1,CTATTTGTGCTT
827854995584,27712,False,27711,1,TTGTTTTAATAA
274877939776,27744,False,27743,1,TCACTCGAAATC
12582976,27776,False,27775,1,TACCAAAGTCTA
551903346688,27872,False,27866,1,TAAACCTCATGT
549768396864,27904,False,27898,1,TACAACACTAGG
826781253696,27936,False,27930,1,TTGGCTTTGTGC
3229614080,27968,False,27962,1,TTCATAGATGGC
3225436160,28000,False,27994,1,ACACCTAATGTT
549760041152,28032,False,28026,1,AGCTGGTGGTGC
550829572096,28064,False,28058,1,ACCTTCATGAAG
552977039488,28096,False,28090,1,AGAGACGTACTT
278107537408,28128,False,28122,1,AAATTAAAATGT
550833750208,28160,False,28154,1,AACCAACGTAGT
824633770048,28192,False,28186,1,TGGACCCACAGA
2147500032,28224,False,28218,1,ATGGAGGACGCA
552981233728,28256,False,28250,1,CGCCGACCCCAA
1077969024,28288,False,28282,1,GTCTTGGTTCAC
550833782912,28320,False,28314,1,AGGAGGAACTTA
12599296,28352,False,28346,1,GTTCCAATCAAC
275960086592,28384,False,28378,1,CCAAATTGGCTA
550829604864,28416,False,28410,1,GAGTTCGTGGTG
824637964480,28448,False,28442,1,CTCAGCCCCAGA
3233824896,28480,False,28474,1,AACTGGCCCAGA
550842187776,28512,False,28506,1,CTAACAAAGAAG
1077968896,28544,False,28538,1,GAGGGAGCCTTG
824633770112,28576,False,28570,1,TGGCACCCGCAA
827863351296,28608,False,28602,1,CCGTGCTACAAC
825715851392,28640,False,28634,1,CCAAAAGGCTTC
278107537600,28672,False,28666,1,CGGCAGTCAAGC
16576,28704,False,28698,1,GTAGTCGCGGTA
549768429696,28736,False,28730,1,GGCAGCAGTAGG
826785415296,28768,False,28762,1,GGCTAGCGGAGG
192,28800,False,28794,1,TATTGCTGCTAG
549760024576,28832,False,28826,1,AGCAAAGTTTCT
274877956224,28864,False,28858,1,AGGCCAAACTGT
3225419968,28896,False,28890,1,AGGCATCTAAAA
824637931584,28928,False,28922,1,GCCACAAAACAG
826781220992,28960,False,28954,1,TGGGAGACGTGG
1073774592,28992,False,28986,1,ATTTCGGGGACC
277033779264,29024,False,29018,1,ACTGATTACAAA
827859157120,29056,False,29050,1,ATTTGCTCCAAG
551911702720,29088,False,29082,1,TGTCACGCATTG
12615872,29120,False,29114,1,GGAACATGGCTG
1073758336,29152,False,29146,1,ATTGGATGACAA
825711706176,29184,False,29178,1,ACGTCATACTGC
275951665152,29216,False,29210,1,TACAAAACATTC
64,29248,False,29242,1,GGACAAAAAGAA
549755813952,29280,False,29274,1,CTTTGCCGCAGA
275964231680,29312,False,29306,1,GTGACTCTTCTT
1073758208,29344,False,29338,1,TTTCTCCAGACA
4210688,29376,False,29370,1,GAGCTTCTGCTG
4243520,29408,False,29402,1,CTCATGATGACC
552985428160,29440,False,29434,1,GTAAACGTTTTC
549768446016,29472,False,29466,1,TAGTCTACTCTT
12632128,29504,False,29498,1,ACTAAACAGCAC
275951648960,29536,False,29530,1,AATCTCACATAG
2155888640,29568,False,29562,1,ACATTAGGGAGG
275960070272,29600,False,29594,1,TTTCATCGAGGC
3229646912,29632,False,29626,1,GTACAGTGAATA
278111715328,29664,False,29658,1,TATGGAAGAGCC
274886344896,29696,False,29690,1,TAGTAGTGCTAT
