274886344704,64,False,32,1,TGTAGATCTGTT
275964281024,96,False,64,1,CTGTGTAGCTGT
824633770176,128,False,96,1,GCACCTACGCAG
128,160,False,128,1,ACTGTCGTTGAC
278107570240,192,False,160,1,CTCTTCTGCAGA
274890539200,224,False,192,1,GTTGCAGTCGAT
274890489856,256,False,224,1,GTCCGGGTGTGA
824633720896,288,False,256,1,CCTTGTTCTTGG
827859140800,320,False,288,1,TCCAACTCAGTT
277029617728,352,False,320,1,GACGTGCTAGTG
2151727168,384,False,352,1,GGAAGAGGCCCT
278103376000,416,False,384,1,TCAAAAATGGCA
275960070144,448,False,416,1,GAAAAAGGCGTA
825711706304,480,False,448,1,CTATGTGTTCAT
550837993600,512,False,480,1,GCACCAATCACG
551915929728,544,False,512,1,GTTGCAGAAATG
2160083008,576,False,544,1,TAGCGGTATAAC
274886295616,608,False,576,1,ATGTGGGCGAAA
12583040,640,False,608,1,GTTCTTCTTCGT
277038022656,672,False,640,1,CGGTGGTCATAG
550833782976,704,False,672,1,CTTATGACTTAG
824633769984,736,False,704,1,CCCATTGAAGAT
826793836608,768,False,736,1,TAAGCATGGCAG
8437952,800,False,768,1,CTCGTGAGCTCA
3233824768,832,False,800,1,TATGTCGACAAC
824633770048,864,False,832,1,GTACCCTCTTGA
12599488,896,False,864,1,CACGCGCGGGCA
827863335040,928,False,896,1,GAACAACTTGAT
277025423488,960,False,928,1,TGTCTACTGCTG
277037973632,992,False,960,1,TTGCCTGGTTCA
1077936128,1024,False,992,1,TACGAGCACCAG
824646303872,1056,False,1024,1,TGCCAAGAAATT
827859140608,1088,False,1056,1,GCCCAAAGTTTG
275964264448,1120,False,1088,1,GTCAAAGTCATT
824642158656,1152,False,1120,1,AAAGACTGAGGG
824637915264,1184,False,1152,1,CTGTGTACCCTG
826785431552,1248,False,1216,1,TAATCATTGCGA
1086324928,1280,False,1248,1,GCGACTTTCTGA
827867562048,1312,False,1280,1,GGCACTGAAAAT
275955892352,1344,False,1312,1,TACATGTGGGTA
552989622336,1376,False,1344,1,TGAAAATGCCAT
549768429568,1408,False,1376,1,GAGATTGGACCT
49216,1440,False,1408,1,TCACAACCACTC
552989671424,1472,False,1440,1,GCAAGGGAGGTA
827859189760,1504,False,1472,1,TGTGTGTTTGCC
550837993600,1536,False,1504,1,GCGTGCCTACTG
552985477312,1568,False,1536,1,ATATTGGCTCAG
3233841344,1600,False,1568,1,GACAATGTGGAG
826789642240,1632,False,1600,1,TGAGATACTGAG
3233808384,1664,False,1632,1,ACATTGTTGGCG
825720094784,1696,False,1664,1,GTTGCCATCATT
826785398784,1728,False,1696,1,TACAAGTGCCTT
275951698112,1760,False,1728,1,TTGATTACAAGT
824646303872,1792,False,1760,1,TCCTGCGGTAAC
827854995520,1824,False,1792,1,GCCCGTAAAAGG
824637948096,1856,False,1824,1,AGAGATCAGTTT
551915880512,1888,False,1856,1,CCCTCACAGGCT
2151678016,1920,False,1888,1,TTTTGCGCGCAC
824642125888,1952,False,1920,1,CAATTCCTGATT
1073791168,1984,False,1952,1,ATACTTGATGGT
550829604864,2048,False,2016,1,TGCTCACCAACA
278099132480,2080,False,2048,1,GTAACTGGTGGT
827863384192,2112,False,2080,1,GTGGTTGTCTAA
275960070336,2144,False,2112,1,AAAAACTCAGGC
551915929792,2176,False,2144,1,GCGAAACTTAGT
550829604864,2208,False,2176,1,GGATGCTTGGGA
1073774592,2240,False,2208,1,CAGGTGTTTTTG
549760041088,2272,False,2240,1,CAGGTTGCTTCA
826793803904,2304,False,2272,1,AAAATGCTTCAT
827863351360,2336,False,2304,1,TCGAAATGTGCA
275955892352,2368,False,2336,1,GGCGCAAAGTTG
824633721024,2400,False,2368,1,AGTCTTCATCGC
550837944448,2432,False,2400,1,GTCAGTGTATAC
274877906944,2464,False,2432,1,CTACTCATGCCT
2151727104,2496,False,2464,1,AACCTTTCTTGA
2155921536,2528,False,2496,1,TACTTACCTCTG
552985444544,2560,False,2528,1,GGTGAACTCGAA
826793836544,2592,False,2560,1,TAGCTTCACAAA
1073790976,2624,False,2592,1,CAGTCTGTGTAA
549760041152,2656,False,2624,1,ATTAAGGACAAA
549755863232,2688,False,2656,1,TCCTGGTTTACT
549755814080,2720,False,2688,1,GCTTAAAAGGGG
550842171584,2752,False,2720,1,ACCTTTGGAGAA
824646303872,2784,False,2752,1,AGGTTACAAGAA
825715900608,2816,False,2784,1,TTGATGAACGTG
825720094848,2848,False,2816,1,AAGTGCTCTGTC
551911735424,2880,False,2848,1,CGAAGTTACTGA
3225436352,2912,False,2880,1,AGGCTGTTGTGA
3233841344,2944,False,2912,1,GATCTCCTTACC
12599488,2976,False,2944,1,TGAGTGGAGTGT
12599296,3008,False,2976,1,ATGATGCTGGTG
824646336512,3040,False,3008,1,ATGTATTGTTCC
826789625984,3072,False,3040,1,AGAAGAGGACGA
278103326784,3104,False,3072,1,AAATTGATGAAA
824646320320,3136,False,3104,1,ACAGAGGATGAT
2151727232,3168,False,3136,1,ATTTGGTGCCTC
12632256,3200,False,3168,1,AGGAAGAAGAAG
824646320128,3232,False,3200,1,ACTACTGAGCAA
826785448000,3264,False,3232,1,AGAACCTACACC
824633721024,3296,False,3264,1,TTACTGGTTATT
549760008192,3328,False,3296,1,GCCATTAAATGT
824646352896,3360,False,3328,1,ACAAAGTGCTAA
2151710912,3392,False,3360,1,CTGCTAACATAC
274886295552,3424,False,3392,1,GTAGCAGGTGCA
549755863040,3456,False,3424,1,TGCCATGCAAAA
278107553920,3488,False,3456,1,AGCTAAATGGCC
549768429568,3520,False,3488,1,TGTTTGCTTTCT
826785415168,3552,False,3520,1,GTGTCTGCATGT
826785398784,3584,False,3552,1,CAGGTGAGGACA
1082130624,3616,False,3584,1,TATGAAAATTTC
551911686272,3648,False,3616,1,TGCACCATTGTT
3225468992,3680,False,3648,1,CTAAACCACTTC
12582976,3712,False,3680,1,CAGACGGTTCGT
827854979200,3744,False,3712,1,CAATGACAAAGC
1073758208,3776,False,3744,1,TGGATTATCTTG
274886311936,3808,False,3776,1,GAAGCACCTAAA
2147483776,3840,False,3808,1,AGAAGATTCCAA
827854962688,3872,False,3840,1,TACAGAAGCCTG
549768396864,3904,False,3872,1,AAGGCCTGCATT
550833799360,3936,False,3904,1,GGAAGAAACTAA
1082130624,3968,False,3936,1,TCTTGTTTGCTG
3233841152,4000,False,3968,1,CATGATTCTCAG
824633721024,4032,False,4000,1,TATGTCTTTCCT
825707495616,4064,False,4032,1,TGGTAGGTGATG
1077936192,4096,False,4064,1,ACTTGTGTTGTA
550833750208,4128,False,4096,1,TGGCACTACTGA
827867578432,4160,False,4128,1,AGAAAGTGCCAG
551915929664,4192,False,4160,1,TACCCTGGACAA
551915913408,4224,False,4192,1,TGAGGAAGCTAA
4210688,4256,False,4224,1,AATCTGCATTTT
549768429632,4288,False,4256,1,CCTAATGCTAAG
551915929664,4320,False,4288,1,ATCCTGGAATTT
549755830272,4352,False,4320,1,CTGAAGAGACAA
552985428160,4384,False,4352,1,ATGGATGTTAGA
49280,4416,False,4384,1,ACGTAAGTATAA
3225468992,4448,False,4416,1,GCATCGTTGACT
550829605056,4480,False,4448,1,TATACTAGTAAA
275951681600,4512,False,4480,1,TACGAAGCTGAA
827863351488,4544,False,4512,1,TCACAATGCCAA
550837993664,4576,False,4544,1,TTTAATCTTGAA
826793820288,4608,False,4576,1,TTCTCTTAAAGC
278099132608,4640,False,4608,1,CATCACCAGATG
825715900416,4672,False,4640,1,TACCTCACTTCG
2151710848,4704,False,4672,1,GCACTTTGTAGA
550842171520,4736,False,4704,1,CTTACAGAGATT
549768396928,4768,False,4736,1,ACAGAGTTAGGT
550833782784,4800,False,4768,1,TGACAAAATTGT
3229614272,4832,False,4800,1,CCGTCGAGTTTC
274890539072,4864,False,4832,1,TCACTTGACAAA
549755846656,4896,False,4864,1,GCGGGAGGTTAA
278103343232,4928,False,4896,1,CTGTGGACAACA
1086341120,4960,False,4928,1,GTGGATATGTCT
277033828480,4992,False,4960,1,TGGTCCAACATA
278099132544,5024,False,4992,1,CAAAAATTAAAC
552989655040,5056,False,5024,1,AAGACTTTCTTT
3221241920,5088,False,5056,1,ACTACGTAGTGA
552985460800,5120,False,5088,1,CTCTTGATGAGA
827859140608,5184,False,5152,1,TCCTCAAGTTGG
3233824960,5216,False,5184,1,GGGCTGATAACA
274890522624,5248,False,5216,1,TTATTAGCACTT
1073791168,5280,False,5248,1,CAATGCACCAGC
552985428160,5312,False,5280,1,GAGCCCGTGCTG
549768396864,5344,False,5312,1,GCACTCATACTC
826789593088,5376,False,5344,1,TGGCGAGCTTGG
3221274624,5408,False,5376,1,CCCATCTTCTAC
274886344704,5440,False,5408,1,GCAAAGCGAGTT
4194432,5472,False,5440,1,TTGTGGTCAGAA
827863351296,5504,False,5472,1,TAGAAGCTGTGA
1086374080,5536,False,5504,1,TATGATAATCTT
826785398976,5568,False,5536,1,ATGTGTGTGTGG
3233857664,5600,False,5568,1,TAGTACAACAAG
549768445952,5632,False,5600,1,TCTGCACCACCT
2147516416,5664,False,5632,1,AGGTACATTCTT
552989638848,5696,False,5664,1,GTAACTATCAGT
3233808384,5728,False,5696,1,ACTGCTAAGGAG
4227072,5760,False,5728,1,AGCTCACCTTAC
3233808384,5792,False,5760,1,GACCAGTGACTG
0,5856,False,5824,1,TAAACTCGATGG
2160066688,5888,False,5856,1,AACCAAAATTGG
8388608,5920,False,5888,1,AATGCTTACTAT
3225468928,5952,False,5920,1,TGTACCAACTCA
1086341184,5984,False,5952,1,TTGATAATTTCA
552989622336,6016,False,5984,1,AAATTTGCTGAT
3229647040,6048,False,6016,1,CTTCACAAAGCC
275951681728,6080,False,6048,1,TCACATTCTTCC
826785448000,6112,False,6080,1,GTGGCTATTGAC
824646336512,6144,False,6112,1,TTTCAAGAAAGG
3225436160,6176,False,6144,1,CAATTGTTTGGC
1077985408,6208,False,6176,1,AAGACAACGTTC
549755814016,6240,False,6208,1,ACGTTGTCTTTG
824637931520,6272,False,6240,1,CTTCAAATTCAT
12615808,6304,False,6272,1,GACACACAAGGA
278099132544,6336,False,6304,1,AAGTCAACAACC
826789642240,6368,False,6336,1,AAAATCCTACCA
1073774720,6400,False,6368,1,TGTGACGTGAAA
3221225600,6432,False,6400,1,TGTCATACTTAA
4194496,6464,False,6432,1,AAGTAACACAAG
549760008384,6496,False,6464,1,ATGGCTGCTTAT
826793787520,6528,False,6496,1,CATTAAGAAACC
278099132608,6560,False,6528,1,TAGGTTTAAAAA
3233808384,6592,False,6560,1,GCTGCAATTAAT
275964231744,6624,False,6592,1,TTTGGCTTATGT
274890506368,6656,False,6624,1,CAGCAATTACAA
552981283008,6688,False,6656,1,TTAGCACAACGT
3233808576,6720,False,6688,1,TTATGTGTTTAC
550842171584,6752,False,6720,1,CTTTTACTAAAA
1086324736,6784,False,6752,1,GCTTCACTACCT
824646353024,6816,False,6784,1,TGTTAAGAGTGT
2160082944,6848,False,6816,1,CCGGCATTAATT
3233857728,6880,False,6848,1,TCTAAATTGTTC
827863384064,6912,False,6880,1,GTTGTTAAGTAT
278107570176,6944,False,6912,1,GTGTAACTGCTG
275964231808,6976,False,6944,1,AATTTTGGTGCT
824637964416,7008,False,6976,1,TAGAGAATTGTA
827863351488,7040,False,7008,1,CTACTATGGATT
826781237312,7072,False,7040,1,TGCAGCATTTGT
1073758272,7104,False,7072,1,TGATTCTTATCC
550837977280,7168,False,7136,1,ATTTTAGGTCTG
274890539200,7200,False,7168,1,ATATATGTTGTT
274882150464,7232,False,7200,1,TAGGTCTTTCAG
4194304,7264,False,7232,1,GGCTATTTTGCT
549768446080,7296,False,7264,1,TTGGCTCATGTG
827854995584,7328,False,7296,1,AAATGGCACCCG
550833799360,7360,False,7328,1,TACATCTTCTTT
824646353088,7392,False,7360,1,GAAGAGCTATGT
551915880576,7424,False,7392,1,CCTCTTCGACTT
278107521088,7456,False,7424,1,AATCGTGCCACA
549760024704,7488,False,7456,1,TGTTAATGGCAT
552989655168,7520,False,7488,1,ATGCAAATGGAG
827867562048,7552,False,7520,1,CACAATTGGAAT
827867578496,7584,False,7552,1,TTGCACTGGTAG
824637964288,7616,False,7584,1,TTGCTCGTGATT
8437760,7648,False,7616,1,CCAATCAACCCT
826781253760,7680,False,7648,1,TGTTGATAGTGT
825715884032,7712,False,7680,1,TTCACCTCTACT
275955859648,7744,False,7712,1,ACCTATGAGAGA
824637931520,7776,False,7744,1,CAATTTAGACAA
278107570368,7808,False,7776,1,AAGGTTCACTGC
2151727168,7840,False,7808,1,GATGGCAAGTCC
826785398784,7904,False,7872,1,TGTGCCAACCTA
551915880448,7936,False,7904,1,CTTGTATCAGAC
551907541120,7968,False,7936,1,TTCCGTTAAGAT
278107537536,8000,False,7968,1,CCTTTTCAGCAA
278111748096,8032,False,8000,1,AAACTTAAGGCA
551907491968,8064,False,8032,1,CGAGTTAGCAAA
826789609472,8096,False,8064,1,TCCTTTCTACAT
12582912,8128,False,8096,1,GGTGTTGTTGAT
824646303808,8160,False,8128,1,TGTTATTGAATG
824642142400,8192,False,8160,1,CTGACTTAGAAG
12615680,8224,False,8192,1,AATTTCATGCTC
1082130432,8256,False,8224,1,CATGACGCCCAG
552977055744,8288,False,8256,1,ACTGTAATGCAA
3221225600,8320,False,8288,1,GCAAAAAGTCAC
278111764544,8352,False,8320,1,TGTAAAAGACTA
827863351424,8384,False,8352,1,TGCGTAAACAAA
826781253696,8416,False,8384,1,AACAACATACCT
824646303744,8448,False,8416,1,AACTAGACAGGT
3221274816,8480,False,8448,1,AAATCTCACTCA
826793836736,8544,False,8512,1,ATTGTGCGTTCT
827867545664,8576,False,8544,1,TCGTTATGCCAG
4227072,8608,False,8576,1,GATGGTTACACA
826785447936,8640,False,8608,1,AGCCATTCAGGA
3229614080,8672,False,8640,1,TTTCTACTGATG
551915896960,8704,False,8672,1,GCTGGTTTTGAC
2147500096,8736,False,8704,1,TGGTTCATACAA
827854946496,8768,False,8736,1,TAGTAGCTGCTA
552985428160,8800,False,8768,1,TTCATAGTGCCT
826793820352,8832,False,8800,1,GAGAGCAATCAA
827863367744,8864,False,8832,1,TACCTCGTGTTT
824637947904,8896,False,8864,1,TGCTACACACCT
277033828480,8928,False,8896,1,TGATTTTGCTAC
827863351424,8960,False,8928,1,CTGAGTGTACAA
826793787392,8992,False,8960,1,AAACCTGTGCCA
827854995520,9024,False,8992,1,GCTAGAGGGTTC
552981283008,9056,False,9024,1,GTCCAGACACTC
825711706304,9088,False,9056,1,TCCATCATACAG
2151727232,9120,False,9088,1,GGGTTCTGTTAG
552977072128,9152,False,9120,1,CTGAGTACTGTA
824633769984,9216,False,9184,1,TAGATGGGTTCT
825715900608,9248,False,9216,1,CTCTATCAGGAG
549760008256,9280,False,9248,1,ATGAATCTCATA
551915929792,9312,False,9280,1,TGTGCAACCTGT
550833799360,9376,False,9344,1,TTGGTGACTTGT
12632192,9440,False,9408,1,TTGTTGCTGCTA
277033795648,9472,False,9440,1,TCTTTCACTATA
551903297728,9504,False,9472,1,CAGCTTTCTGCC
275964248256,9536,False,9504,1,ACTTGTACTTGA
549768446144,9568,False,9536,1,GTTTCATTCTTG
826785447936,9600,False,9568,1,CATGTTTTCTCC
825707479168,9632,False,9600,1,CAGCAATCTATG
827859189952,9664,False,9632,1,CACTGCCATTGG
549764251840,9696,False,9664,1,GAAAAGAGTCAT
3233841216,9728,False,9696,1,GTACCTTCGAGG
552981233856,9760,False,9728,1,TTGCTCAACAAG
550842138816,9792,False,9760,1,TAGCGAGACACT
274877907008,9824,False,9792,1,ACAGGTATCTTG
552989622400,9856,False,9824,1,TATTTCAGTGGA
827854946304,9888,False,9856,1,TCGTGAAGCAGC
825720078528,9920,False,9888,1,CTCTAAATGACT
275960086720,9952,False,9920,1,GTTCTCTACCAA
549764251648,9984,False,9952,1,TTCTGCTGTTCT
275960037504,10016,False,9984,1,TGGCATTCCCGT
2147483712,10048,False,10016,1,ATGGTACAAGTA
551903297728,10080,False,10048,1,TAATGGATTGTG
827854962688,10112,False,10080,1,GTCCAAGACATG
16576,10144,False,10112,1,ATGCTTAATCCT
274890539072,10176,False,10144,1,TCGCAAATCCAA
3229663296,10208,False,10176,1,CTGGCAATGTTC
827867545600,10240,False,10208,1,TCTATGCAAAAT
274882117824,10272,False,10240,1,TGATACTTCTAA
824642109440,10304,False,10272,1,AATTTGTCCGTA
824646352960,10336,False,10304,1,TCAGTTCTAGCA
551915880448,10368,False,10336,1,TGGTGTTTATCA
552981233664,10400,False,10368,1,ATACCATTAAAG
552981266432,10432,False,10400,1,TGTGGTAGTGTT
278111764480,10464,False,10432,1,TTGCGTGTCTTT
549764235456,10496,False,10464,1,AGCTTCCAACAG
824646353088,10528,False,10496,1,TTAGAAGGTAAA
2151727232,10560,False,10528,1,CAGACAAACTGC
827867545728,10592,False,10560,1,CAACCATAACAT
12583040,10624,False,10592,1,TATGCTGCTGTT
274882134144,10656,False,10624,1,TCTTAATAGATT
277037973696,10688,False,10656,1,TTAACCTTGTGG
549768396992,10720,False,10688,1,CCTTTGACACAA
824642158720,10752,False,10720,1,ACCTCTTTCTGC
278099132544,10784,False,10752,1,TAGATATGTGTG
2160066752,10816,False,10784,1,CAGAATGGTATG
2147532864,10848,False,10816,1,TAGCACTATTTT
549768429760,10880,False,10848,1,TTGATGTTGTTA
824633753600,10912,False,10880,1,TTCCAAGGTAAG
550842187968,10944,False,10912,1,CACTCATCATTG
827867561984,11008,False,10976,1,TGGTCACTGTTT
825715900544,11040,False,11008,1,TTTCTTGCCATT
277029634176,11072,False,11040,1,TTGCTGCATGTG
826789609664,11104,False,11072,1,AAGCACGCATTC
2147532800,11136,False,11104,1,TTCTCTTGCAAC
275960086720,11168,False,11136,1,TCTACATGCCTG
552989622400,11200,False,11168,1,ATGACATGGCTT
549755863040,11232,False,11200,1,GTCTGGTTATAG
827859189824,11264,False,11232,1,ATGCTTCAGCTT
549768429632,11296,False,11264,1,ACAGCTCGCACT
16384,11328,False,11296,1,ACGTGTTTGGAC
825715851456,11360,False,11328,1,TTGTTTACAAAG
827863384256,11392,False,11360,1,GATCAAGCTATT
827859189888,11424,False,11392,1,TTCTGTAACCTC
824633737216,11456,False,11424,1,CGACTATCATGT
549760057536,11488,False,11456,1,TTTGTGTGTGTT
278099181568,11520,False,11488,1,TATTACTGGCAA
824646336576,11552,False,11520,1,TTGTTTATTGTT
278111731712,11584,False,11552,1,TGCTACTTTGGC
825715900544,11616,False,11584,1,TTACTTCAGGCT
274890522816,11648,False,11616,1,ACTTGGTCTCTA
278111715456,11680,False,11648,1,AACTCCCAGGGG
275951698112,11712,False,11680,1,TATTGATGCTTT
549768446080,11744,False,11712,1,TGGGTATTGGAG
824642142400,11776,False,11744,1,GCTACTGTACAG
550842171456,11808,False,11776,1,GTGCACATCTGT
826793803776,11840,False,11808,1,AACAACTTAGAG
549760008192,11872,False,11840,1,TGGGCACAATGT
4194496,11904,False,11872,1,TCTTCTTGCAAA
278111764608,11936,False,11904,1,AGAAGATGGTTT
552981233792,11968,False,11936,1,TCCATGCAGGGT
551903346688,12000,False,11968,1,GTGCGAGGAAAT
274890522816,12032,False,12000,1,TTCAGGCTATTG
549760040960,12064,False,12032,1,CCATCATATGCC
551907541120,12096,False,12064,1,GGCCTATGAGCA
1082163328,12160,False,12128,1,TTGAATGTGGCT
12582912,12192,False,12160,1,TGCTGCCATGCA
825707462656,12224,False,12192,1,CAGATCAGGCTA
549764202688,12256,False,12224,1,GCAAGATCTGAG
12599296,12288,False,12256,1,TAGTGCTATGCA
3229663296,12320,False,12288,1,TTAGGAAGCTTG
551915929792,12352,False,12320,1,ATTATCAACAAT
3225419904,12384,False,12352,1,ACTCAACATCAT
825715851456,12416,False,12384,1,AACTCATGGTTG
824646303936,12448,False,12416,1,TACAAGAACACT
3221241920,12480,False,12448,1,ATATGCATCTGC
1073790976,12512,False,12480,1,TTGTTGATGCGG
12599296,12544,False,12512,1,AGTGAAATTAAC
826785447936,12576,False,12544,1,GGCTTGGCCTCT
824637915328,12608,False,12576,1,CCAACTCAGCTG
552977039424,12640,False,12608,1,CTGAGTCCAGTA
275955892224,12672,False,12640,1,TGCGGCTGGTAC
825720045760,12704,False,12672,1,ATGACAATGCAC
827863384256,12736,False,12704,1,AAGGGAGGTAGG
824642158784,12768,False,12736,1,AGACCACCAAGA
549755863104,12800,False,12768,1,CTAAGAGTGATG
277033812032,12832,False,12800,1,GAACTGGAACCA
549768396992,12864,False,12832,1,CACACCAAAAGG
549755863232,12896,False,12864,1,ACTTCATCAAAG
551903330368,12928,False,12896,1,GGTATGGTGCTG
824637915264,12960,False,12928,1,ACGTCTTCAGGC
277038022848,12992,False,12960,1,CTGCCAATTCAA
275951697920,13024,False,12992,1,TTTGCAGTAGAC
826781204480,13056,False,13024,1,TTACCTAGCAAG
826781204672,13088,False,13056,1,ACTGTGTGAAGA
1073758208,13120,False,13088,1,ACAGGACAGGCA
3233857664,13152,False,13120,1,TAACATGGACCA
3233808576,13184,False,13152,1,CATGTTGTCTGT
2151710912,13216,False,13184,1,CATCCAAATCCT
274882117824,13248,False,13216,1,AGGTAAGTACGT
827854995456,13280,False,13248,1,CTAATGACCCAG
551903346688,13312,False,13280,1,ACAGTCTGTACC
826781220992,13344,False,13312,1,TTATGGCTGTAG
277033795712,13376,False,13344,1,CCTTGATGCAGT
552977055808,13408,False,13376,1,TTAAACGGGTTT
550833750080,13440,False,13408,1,CTTACACCGTGC
552977088512,13472,False,13440,1,TGTCGTCTACAG
552977088512,13504,False,13472,1,AAAAAGTTGCTG
278107521024,13536,False,13504,1,ACTAATTGCTGT
2151694464,13568,False,13536,1,GGAAGGCAATTT
277025390592,13600,False,13568,1,TTAAGAGGCATA
824642109440,13632,False,13600,1,GAAGAGACTATT
825707511808,13664,False,13632,1,TCCAGCGGTTGC
550837960896,13696,False,13664,1,TTAGAGTAGATG
275951648960,13728,False,13696,1,TCACGTCAGCGT
825715900544,13760,False,13728,1,TGATTTAGTCTA
0,13792,False,13760,1,AGGGTAATTGTG
826793820160,13824,False,13792,1,GTCACATACAAT
827854962816,13856,False,13824,1,CAATAAGAAGGA
825720062016,13888,False,13856,1,ATCCTGACATCT
274877956096,13920,False,13888,1,GGTGAGCGTGTA
277038022784,13952,False,13920,1,TGTACAATTCTG
826793787584,13984,False,13952,1,GCATTGTAGGCG
2151727232,14016,False,13984,1,GATCTTAATGGG
1082146944,14048,False,14016,1,TTTCGTACAAGT
278111764608,14080,False,14048,1,CTATTGTGGATT
551903313920,14144,False,14112,1,TGAGTCCCATAT
552981233856,14176,False,14144,1,CACTTATTAAGT
3233857536,14208,False,14176,1,TTTACGGAAGAG
826781204544,14240,False,14208,1,TTATTTTAAATA
3229614208,14272,False,14240,1,CCAATTGTATTA
825711706240,14336,False,14304,1,TTCTACTGTGTT
8388800,14368,False,14336,1,CACTAGTAAGAA
825707479232,14400,False,14368,1,CCTTTTGTTGTT
275951681664,14432,False,14400,1,TGAGTTAGGAGT
278099181696,14464,False,14432,1,ACTTACATAGCT
550842171584,14496,False,14464,1,CTTTTAGTGTAT
278111715328,14528,False,14496,1,TGCAGCTTCTGG
824642125824,14560,False,14528,1,GCACTACATGCT
824646303808,14592,False,14560,1,AACAATGTTGCT
3221241984,14624,False,14592,1,TAATTTTAATAA
827863367872,14656,False,14624,1,TGTCTAAAGGTT
278103359488,14688,False,14656,1,GTTGAACTAAAA
824633770176,14720,False,14688,1,TGGCAACGCTGC
824633753792,14752,False,14720,1,ATCGTTATAATC
827854995648,14816,False,14784,1,TAAATACTTTGA
8388800,14848,False,14816,1,TTAATGCCAACC
552977039360,14880,False,14848,1,GATAAATCAGCT
3221241856,14912,False,14880,1,GGGTAAGGCTAG
3225469056,14944,False,14912,1,GTTATGAGGATC
552989622336,14976,False,14944,1,ACTAAGCGTAAT
551915929600,15008,False,14976,1,AATGAATCTTAA
274886344896,15040,False,15008,1,ATAGAGCTCGCA
49152,15072,False,15040,1,TGTAGTACTATG
549760024576,15104,False,15072,1,GAAATTATTGAA
827854979200,15136,False,15104,1,GAGCTACTGTGG
274886295616,15168,False,15136,1,TACGGTGGCTGG
4210688,15200,False,15168,1,TTACAGTGATGT
274886328384,15232,False,15200,1,GTTGGGATTATC
3229663424,15264,False,15232,1,CCTAACATGCTT
4210688,15296,False,15264,1,TCTTGCTCGCAA
825720062016,15328,False,15296,1,TATCACACCGTT
826789626048,15360,False,15328,1,TGTGCGCAAGTA
2147483776,15392,False,15360,1,TGGCGGCTCACT
3221242048,15424,False,15392,1,CATCATCCGGTG
3233841344,15456,False,15424,1,AATAGTGTCTTT
825720045696,15488,False,15456,1,AGCCAATGTAAA
275964280896,15520,False,15488,1,GTAATAAGATAG
274886311936,15552,False,15520,1,CTACAACACAGG
825707479168,15584,False,15552,1,AAATAGGGATGT
2147483712,15616,False,15584,1,AGTTTTACGCTT
824646336704,15648,False,15616,1,ATGATGATTCTT
277029585088,15680,False,15648,1,CTATAACAGTAA
1073758400,15712,False,15680,1,TAGCTAGCATTA
3225468928,15744,False,15712,1,TATTATCAAAAT
824633769984,15776,False,15744,1,AAAATGTTGGAC
825711656960,15808,False,15776,1,GACCTCACGAAT
549768429568,15840,False,15808,1,CTAGTTAAACAA
827863335040,15872,False,15840,1,GCCTTACCCAGA
827854995456,15904,False,15872,1,CAGGCTGTTTTG
3221274816,15936,False,15904,1,GATGGTACACTT
827859189760,15968,False,15936,1,ACTGGCTATTGA
3229663424,16000,False,15968,1,ATCCTAATCAGG
827854995456,16032,False,16000,1,TTGTATTTACAA
274890506432,16064,False,16032,1,TGAGCTTACTGG
278099148800,16096,False,16064,1,CCGTAATGCTAA
552989655232,16128,False,16096,1,TACTGGGAACCT
3221274752,16160,False,16128,1,CACACCACATAC
552981250048,16192,False,16160,1,CTTGTGTATTGT
827863351488,16224,False,16192,1,CGTTGCGGTGCC
278099181568,16256,False,16224,1,ATGTTGCAAGTG
12599488,16288,False,16256,1,CAACATCACACA
1073790976,16320,False,16288,1,CCCTATGTTTGC
1073741952,16352,False,16320,1,CACTGATGTGAC
551907492032,16384,False,16352,1,TGAGCTATTATT
826793820160,16416,False,16384,1,ATTAGTTTTCCA
274882150528,16448,False,16416,1,TTTTGGTTTATA
275951665152,16480,False,16448,1,GTGACAATGTCA
12615680,16512,False,16480,1,ACATGTGATTGG
824633720832,16544,False,16512,1,ACTTGCCAACAC
2147500224,16576,False,16544,1,TTTTCGCAGCAG
275964231744,16608,False,16576,1,GAAACATTTAAG
3221225664,16640,False,16608,1,TGTACGCGAAGT
3221241856,16672,False,16640,1,ATCTTTCATGGG
4194432,16704,False,16672,1,CCATTGAACAGA
0,16736,False,16704,1,CCGTGTAACTAA
824642109632,16768,False,16736,1,GAGAGTACACCT
826793787456,16800,False,16768,1,GATGCTGTTGTG
826781253824,16832,False,16800,1,CAAGTTGAATGT
826785431552,16864,False,16832,1,CATCTCACACTG
274882134144,16896,False,16864,1,ACTCTAGTGCCA
274890506432,16928,False,16896,1,TACTGGCTTGTA
552985428160,16960,False,16928,1,ATGAGTTTTCTA
274882101440,16992,False,16960,1,AAGGTCGGCATG
826781253824,17024,False,16992,1,AGGACCACCTGG
275964248256,17056,False,17024,1,CCATCGGACTTG
1077952576,17088,False,17056,1,CGCATAGTGTAT
2147483648,17120,False,17088,1,TGTTGATGCCCT
32832,17152,False,17120,1,ATTTGCCCATAG
278107570176,17184,False,17152,1,CCTGCGCGTGCG
824646303936,17216,False,17184,1,ATTCAAAGTGAA
827867545600,17248,False,17216,1,TTTTCTGCACTG
552989655232,17280,False,17248,1,ACTGCTGACATT
826793836672,17312,False,17280,1,TATGGCTACTAA
549760008256,17344,False,17312,1,ATGCTAGACTTC
549755846720,17376,False,17344,1,ATTGGCGATCCT
826785398848,17408,False,17376,1,CACATTGCTGAC
277025439872,17440,False,17408,1,AATATTTTAATT
552981266496,17472,False,17440,1,ACAATAGGTCCA
826793836544,17504,False,17472,1,TCGCCGTTGTCC
827854946304,17536,False,17504,1,TGAGTGCTTTAG
2160066688,17600,False,17568,1,AATGTTCTACAA
825711656960,17632,False,17600,1,TTTCATCTGCAA
827854946368,17664,False,17632,1,GTTGTAAGAGAA
827867529408,17696,False,17664,1,TTGGAGAAAAGC
274890489920,17728,False,17696,1,ATTCACAGAACG
275964280896,17760,False,17728,1,GGATTGCCTACG
827867529216,17792,False,17760,1,GGGTTCTGAATA
274890522816,17824,False,17792,1,AAACTACTGAAA
550833750080,17856,False,17824,1,AACCGCTTCAAT
549768445952,17888,False,17856,1,AATTGGCATTTT
2160083136,17920,False,17888,1,ATCTTTATGACA
274886295744,17952,False,17920,1,GAAATACCACGT
2160115840,17984,False,17952,1,AGCAGAAAATGT
827859140800,18016,False,17984,1,GTAGTAAGATCA
278103359680,18048,False,18016,1,CAGGCACCTACA
3229663232,18080,False,18048,1,GTTCAAGACTGA
1073742016,18112,False,18080,1,CAGGCATACCAA
2151677952,18144,False,18112,1,CTCATCTCTATG
825707495424,18176,False,18144,1,CCAAGTCAATGG
278103376064,18208,False,18176,1,CCCGCGAAGAAG
552985477120,18240,False,18208,1,TGGATTGGCTTT
827863384128,18304,False,18272,1,TCCAGCTAGGAT
2160099392,18336,False,18304,1,GTAGCTGTACCG
8437888,18368,False,18336,1,AAATAACACAGA
550842138816,18400,False,18368,1,AACCTCCACCAG
824637931648,18432,False,18400,1,ATACCACTCATG
824646303808,18464,False,18432,1,TGTAGTGCGTAT
12582912,18496,False,18464,1,GTGATACACTGA
825720094720,18528,False,18496,1,GTGTTCGTCCTT
552989655168,18560,False,18528,1,TACATCAATGAA
552989622272,18592,False,18560,1,CTGAAAGAACGT
825707495488,18624,False,18592,1,GCAACTTGCTTT
827867578496,18656,False,18624,1,TGCCTGCTGGAA
278099132608,18688,False,18656,1,ATGTCTATAACC
2151694464,18720,False,18688,1,CAGTGGGGCTTT
825720094720,18752,False,18720,1,CCATGACCAACA
552985477248,18784,False,18752,1,CACATGTGGCTA
549764251840,18816,False,18784,1,AGATGTTTAGCA
551903313920,18848,False,18816,1,GCGCGTTGATTG
826781221056,18880,False,18848,1,TAGGAGATGAAC
278111715392,18912,False,18880,1,AGAAAAGTACAA
827859189824,18944,False,18912,1,ATTGCTTGCTGA
277025390784,18976,False,18944,1,ACATTGGAAATC
549764251648,19008,False,18976,1,CCTCAGGCTGAA
826781253632,19040,False,19008,1,TGCTCAGCCATG
827867545600,19072,False,19040,1,TAGAGGAACTCT
12632256,19104,False,19072,1,CACGATAAATTC
277033795712,19136,False,19104,1,TTGGAATTGTAA
551911702528,19168,False,19136,1,ATGCAATTGTGT
3221274624,19200,False,19168,1,TTGTCAAACTTG
824633770176,19232,False,19200,1,TGGTAGTTTGTA
827854962880,19264,False,19232,1,ACACTCCAGCTT
825711706112,19296,False,19264,1,AATTTAAAGCAA
827854962752,19328,False,19296,1,TGATAGTCCTTG
827863351360,19360,False,19328,1,TAGTGTCGGATA
1073742016,19392,False,19360,1,TCTGCTACGTGT
275951648896,19424,False,19392,1,TGGTGCTGTTTG
827867529344,19456,False,19424,1,ACCGACAGTACT
826781204480,19488,False,19456,1,ATTTCTGCTGGA
824646336512,19520,False,19488,1,ACAATTTGATAC
3229614208,19552,False,19520,1,TTACCAGGTTAC
49152,19584,False,19552,1,TATAATGTTGTT
1086341120,19616,False,19584,1,ACACGCCGGCGA
8388800,19648,False,19616,1,ATAATGCTGTTT
824646303808,19680,False,19648,1,GATGTGGAGATC
827854995584,19712,False,19680,1,TCCTGTTAATGT
4194496,19744,False,19712,1,AGCGTAACATTA
826793787456,19776,False,19744,1,ATACTCAATAAT
277025390720,19808,False,19776,1,TAATACTGTAAT
827854979136,19840,False,19808,1,CCCCAGCACATG
1082146880,19872,False,19840,1,ACAATGACTGAC
825711673536,19904,False,19872,1,GAGTGCTTGTTC
8388800,19936,False,19904,1,ATGGTAGAGTGG
2160066624,19968,False,19936,1,AGAAACGCCCGT
1077985280,20000,False,19968,1,AGGTTCAGTCAA
275951681600,20032,False,20000,1,GACCAGCACAAG
827854962880,20064,False,20032,1,TTAATTGGAGAA
2155921472,20096,False,20064,1,CTACTTTAAGAA
275951648832,20128,False,20096,1,AGTTGCCTGAAA
824637964288,20160,False,20128,1,GACTTAGAGGAT
826793836672,20192,False,20160,1,GGAAACTGACTT
552981233728,20224,False,20192,1,AATTCATACAGC
3233841344,20256,False,20224,1,GCCTTCGAACAC
826793836544,20288,False,20256,1,TCATGGACAACT
1077936128,20320,False,20288,1,TAGGCTTAGCCA
552981233664,20352,False,20320,1,CTTAAATTAGAG
827867529344,20384,False,20352,1,CACAGTGAAAAA
274886328512,20416,False,20384,1,AAACAGGTTCAT
274882134016,20448,False,20416,1,ATTGATCTTTTA
3225452736,20480,False,20448,1,AATAAAGTCACA
824642109632,20512,False,20480,1,AAGTGGTCAAGG
277038006400,20544,False,20512,1,ATTTCATTCATG
275951648896,20576,False,20544,1,TGTTGAAACCTT
8405120,20608,False,20576,1,GTCAAGCGTGGC
16576,20640,False,20608,1,AACTTGTACAAG
824633769984,20672,False,20640,1,AAAGTGTGACCT
49344,20704,False,20672,1,CTGTTATACCAA
278111764672,20736,False,20704,1,GCAAAGTATACT
2151694336,20768,False,20736,1,TACACTTACTTT
827863351488,20800,False,20768,1,GAGTTATTCACT
550842155136,20832,False,20800,1,GGAGTTGCACCA
824646353024,20864,False,20832,1,ATGGTTGCCAAC
1086324736,20896,False,20864,1,CAGATCTTAATG
549768396992,20928,False,20896,1,TCTACTTTAATT
2160115712,20960,False,20928,1,TACGGCTAATAA
277025390720,20992,False,20960,1,ATATGTATGACC
824633770176,21024,False,20992,1,AAAGAGAATGAC
64,21056,False,21024,1,TTATCTGTGTGG
274886295552,21088,False,21056,1,CCCTGGGTGGTT
1077985280,21120,False,21088,1,GAGCATTCTTGG
278107521216,21152,False,21120,1,TATGGGCCATTT
12599296,21184,False,21152,1,TTACAAATGTAA
549768429568,21216,False,21184,1,TTTTTAATTGGG
826781220928,21248,False,21216,1,GAAGGAACAAAT
826781221056,21280,False,21248,1,CTAACTACATTT
824633769984,21312,False,21280,1,ATCCAGTTGTCT
824646303744,21344,False,21312,1,GAGCAAATTTCC
826781204544,21376,False,21344,1,CTGTAATGTCTC
827863335040,21408,False,21376,1,GATATGATTTAT
128,21440,False,21408,1,GCTTATCATTAG
827854946304,21472,False,21440,1,TTTCAAGTGATA
827854962752,21504,False,21472,1,AACATGTTTATT
825707495424,21536,False,21504,1,CACTAGTGGTAG
824637915200,21568,False,21536,1,CTTTTGATGATG
827863367680,21600,False,21568,1,CAACATACTTCA
824637931584,21632,False,21600,1,TCCTGATGAAAT
4210880,21664,False,21632,1,ATTTAACTCAGG
552989622272,21696,False,21664,1,TCTAATGTTACA
827854946304,21760,False,21728,1,ATGGTATTTATT
551915913280,21792,False,21760,1,AATGTTGTCCGT
550833782784,21824,False,21792,1,CATGAACAACAA
278107570176,21856,False,21824,1,TTAACAATTCTA
826785415360,21888,False,21856,1,TGTAACTTTGAA
827863384256,21952,False,21920,1,ATACTATGATAT
1086373952,21984,False,21952,1,ACTTTCGAGTAC
3229663232,22016,False,21984,1,TGATGTTTCAGA
826781204480,22048,False,22016,1,ACTTACGAGAGT
549764251648,22080,False,22048,1,GGGTTTCTCTAT
826793836672,22112,False,22080,1,TATAGATGTAGT
3233808512,22144,False,22112,1,TTAACACTTTGA
825711656960,22208,False,22176,1,TCTTACAGCCTT
274890539200,22240,False,22208,1,GGGGCACGTCAG
1086341120,22272,False,22240,1,TATTTAAAGCCA
824637964416,22304,False,22272,1,TGATGAAAATGG
8388672,22336,False,22304,1,ATTGTTCTCAAA
3229646848,22368,False,22336,1,TGCTCTGTTAAG
274890522752,22400,False,22368,1,AATTTACCAGAC
826793803968,22432,False,22400,1,CCTCAGGAGATG
278099165376,22464,False,22432,1,ACAAACTTGTGT
278111764672,22496,False,22464,1,TGCTACTAAATT
824633770176,22560,False,22528,1,TACTCTGTGCTC
277038022656,22592,False,22560,1,AACCTTTAAGTG
825720045632,22624,False,22592,1,AGTTGAATGATC
552985460736,22656,False,22624,1,GCAGATTCTTTT
551903346816,22688,False,22656,1,AAGACAAATAGC
3233824960,22720,False,22688,1,TTGCTGATTATA
552989622336,22752,False,22720,1,TTCATGGGTTGT
827859189952,22784,False,22752,1,GAACATTGATGC
552977039424,22816,False,22784,1,ATTATAAATATA
551907540992,22848,False,22816,1,CTTAGGCCCTTT
277037973696,22976,False,22944,1,CTACCAACCTTA
8405184,23008,False,22976,1,TTGAACTTTTAA
825711656960,23040,False,23008,1,GGACCAAAATTA
824646352960,23072,False,23040,1,CCAGTGTGTCAA
824637931520,23104,False,23072,1,CTGGTACTGGTG
824633753728,23136,False,23104,1,AGATTTCAACCA
277029634176,23168,False,23136,1,TGTTTCTGATTT
8437760,23200,False,23168,1,CTAAAACATCTG
552989622336,23232,False,23200,1,TGCTCTTTTGGG
827854995584,23264,False,23232,1,TGGAACAAATGC
825707462848,23296,False,23264,1,TATATCAAGATG
824642125952,23360,False,23328,1,TTGGCGCATATA
275955892224,23392,False,23360,1,TCCAGACTCAAG
1086373888,23424,False,23392,1,GAGCATGTCGAC
824642158784,23456,False,23424,1,TCCTATTGGAGC
549768446144,23520,False,23488,1,AAATCTATTGTG
2147532800,23552,False,23520,1,TGCTGATAGTTC
278111731904,23584,False,23552,1,CCATTGCTATAC
552989671616,23616,False,23584,1,ATTACTACAGAA
3221258240,23648,False,23616,1,TAAAACCTCCGT
274886295680,23680,False,23648,1,GCGGAGATTCTA
3225436352,23712,False,23680,1,CTCCAATATGGT
4243520,23744,False,23712,1,TCGTGCACTCTC
1073790976,23808,False,23776,1,AAACAAATGTAC
827859140800,23840,False,23808,1,TTTTGGTGGTTT
32960,23872,False,23840,1,CTGACCCTCTAA
278111748160,23904,False,23872,1,ATTGAGGACTTG
274877907072,23936,False,23904,1,CGCTGATGCTGG
3229647040,23968,False,23936,1,AATGCCTAGGTG
3233824832,24000,False,23968,1,ATTTGTGCGCAG
549755863040,24032,False,24000,1,GTTGCCACCTCT
278107553984,24064,False,24032,1,CTGCCTACACTG
825720078464,24096,False,24064,1,GCCACTGCTGGA
3225452544,24128,False,24096,1,TGCTCTTCAAAT
1082179648,24160,False,24128,1,CATATAGGTTCA
549755830464,24192,False,24160,1,AATGTTCTCTAT
277038022656,24224,False,24192,1,CAACCAATTTAA
274890506240,24256,False,24224,1,AAGAATCACTTA
552989638656,24288,False,24256,1,GGCAAGCTGCAA
275964231744,24320,False,24288,1,TCAAGCATTAAA
549768429696,24352,False,24320,1,GCTCTAATTTTG
826793787584,24384,False,24352,1,AATGATATCCTT
2155872256,24416,False,24384,1,GGCGGAGGTACA
552977039360,24448,False,24416,1,GCAGACTTCAAA
1086324864,24480,False,24448,1,CAACAACTAATC
826785398976,24512,False,24480,1,TTCTGCTAATCT
549755846848,24544,False,24512,1,AGTGTGTTCTTG
275960086720,24608,False,24576,1,CCCACAAGCAGC
2160066688,24640,False,24608,1,TACATGTCACGT
550829604864,24672,False,24640,1,AACTTCACCACA
275960037504,24704,False,24672,1,AGGCAAAGCATA
552989671616,24736,False,24704,1,TTGTGTTTAATG
825707462848,24768,False,24736,1,CAGAGGAACTTC
2151678144,24800,False,24768,1,TACAGACAATAC
550829555712,24832,False,24800,1,ATGTCGTTATTG
275960070208,24864,False,24832,1,TATGATCCTCTG
549755830272,24896,False,24864,1,CAAAGAAGAGCT
3225452608,24928,False,24896,1,ATACATCACCAG
550833750208,24960,False,24928,1,TCAGGCATTAAC
192,25024,False,24992,1,AAAATTTAAATG
824633720832,25056,False,25024,1,GAATTGGGAAAA
825715867776,25088,False,25056,1,GCCTTGGTATGT
825715867712,25120,False,25088,1,GACTAATTGCCA
2160066688,25152,False,25120,1,CTTTGTTGCATG
278107570368,25184,False,25152,1,CAAGGGTGCATG
1082147008,25216,False,25184,1,AGTTTGATGAGG
824637964352,25248,False,25216,1,AAGGGTGTCAAA
827854995520,25280,False,25248,1,CTTATGGATTTG
825711656960,25312,False,25280,1,TGGATCAATTAC
278099181760,25376,False,25344,1,ACAGCAACGATA
824642158784,25408,False,25376,1,TTTCGGATGGCT
1073741824,25440,False,25408,1,TTGCTGTTTTTC
2155905216,25472,False,25440,1,GCGCTCAATAAA
549764251712,25504,False,25472,1,TAAGGGCTTCCA
275964231872,25536,False,25504,1,TGCTATTTGTTA
552985444544,25568,False,25536,1,CTTGTCGCTGCA
274877956160,25600,False,25568,1,GTACCTCTATGC
2147483648,25664,False,25632,1,TGGCTTTGTTGG
3233841152,25728,False,25696,1,GGCACACACATA
32960,25760,False,25728,1,TATAACAGTGTC
278103326784,25792,False,25760,1,TGAAGGTGACGG
3229614272,25824,False,25792,1,AAGAAGACTACC
552977088704,25856,False,25824,1,GATAGGCACTCA
824633770176,25888,False,25856,1,TGTACATGGCTA
274877923392,25920,False,25888,1,AGCTTGAGTCTA
550833750208,25952,False,25920,1,GGTATTGAAAAT
1077985344,25984,False,25952,1,CAAGCTTGTTAA
1086357696,26016,False,25984,1,TACACACAATCG
550842171392,26048,False,26016,1,AATCCAGCAATG
826785431680,26080,False,26048,1,GACGACGACTAC
0,26112,False,26080,1,AAGAAAGTGAGT
2155872448,26144,False,26112,1,GTTTCGGAAGAA
825711673472,26176,False,26144,1,TAGCGTACTTCT
274877956288,26208,False,26176,1,TCTTGCTAGTCA
549760008384,26240,False,26208,1,CTTCGATTGTGT
4227264,26272,False,26240,1,TAACGTGAGTTT
824637915328,26304,False,26272,1,TCTACTCGCGTG
552985477184,26336,False,26304,1,GAAGGAGTTCCT
3229646912,26368,False,26336,1,CTAACTATTATT
277025406976,26400,False,26368,1,AACATTGCTTAT
3225469056,26432,False,26400,1,TTACCGTTGAGG
552989638848,26464,False,26432,1,CAATGGAACCTA
550829605056,26496,False,26464,1,AGCCTGGATTAT
552989671424,26528,False,26496,1,CTAATCGGAACA
827863351488,26560,False,26528,1,CTTGTTTTCCTC
827863384192,26624,False,26592,1,GAATTAATTGGG
3225419904,26656,False,26624,1,GCAATGGCTTGT
827867562176,26688,False,26656,1,TAGCTACTTCGT
277038022720,26720,False,26688,1,CTCGTACCCGCT
278111731904,26752,False,26720,1,GAAACAAACATT
549760024704,26784,False,26752,1,GGGGACAATTGT
827863384256,26816,False,26784,1,GTGAACTTGTCA
1073791168,26848,False,26816,1,GGTCACTTGCGA
826793787520,26880,False,26848,1,GCGCTGTGACAT
274877956288,26912,False,26880,1,TCACTGTGGCTA
550837977216,26944,False,26912,1,TACAAATTAGGA
826781221056,26976,False,26944,1,TGATTCAGGTTT
16448,27008,False,26976,1,GTATTGGAAACT
549768446144,27040,False,27008,1,GCCGGTAGCAAC
2160066752,27072,False,27040,1,ACAGTAAGTGAC
3221225664,27104,False,27072,1,GACTTCCAGGTT
552985477120,27136,False,27104,1,TATCATTATGAG
824633737216,27168,False,27136,1,GGAATCTTGACG
1073741824,27200,False,27168,1,AGACAATTATTT
2147483648,27232,False,27200,1,TTATTCGGAGTT
274886295552,27264,False,27232,1,AGTTAGATTATC
552989622272,27296,False,27264,1,TATTCTCTTCCT
1077936320,27328,False,27296,1,CTTGCGAGCTAT
552977072192,27360,False,27328,1,AGAGGTACGACT
2155921472,27392,False,27360,1,CCCATCAGGAAC
275951697920,27424,False,27392,1,TTCACCCTCTTG
12632128,27456,False,27424,1,ACTTGCACTAGC
825711706176,27488,False,27456,1,TGCTGACGGTAC
824633770048,27520,False,27488,1,GTGCAAGATCAG
549755830272,27552,False,27520,1,AGACAAGAGGAG
277029634176,27584,False,27552,1,GCCACTTTTTCT
550829555712,27616,False,27584,1,TTTTAATACTTT
1086373952,27648,False,27616,1,ACAGAATGAATG
825720062144,27680,False,27648,1,TATTTGTGCTTT
549768446144,27712,False,27680,1,TGTTTTAATAAT
3229614272,27744,False,27712,1,CACTCGAAATCC
552989622272,27840,False,27814,1,CTGTAGTACAGC
278099148928,27904,False,27907,1,CTAGGGGTAATA
3221274624,27936,False,27939,1,TGTGCTCTAGGA
550833766464,27968,False,27971,1,ATGGCACACTAT
3229630656,28000,False,28003,1,ATGTTACTATCA
551915929792,28032,False,28035,1,GGTGCGCTTATA
2151727232,28064,False,28067,1,TGAAGGTCACCA
827859157184,28096,False,28099,1,TACTTGTTGTTT
825707462720,28128,False,28131,1,AATGTCTGATAA
552989655040,28160,False,28163,1,GTAGTGCCCCCC
549760008320,28192,False,28195,1,ACAGATTCAACT
1073774656,28224,False,28227,1,ACGCAATGGGGC
278099148992,28256,False,28259,1,CCCAAGGTTTAC
12582912,28288,False,28291,1,TTCACAGCTCTC
826781220928,28320,False,28323,1,ACTTAGATTCCC
552985427968,28352,False,28355,1,TCAACACCAATA
1077952704,28384,False,28387,1,GGCTACTACCGA
274877939712,28416,False,28419,1,TGGTGGTGACGG
827859173568,28448,False,28451,1,CCAGATGGTACT
275955875840,28480,False,28483,1,CCAGAAGCTTCA
2151727232,28512,False,28515,1,AGAAGGCATCGT
274882150464,28544,False,28547,1,CCTTGAATACAC
12583104,28576,False,28579,1,CGCAATCCTAAT
4227072,28608,False,28611,1,ACAACTTCCTCA
32832,28640,False,28643,1,GCTTCTACGCAG
275951665280,28672,False,28675,1,CAAGCCTCTTCT
3225468928,28704,False,28707,1,CGGTAATTCAAG
278103376064,28736,False,28739,1,GTAGGGGAAATT
1077952704,28768,False,28771,1,GGAGGTGGTGAA
550842171392,28800,False,28803,1,GCTAGACAGATT
549760008256,28832,False,28835,1,TTTCTGGTAAAG
1086357568,28864,False,28867,1,ACTGTCACTAAG
274886344704,28896,False,28899,1,TAAAAAGCCTCG
827863384192,28928,False,28931,1,AACAGTACAACG
275951648960,28960,False,28963,1,CGTGGTCCAGAA
128,28992,False,28995,1,GGACCAAGACCT
552989622336,29056,False,29059,1,CCAAGTGCCTCT
4227072,29088,False,29091,1,CATTGGCATGGA
128,29120,False,29123,1,GGCTGACTTATC
278099132608,29152,False,29155,1,GACAAAGATCCA
549755813888,29184,False,29187,1,ACTGCTGAACAA
277025390656,29216,False,29219,1,CATTCCCACCAA
549768413376,29248,False,29251,1,AAGAAAAAGACT
550833799168,29280,False,29283,1,GCAGAGACAAAA
275960037440,29312,False,29315,1,TTCTTCCTGCGG
1082163264,29344,False,29347,1,AGACAACTTCAA
826781204480,29376,False,29379,1,TGCTGATTCAAC
549764251648,29408,False,29411,1,TGACCACACAAG
278099132608,29440,False,29443,1,TTTTCGCAATTC
12582912,29472,False,29475,1,CTCTTGTGCAGA
826781253696,29504,False,29507,1,AGCACAAGTAGG
