825707462848,64,False,63,1,CTTGTAGATCTG
550837960768,96,False,95,1,ATCTGTGTAGCT
3225419776,128,False,127,1,GTGCACCTACGC
2151727296,160,False,159,1,TTACTGTCGTTG
551903346816,192,False,191,1,CCCTCTTCTGCA
3225436288,224,False,223,1,GTGTTGCAGTCG
551911686272,256,False,255,1,TCGTCCGGGTGT
552981233728,288,False,287,1,AGCCTTGTTCTT
825720094848,320,False,319,1,CGTCCAACTCAG
827867562048,352,False,351,1,GAGACGTGCTAG
275960053760,384,False,383,1,GTGGAAGAGGCC
278107521152,416,False,415,1,CCTCAAAAATGG
826785447936,448,False,447,1,TGGAAAAAGGCG
825707462720,544,False,543,1,TGGTTGCAGAAA
3221242048,576,False,575,1,CGTAGCGGTATA
1086324800,608,False,607,1,ACATGTGGGCGA
551911686272,640,False,639,1,ATGTTCTTCTTC
4227264,672,False,671,1,GCCGGTGGTCAT
2147532800,704,False,703,1,GTCTTATGACTT
3225419904,736,False,735,1,ATCCCATTGAAG
2147500032,768,False,767,1,ACTAAGCATGGC
277033779200,800,False,799,1,CACTCGTGAGCT
3233841152,832,False,831,1,GCTATGTCGACA
551907524800,864,False,863,1,GGGTACCCTCTT
278111731776,896,False,895,1,CGCACGCGCGGG
1082146944,928,False,927,1,CCGAACAACTTG
826785431552,960,False,959,1,GGTGTCTACTGC
277033828352,992,False,991,1,AATTGCCTGGTT
12583104,1024,False,1023,1,GCTACGAGCACC
824646303872,1056,False,1055,1,AGTGCCAAGAAA
827859189952,1088,False,1087,1,ATGCCCAAAGTT
824637964288,1120,False,1119,1,AAGTCAAAGTCA
552985444544,1152,False,1151,1,AAAAAGACTGAG
826785398912,1184,False,1183,1,CTCTGTGTACCC
2147532928,1216,False,1215,1,GTAACAATATGC
549768445952,1248,False,1247,1,TGTAATCATTGC
551907541056,1280,False,1279,1,GTGCGACTTTCT
0,1312,False,1311,1,GTGGCACTGAAA
827867529280,1344,False,1343,1,ACTACATGTGGG
824642109632,1402,False,1401,1,AAGACCCAGAGA
0,1434,False,1433,1,GCAGATTATCAC
551911735488,1466,False,1465,1,TCGACTCCGCAA
827867578432,1498,False,1497,1,TTGGAGGCTGTG
549764219008,1530,False,1529,1,TATAATAAGCGT
827863384192,1562,False,1561,1,TAGTGCTGATAT
2147532992,1594,False,1593,1,TTACTGGTGACA
3233841280,1626,False,1625,1,GATCTCCTTGAG
826781253824,1658,False,1657,1,TAACATTAACAT
275964248256,1690,False,1689,1,ATGAAGAGGTTG
1086357568,1722,False,1721,1,TCTGCTTCTACA
824637931520,1754,False,1753,1,AAAGAGTCTTGA
552989622464,1786,False,1785,1,TTGTTGAGTCCT
549768445952,1818,False,1817,1,AAGGGAAAGCCC
2160066624,1850,False,1849,1,TGGACAACAGAG
277033812160,1882,False,1881,1,GTGGTTTTCCCT
551903330368,1914,False,1913,1,AGATCAATTTTT
826793787520,1946,False,1945,1,AAACCACTCAAT
827854962688,1978,False,1977,1,CTGTCACCATAC
549760040960,2010,False,2009,1,TCATTACGTCTT
274886311936,2042,False,2041,1,TTCAGACCTGCT
278103375872,2074,False,2073,1,TGGCATATGTAA
825720094848,2106,False,2105,1,ACTTCTCAGTGG
4210816,2138,False,2137,1,TACTGTTGAAAA
3229647040,2170,False,2169,1,GGATTGAGGCGA
551911702528,2202,False,2201,1,TTTCTCAAGGAT
827854962688,2234,False,2233,1,TCTCATTACAGG
827863334976,2266,False,2265,1,GTCAAATACAGG
827867562176,2298,False,2297,1,GATTGTGTAAAA
3233857664,2330,False,2329,1,CAAGGCACTCGA
277029601344,2362,False,2361,1,CTATCGCTGGCG
827867529216,2394,False,2393,1,TTAGGTGAAGTC
549764219008,2426,False,2425,1,ACTTTACCGTCA
826785398784,2458,False,2457,1,AGCTGCAACTAC
827854979136,2490,False,2489,1,AAAGAAGTAACC
827854979200,2522,False,2521,1,TGACACAGTACT
1082179712,2554,False,2553,1,TCAAGAACGGTG
825720078528,2586,False,2585,1,CCCGTTGATAGC
277025406976,2618,False,2617,1,TGGCACACCAGT
1082130496,2650,False,2649,1,TCTTAGAGATTA
552985427968,2682,False,2681,1,GCATTGTCTCCT
2155872256,2714,False,2713,1,TGTCTTTCGCTT
824642126016,2746,False,2745,1,AAGGTGTAACCT
824646303936,2778,False,2777,1,GAAGTTCAAGGT
825720062080,2810,False,2809,1,ATTTGAGCTTGA
552989638848,2842,False,2841,1,TTAATGAAAAGT
550837977216,2874,False,2873,1,TCCGGTACCGAA
826781253696,2906,False,2905,1,TGTAGCAGAGGC
827854995648,2938,False,2937,1,CAGTTTCTGATC
826781204672,2970,False,2969,1,GATCTTGATGAG
826781204672,3002,False,3001,1,CTTATTTGATGA
3233808576,3034,False,3033,1,CATCACGTATGT
549768429696,3066,False,3065,1,GATGAGGAAGAA
826785448000,3098,False,3097,1,GGAAGAAGAAAT
3233808576,3130,False,3129,1,AGTACGGTACAG
550829588544,3162,False,3161,1,CCTCTGGAATTT
2147483840,3194,False,3193,1,TCGAGTTGAGGA
277037973696,3226,False,3225,1,TGGATGATACTA
275964264512,3258,False,3257,1,CCAGAACCAGAA
827867529216,3290,False,3289,1,TAATCAGTTTAC
824642109504,3322,False,3321,1,ACAATGTTGCCA
1086324928,3354,False,3353,1,AAGGAGGCACAA
824633753664,3386,False,3385,1,TGTAAATGCTGC
278103326848,3418,False,3417,1,GTGGTGGTGTAG
8388608,3450,False,3449,1,ACCAATGGTGCC
2151727232,3482,False,3481,1,TTACATTAAGCT
827863335104,3514,False,3513,1,GAGGGTCTTGTT
274890522688,3546,False,3545,1,GCTAAGAAGTGT
826793820224,3578,False,3577,1,CCTAAATGCAGG
3221241984,3610,False,3609,1,AGGCAGCATATG
278107553920,3642,False,3641,1,ATCTTACTTGCA
1073791040,3674,False,3673,1,ATTTGGTGCTAA
278099132608,3706,False,3705,1,TGTGCGTGCAGA
549768445952,3738,False,3737,1,ATTGCAGTCAAT
825707479040,3770,False,3769,1,GGTTGTCATGGA
278103326848,3802,False,3801,1,CTAGAGTGGAAG
550829588480,3834,False,3833,1,CCAAACACAGAA
550842187776,3866,False,3865,1,ATCTGTCGTACA
275960037568,3898,False,3897,1,CAAAAATTAAGG
550837960768,3930,False,3929,1,ACAACACTGGAA
551903314048,3962,False,3961,1,TAAGTTACTCTT
3221274816,3994,False,3993,1,AGCTTTACCATG
827867529216,4026,False,4025,1,GGTGAAGATATG
2160082944,4058,False,4057,1,ACCTTACATGGT
552977055808,4090,False,4089,1,GTGATATCACTT
1082146880,4122,False,4121,1,AAGGCTGGTGGC
1086374080,4154,False,4153,1,AGCTTTGAAGAA
274886328512,4186,False,4185,1,TAACCACGTACC
550837977280,4218,False,4217,1,TATACACTTGAG
827854946368,4250,False,4249,1,GAAATGCAAATC
3229614272,4282,False,4281,1,CAGAAGCACCTA
824642142400,4314,False,4313,1,GGAACTGTATCC
8388608,4346,False,4345,1,TGCTCATGCTGA
3229663360,4378,False,4377,1,CTATATGCATGG
0,4410,False,4409,1,ACCATCCAACGT
277025439808,4442,False,4441,1,TCAAGAGGGCAT
278107537408,4474,False,4473,1,TCTTCTTTTATA
3225436160,4506,False,4505,1,TCTATTATTACG
1086374016,4538,False,4537,1,GCCGCTTGTCAC
3229630592,4570,False,4569,1,CACATGGTTTTA
274890522816,4602,False,4601,1,TGTATGCGTTCT
2151727104,4634,False,4633,1,GTCAGTATCATC
827867545728,4666,False,4665,1,ATAATGGATACC
827854979136,4698,False,4697,1,TCTGAGGAGCAC
277033795776,4730,False,4729,1,GGCTGGCTCTTA
8388800,4762,False,4761,1,GACAGCGTACAG
3229630528,4794,False,4793,1,AAGCGTGGTGAC
278099181696,4826,False,4825,1,GGAGAGCCCCGT
825711657152,4858,False,4857,1,AGGTTCTTTCAC
552985427968,4890,False,4889,1,TTATCCCTGCGG
549760057408,4922,False,4921,1,GTTCACAACTGT
2147500224,4954,False,4953,1,CACAGCTTGTGG
275955875968,4986,False,4985,1,CAGCAGTTTGGT
4243456,5018,False,5017,1,TGATGTTACAAA
275960086720,5050,False,5049,1,ATGAGGGTAAGA
277025439744,5082,False,5081,1,GATGACACACTA
826789642368,5114,False,5113,1,CTACCATACTCT
274882117760,5146,False,5145,1,GGTACATGTCTG
278111764544,5178,False,5177,1,TGGAAATTTCCT
824633770176,5210,False,5209,1,AATTAAATGGGC
824637915328,5242,False,5241,1,CTAGTGTTTTAT
550829572096,5274,False,5273,1,GTCAAATTCAAT
277033828480,5306,False,5305,1,TTATTATAGAGC
824642109632,5338,False,5337,1,ACTTTTGTGCAC
552989655168,5370,False,5369,1,AAAACTGTTGGC
825707511808,5402,False,5401,1,AACTATGACCCA
4194432,5434,False,5433,1,TGGAATCTGCAA
549755813952,5466,False,5465,1,TGTAAACATTGT
2160115840,5498,False,5497,1,AACGGGTGTAGA
3221242048,5530,False,5529,1,CTCTATCTTATG
551915913280,5562,False,5561,1,TCCATTCCATGT
1073791168,5594,False,5593,1,ACAATATCTAGT
274886295744,5626,False,5625,1,TTATGATGTCTG
3221258240,5658,False,5657,1,TTACAGCAAGGT
275960086720,5690,False,5689,1,GTACACTGGTAA
277025439936,5722,False,5721,1,CTCATATAACTG
278099132480,5754,False,5753,1,ATTGACGGAGCT
49344,5786,False,5785,1,GTACAAAGGACC
3221274752,5818,False,5817,1,AGGAAACATCTT
274877906944,5850,False,5849,1,GTGTCGTATAAA
3221258432,5882,False,5881,1,AGAGATTGAACC
275951648896,5914,False,5913,1,AAAAGGATAATG
275951697984,5946,False,5945,1,ATAGACCTTGTA
827854962880,5978,False,5977,1,TGCGAGTTTTGA
827863384256,6010,False,6009,1,CTAACACAAAAT
49280,6042,False,6041,1,ATGACAGGCTTC
3225436160,6074,False,6073,1,GCTATCTGTCAC
278111748160,6106,False,6105,1,GCGATGTAGTGG
12583104,6138,False,6137,1,TCAGCGAGTTTC
827854995520,6170,False,6169,1,GCATAAGCCAAT
277025407040,6202,False,6201,1,CTACAACCAAGA
827863334912,6234,False,6233,1,TGGTGTTTACGT
3233808448,6266,False,6265,1,AGTAGATACTTC
274877907136,6298,False,6297,1,CAGTAGAAGACA
274882150400,6330,False,6329,1,GCTTGTGAAAGT
824646336640,6362,False,6361,1,AGTAGTGGAAAA
2147500032,6394,False,6393,1,TCATAGAGTGTG
3221274624,6426,False,6425,1,GTAGGCAATGTC
1073741888,6458,False,6457,1,AGGTGTTAAAGT
278107521088,6490,False,6489,1,AGGATCTTATGG
12615872,6522,False,6521,1,AGCATTACCATT
824637964288,6554,False,6553,1,ACTAGCCTTAGG
278099181760,6586,False,6585,1,ATGGTATTGCTG
549760024768,6618,False,6617,1,AGTAAAATTTTG
4194496,6650,False,6649,1,AGGACAAGCAGC
274886344768,6682,False,6681,1,CTAAGAGATTAG
552977088704,6714,False,6713,1,TATATGCCTTAT
824642126016,6746,False,6745,1,ATTGTGTACTTT
274877923520,6778,False,6777,1,GAATTAGAGCTT
2160066752,6810,False,6809,1,AAAAATAGTGTT
274877939904,6842,False,6841,1,TTTGGATGCCGG
2147532992,6874,False,6873,1,CCAAATTTTCTA
826793836672,6906,False,6905,1,TGGCTATTGTTG
2151727232,6938,False,6937,1,TCTAATCTGTGT
827859157184,6970,False,6969,1,TCTTATCTAATT
552989622336,7002,False,7001,1,AATGGCGTTAGA
826793836672,7034,False,7033,1,TAACGTTACTAC
552989655040,7066,False,7065,1,CTTTTCCTTGCA
824633737216,7098,False,7097,1,GACTCCCTTGAT
552981250112,7130,False,7129,1,CATTCAGGTGAC
827863351424,7162,False,7161,1,ACTTGACAATTT
3225419968,7194,False,7193,1,GTTTTGGCATAT
827859140672,7226,False,7225,1,TTATTTATTAGG
3221225536,7258,False,7257,1,TGTTCTTTGGCT
278107521216,7290,False,7289,1,AGCAATTCTTGG
550842187776,7322,False,7321,1,TATTGTACAAAT
825715867712,7354,False,7353,1,TTAGGATGTACA
12583104,7386,False,7385,1,TACATATGGAAG
824642142400,7418,False,7417,1,TGGTTGCACCTC
550833799296,7450,False,7449,1,ATAAGCGCAATC
2155872320,7482,False,7481,1,ACAACTATTGTT
2155921600,7514,False,7513,1,CTATGTCTATGC
2160115904,7546,False,7545,1,GCAAGACTCACA
2160115904,7578,False,7577,1,GACACATTTTGC
826793787456,7610,False,7609,1,TGATGAAGTTGC
825707462784,7642,False,7641,1,TTAAAAGACCAA
278111731840,7706,False,7705,1,TGGCGCGCTTCA
824646303808,7770,False,7769,1,CATTTTGTCAAT
825711706240,7802,False,7801,1,CAACACTAAAGG
551903330368,7834,False,7833,1,TAGTTTTTGATG
825720094720,7866,False,7865,1,TCTGCTTCTAAG
275964264512,7898,False,7897,1,TCAGCTGATGTG
824642142400,7930,False,7929,1,ACCAAGCTCTTG
549764235328,7962,False,7961,1,ACTGAAGTTTCC
826785448064,7994,False,7993,1,TGTCGACACCTT
826785448128,8026,False,8025,1,CTATGGAAAAAC
825715884096,8058,False,8057,1,GCTCACAGCGAG
824646336640,8090,False,8089,1,AGATGGTGTCCT
827854946496,8122,False,8121,1,CCCGACAAGGTG
12583104,8154,False,8153,1,ACAAAGGATGTT
277037973632,8186,False,8185,1,ACATCACTCTGA
826781204672,8218,False,8217,1,GTTGTAACAATT
1073758336,8250,False,8249,1,GTTGAAAACATG
826789642240,8282,False,8281,1,ATGTATTGACTG
3221274624,8314,False,8313,1,CCCAAGTAGCAA
4243648,8346,False,8345,1,ATCTGGAATGTA
825720094848,8378,False,8377,1,TGAACAGCTGCG
12615680,8410,False,8409,1,CCAAGAAGAACA
12583104,8442,False,8441,1,TGTGCTACAACT
275951697920,8474,False,8473,1,AACTACTAAAAT
552981283008,8506,False,8505,1,TTGTTAGTACTT
827867562176,8538,False,8537,1,GCCACATTATTG
549755846848,8602,False,8600,1,TCAATCCATGAT
275951697920,8634,False,8632,1,TGGTTACAAAGC
278107553984,8666,False,8664,1,GTGACATCATTT
552981283008,8698,False,8696,1,AATAAACATGCT
827854995456,8730,False,8728,1,CCAGCGTGGTGG
827854995456,8762,False,8760,1,GCTGCCCTGTAG
3233857600,8794,False,8792,1,GAGATTGGTTTC
49344,8826,False,8824,1,TACTGTGCTGAG
278111748288,8858,False,8856,1,TGCATTTTCTAC
825720045760,8890,False,8888,1,GGCAACATTTGC
826785448128,8922,False,8920,1,TGAGTATAGTGA
3221274752,8954,False,8952,1,TTCTTGCTGCTG
278099181568,8986,False,8984,1,GCTATGGGCAAA
2151727296,9018,False,9016,1,CACTAATTTGCT
275955843200,9050,False,9048,1,GTGAGCTTCGTC
3229630464,9082,False,9080,1,ATGGATGGTTCC
826789593088,9114,False,9112,1,TTACCTGGAGGG
1073742016,9146,False,9144,1,CTTTTGATGCTG
552989671616,9178,False,9176,1,TGCGAAAGGTCA
2160115840,9210,False,9208,1,TACCAGTGGTAG
824642158784,9242,False,9240,1,ATTACAGAGCTC
3221225664,9274,False,9272,1,GTTGATGCGATG
550842187968,9306,False,9304,1,TACTCCTCTTGT
550842171392,9370,False,9368,1,ATTGCCATATTG
275964280960,9402,False,9400,1,CTTTATGAAATT
827854962880,9434,False,9432,1,ACAACCATGTTG
825707512000,9466,False,9464,1,TTTTTGATGTCT
275955843264,9498,False,9496,1,ACCAGCTTACAG
825707512000,9530,False,9528,1,CAGTCTTTTACT
827863351488,9562,False,9560,1,ACCAATGATGTT
552981282880,9594,False,9592,1,ATGGTTTGCCAT
275960086720,9626,False,9624,1,TTTGGATAACAG
824642158592,9658,False,9656,1,TCTCTGAAGCAC
2160115840,9690,False,9688,1,CTATCTTAGGAA
275960053952,9722,False,9720,1,TTACATTTAGTA
274886295552,9754,False,9752,1,TGTACCTTTTTG
274890522688,9786,False,9784,1,AAAATTGCGTAG
552985477312,9818,False,9816,1,CACAGTATAACA
826781253632,9850,False,9848,1,AAGTACAAGTAT
826785415232,9882,False,9880,1,TACCAGCTATCG
827867562048,9914,False,9912,1,TAGCAAAGGCTC
274877923328,9946,False,9944,1,GGTGCTGATGTT
826793820288,9978,False,9976,1,ATCAATCACTTC
275964264448,10010,False,10008,1,TTAGGAAAATGG
549755863168,10042,False,10040,1,GAAGGGTGCATG
827863367808,10074,False,10072,1,TACAACTCTTAA
274886344768,10106,False,10104,1,CAGTATACTGTC
274890539008,10138,False,10136,1,GCAGAAGACATG
278099181760,10170,False,10168,1,TCTGCTCATTCG
552981283008,10202,False,10200,1,TTGTTCAGGCTG
12599488,10234,False,10232,1,ATTGGCCATTCT
827854995456,10266,False,10264,1,GCTTAAAGTTGA
825707462848,10298,False,10296,1,CCAAGTATAAAT
552977088512,10330,False,10328,1,CAAACATTTTCA
827854995456,10362,False,10360,1,TTCACCATCTGG
278107537472,10394,False,10392,1,GACCTAATCATA
551915929600,10426,False,10424,1,AATGGATCATGT
278111731712,10458,False,10456,1,TGATTATGATTG
824642158656,10490,False,10488,1,ATCATATGGAGC
551903346816,10522,False,10520,1,GGTACTGACTTA
4227200,10554,False,10552,1,ATTTGTTGACAG
274890490048,10586,False,10584,1,GTACAGACACAA
550842138752,10618,False,10616,1,GCATGGCTGTAT
824646320128,10650,False,10648,1,TAGGTGGTTTCT
3229663360,10682,False,10680,1,TGAATGACTTTA
825707479232,10714,False,10712,1,AACTATGAACCT
827859140736,10746,False,10744,1,CATATTGGGACC
2155888768,10778,False,10776,1,TTGCCGTCTTAG
2155905152,10810,False,10808,1,GAGCTGCTGCAG
274890489984,10842,False,10840,1,TATCCTTGGTAG
3221225536,10874,False,10872,1,TTACACCATTTG
277033779200,10906,False,10904,1,GGTGTTACCTTC
825715884224,10938,False,10936,1,TGTTAAGGGCAC
274877956288,10970,False,10968,1,CTTTCTTGACAT
827867578560,11002,False,11000,1,AGTACACAGTGG
275964280960,11034,False,11032,1,CGAGAATGCTTT
274886344832,11066,False,11064,1,TTATGGCAATTG
275955892416,11098,False,11096,1,GTTAAGCATAAG
826785448128,11130,False,11128,1,TCTGTTACCTTC
2155905152,11162,False,11160,1,TTAATATGGTCT
2160115776,11194,False,11192,1,ATGCGTATCATG
827863384192,11226,False,11224,1,CACTAGCTTGTC
274890539136,11258,False,11256,1,GTGTTATGTATG
551915929600,11290,False,11288,1,ATTCTCATGACA
827859173376,11322,False,11320,1,TGCTGCTAGACG
825715851456,11354,False,11352,1,TCATTACACTTG
275964231808,11386,False,11384,1,AATGCTTTAGAT
824637931712,11418,False,11416,1,CTTAGTTATTTC
275964281024,11450,False,11448,1,GTGTCGTTACGA
551915929600,11482,False,11480,1,GCTATAGTGTTT
826781220928,11514,False,11512,1,ATTGTTATTTAT
827867578432,11546,False,11544,1,GTATCATGCTTG
827859189888,11578,False,11576,1,TGTTGCTGCTGC
274890539136,11610,False,11608,1,ACTCAACCGTTA
825707462656,11642,False,11640,1,TTTATGACTACT
824642158656,11674,False,11672,1,AGGTATATGAAC
826793820160,11706,False,11704,1,TAAGAGTAGTAT
552985427968,11738,False,11736,1,TTAAGTTGTTGG
3229614272,11770,False,11768,1,ATCAAGGTTGCT
278111715392,11802,False,11800,1,TGACGTAAAGTG
3229614080,11834,False,11832,1,CGGTTCTTCAAC
549768413376,11866,False,11864,1,TCTAAATTGTGG
826781220864,11898,False,11896,1,CAATGATATTCT
2160115840,11930,False,11928,1,AAGCTTTCGAGA
12615680,11962,False,11960,1,GTTTTGCTATCC
277037989888,11994,False,11992,1,TAATAGGTTGTG
3229630464,12026,False,12024,1,GTGCTACTCTTC
824637964352,12058,False,12056,1,AGTTCTTTACCA
277025439872,12090,False,12088,1,TGCCCAGGAGGC
1077936256,12122,False,12120,1,ATGGTGATTCTG
3233857536,12154,False,12152,1,AAGAAATCTTTG
824633737408,12186,False,12184,1,TGACCGTGATGC
2147500032,12218,False,12216,1,AAAAGATGGCAG
1082130560,12250,False,12248,1,TACAAACAGGCA
824633720896,12282,False,12280,1,AAAAGTAACTAG
551911686336,12314,False,12312,1,TCACTATGCTTA
12599296,12346,False,12344,1,CTTAACAACATT
274890489856,12378,False,12376,1,TTGTGTTCCACT
826789642432,12410,False,12408,1,CAGCAGCCAAAC
12615808,12442,False,12440,1,TATGGTACCTAC
827859157120,12474,False,12472,1,CACCTTTACATA
827863367808,12506,False,12504,1,TCCAGCAAGTTG
552981266432,12538,False,12536,1,GTTCAACTTAGT
825720094720,12570,False,12568,1,ACCAAATTTGGC
8388608,12602,False,12600,1,CTCTAAGAGCCA
1073758336,12634,False,12632,1,AATAATGAACTG
551907491840,12666,False,12664,1,GATGTCCTGTGC
3225436224,12698,False,12696,1,CTTGTACTGATG
551911719104,12730,False,12728,1,AACAATTCGAAG
275951665344,12762,False,12760,1,ATTACTATCAGA
3229630656,12794,False,12792,1,CTAGATTCCCTA
274877956224,12826,False,12824,1,ATTTACACAGAA
8437888,12858,False,12856,1,TGTTACAGACAC
825715900480,12890,False,12888,1,AATACTTGTACT
3229614272,12922,False,12920,1,CTAAATAGAGGT
825711657088,12954,False,12952,1,TGCTACAGTACG
32768,13050,False,13047,1,CATATAAGGATT
827863384192,13082,False,13079,1,CCAATCACCAAC
1077985408,13114,False,13111,1,ACACACTGGTAC
2151678016,13146,False,13143,1,CACCAGAAGCTA
826789642368,13178,False,13175,1,GGTGGTGCTTCA
824637915328,13210,False,13207,1,CCACATTGACCA
551911686144,13242,False,13239,1,GTGACTTGAAAG
32960,13274,False,13271,1,ACCACTTGTGCT
3225436288,13306,False,13303,1,ACTTAGAAACAC
1073774656,13338,False,13335,1,TGTGGAAAGGTT
827863367680,13370,False,13367,1,CTCCGCGAACCC
824646336512,13434,False,13430,1,GTGCAGCCCGTC
549768429760,13498,False,13492,1,GATATTTACAAC
8437952,13530,False,13524,1,AAAGTTCCTAAA
49152,13562,False,13556,1,AGGAGAAGGATG
549764202688,13594,False,13588,1,TCTTACTTTGTA
826785447936,13626,False,13620,1,TAACTACCAACA
549764218944,13658,False,13652,1,TGGTTAAAGATT
826781237248,13690,False,13684,1,GACTTTTTCAAG
1073790976,13722,False,13716,1,GGTACCACATAT
278107521216,13754,False,13748,1,AATACACAATGG
551915913280,13786,False,13780,1,CGTCATTTTGAT
274877956288,13818,False,13812,1,AAAAGAAATACT
827854946432,13850,False,13844,1,ATGATGATTATT
1077985408,13882,False,13876,1,GACTTCGTAGAG
2155872320,13914,False,13908,1,ATATGCTAACTT
274890522816,13946,False,13940,1,CATTATTAAAGA
552977072320,13978,False,13972,1,ATGCGTGATGCA
550829588672,14010,False,14004,1,ATTAGATAATCA
1077985280,14042,False,14036,1,ACGATTTCGGTG
278107570176,14074,False,14068,1,GGCTGCGGAGTT
549768445952,14106,False,14100,1,CTCATTGCTGAT
277029634240,14138,False,14132,1,GGGCATTGGCTG
278111764480,14170,False,14164,1,GATCTCGCAAAA
824633753664,14202,False,14196,1,GCTGAAATATGA
552977039488,14234,False,14228,1,GTCTCTTCGACC
274890489984,14266,False,14260,1,CAGACATACCAT
825707511808,14298,False,14292,1,GGATGATAGGTG
827863384064,14330,False,14324,1,TTAATGTGTTAT
278099132608,14362,False,14356,1,ACAAGTTTTGGA
827867578368,14394,False,14388,1,TGTAGATGGTGT
551911735296,14426,False,14420,1,GATACCATTTTC
3233857664,14458,False,14452,1,AATCAGGATGTA
3233857664,14490,False,14484,1,CAGTTTCAAGGA
12615872,14522,False,14516,1,ATCCAGCTATGC
275951697984,14554,False,14548,1,TTGCTAGATAAA
12632128,14586,False,14580,1,AGCTGCACTAAC
552977039424,14618,False,14612,1,CTGTCAAACCCG
550829605056,14650,False,14644,1,TATGACTTTGCT
826793787584,14682,False,14676,1,GGAAGGAAGTTC
1082146880,14714,False,14708,1,TCTTTGCTCAGG
826793803840,14746,False,14740,1,GATTATGACTAT
275964231808,14778,False,14772,1,AATGTGTGATAT
12583104,14810,False,14804,1,TTGAAGTTGTTG
4210880,14842,False,14836,1,GATGGTGGCTGT
549760057536,14874,False,14868,1,CGTTAACAATCT
552985460928,14906,False,14900,1,CATTTAATAAAT
8404992,14938,False,14932,1,TATGACTCAATG
824642158592,14970,False,14964,1,ACTTTTCGCGTA
2160066752,15034,False,15028,1,ATTAGTGCAAAG
274882134016,15066,False,15060,1,TGGTGTCTCTAT
12582912,15098,False,15092,1,GACAGTTTCATC
550842171584,15130,False,15124,1,GCCGCCACTAGA
826789625856,15162,False,15156,1,AACAAGCAAGTT
825715900416,15194,False,15188,1,TGTTAAAAACTG
551915896832,15226,False,15220,1,CCACACCTTATG
549768445952,15258,False,15252,1,TGACAGAGCCAT
827859140800,15290,False,15284,1,TGGCCTCTCTTG
825711706112,15322,False,15316,1,ACTTGCTGTAAC
551903297536,15354,False,15348,1,GTTAGCTAACGA
550842187968,15386,False,15380,1,AGATGGTCATGT
1077968960,15418,False,15412,1,AAACCAGGTGGA
824646352896,15450,False,15444,1,AACTGCTTATGC
275960037376,15482,False,15476,1,GTCAAGCTGTTA
549764235264,15514,False,15508,1,CTTTCAACTGAT
552981283008,15610,False,15604,1,GAATTCGTGGAT
274890539136,15642,False,15636,1,TAAACATTTCTC
552977039552,15674,False,15668,1,ATGCCGTTGTGT
550833750016,15706,False,15700,1,GCTCAAGGTTTA
827854995584,15738,False,15732,1,TAAGGCAGTTCT
274890506368,15770,False,15764,1,TCATGTCTGAGG
550833799296,15802,False,15796,1,GACCTTACTAAA
551903297664,15834,False,15828,1,ACAGCATACAAT
827859140608,15866,False,15860,1,ATTACGTGTACC
551915913216,15898,False,15892,1,AGAATATTAGGC
2151727104,15930,False,15924,1,TATTGTCAAAAC
277025390784,15962,False,15956,1,AAAGGTTCGTGT
275964264448,15994,False,15988,1,CCACTTACAAAA
278111715328,16026,False,16020,1,TGATGTCTTTCA
2147516480,16058,False,16052,1,GAAAGTTACATG
827863334912,16090,False,16084,1,TTGGACATGTAT
552977088704,16122,False,16116,1,TAACACCTCACG
4210752,16154,False,16148,1,ATGAGGCTATGT
551903346688,16186,False,16180,1,CAGGCTGTAGGT
827863351296,16218,False,16212,1,ACAGACTTCACT
827854979136,16250,False,16244,1,GGAGACCATTCC
825707462848,16282,False,16276,1,GACCATGTCATT
827867545728,16314,False,16308,1,GTTGTCTGTTAA
827863351296,16346,False,16340,1,CAGGTTGTGATG
2160115712,16378,False,16372,1,TATCTAGGAGGT
274890490048,16410,False,16404,1,ACATAAGCCTCC
827867529216,16442,False,16436,1,CTAATGGTCAGG
12582912,16474,False,16468,1,ACATGTGTAGGC
3221258240,16506,False,16500,1,CAATGCGATAGC
827854962880,16538,False,16532,1,CTGGCGATTACA
278099165248,16570,False,16564,1,GAGAGACTCAAG
549768429760,16602,False,16596,1,CAAAGCCACTGA
274886344768,16634,False,16628,1,ATGGTATTGCCA
278099165376,16666,False,16660,1,GACAGAGAATTG
3221225664,16698,False,16692,1,AAAACCTAGACC
3221225664,16730,False,16724,1,TCTTTACTGGTT
549760057344,16762,False,16756,1,AAAGTACAGATT
826793820160,16794,False,16788,1,AGGTGACTATGG
2147532992,16826,False,16820,1,GTACTACGACAT
1077969088,16858,False,16852,1,TACTTTGTGTTG
825720045696,16890,False,16884,1,ACTTAGTGCACC
827867529216,16922,False,16916,1,ACTATGTGAGAA
549768396800,16954,False,16948,1,CTCAACATCTCA
2155905024,16986,False,16980,1,TGCAAATTATCA
4227264,17018,False,17012,1,ACTCTACACTCC
552977072320,17050,False,17044,1,AAGAGTCATTTT
824646353024,17082,False,17076,1,TTACCCATCTGC
278107570368,17114,False,17108,1,GCTCTCATGCAG
827859173376,17146,False,17140,1,AAGGCATTAAAA
2155905152,17178,False,17172,1,TAGTAGAATCAT
1082130432,17210,False,17204,1,AGTGTTTTGATA
552981266432,17242,False,17236,1,CTAGAACAGTAT
2147532928,17274,False,17268,1,ATTGCCAGAAAC
277025390784,17306,False,17300,1,TTGATGAAATCT
1073758272,17338,False,17332,1,TTGAGTGTTGTC
826781253696,17370,False,17364,1,ACACTACGTCTA
549760024576,17402,False,17396,1,TACCAGCCCCCC
549768446144,17434,False,17428,1,ACACTAGAACCA
8388608,17466,False,17460,1,CAGACTTATGAA
550842155200,17498,False,17492,1,TCCTTGGAACTT
551915913216,17530,False,17524,1,ATTGTTGACACT
1073791168,17562,False,17556,1,CAATAAGCTAAA
2160066752,17594,False,17588,1,CTCAATGCTTCA
550842138624,17626,False,17620,1,ATTACACATGAT
277033779264,17658,False,17652,1,ACCTCAAATAGG
277025407168,17690,False,17684,1,CACGCAATCCTG
1082163392,17722,False,17716,1,ATCTCACCTTAT
3225452544,17754,False,17748,1,TTCAAAAATCTT
3229614144,17786,False,17780,1,TTGATTCATCAC
275964231744,17818,False,17812,1,GTCATATTCACA
275964280960,17850,False,17844,1,CTCTTGTAATGT
3221274688,17882,False,17876,1,TCACAAGGGCAA
552989622464,17914,False,17908,1,ATGTCTGATAGA
4243456,17946,False,17940,1,ATTTACAAGTCT
49344,17978,False,17972,1,TGGCTACATTAC
826789593152,18010,False,18004,1,CTTTTTAAGGAC
2151678016,18042,False,18036,1,TCTTCATCCTAC
1073741824,18074,False,18068,1,GCGTTGATATAA
277025390592,18106,False,18100,1,TGTGTTGACATA
4227200,18138,False,18132,1,GACCTACCGTAG
32832,18170,False,18164,1,TCAAAATGAATT
2147516608,18202,False,18196,1,AATATGTTTATC
549764251776,18234,False,18228,1,TCACGTTCGTGC
278107537536,18266,False,18260,1,AGGGCTGTCATG
274877956160,18298,False,18292,1,ACTAACCTACCT
2160099456,18330,False,18324,1,AGGTGTTAACTT
3221225536,18362,False,18356,1,ATGTTGACACTG
1073774592,18394,False,18388,1,AGAGTTAATGCA
825720078336,18426,False,18420,1,GTTTAAACATCT
4243584,18458,False,18452,1,GCTTGCCCTGGA
128,18490,False,18484,1,GTACAAATGCTC
278111764608,18522,False,18516,1,GTCAGACAGAGT
824633720896,18554,False,18548,1,ATGGCTTTGAGC
274877956224,18586,False,18580,1,GTCAAGATTGGA
824642158592,18618,False,18612,1,GTGTGACAAACG
1086324928,18650,False,18644,1,CATCAGATACTT
827867545792,18682,False,18676,1,GTGGGTTTTGAC
552985477248,18714,False,18708,1,GATTGATGTTCA
3225419840,18746,False,18740,1,ACCTTCAGAGTA
549764202624,18778,False,18772,1,GTACATGGAAAT
827867529280,18810,False,18804,1,TGCTATCATGAC
1082163392,18842,False,18836,1,AGTGCTTTGTTA
2160083072,18874,False,18868,1,GAATACCCTATT
274890489856,18906,False,18900,1,TAATTCTGCTTG
277033779328,18938,False,18932,1,TTGTGAAGTCTG
552977055744,18970,False,18964,1,CCAGTTCTTCAT
550833750144,19002,False,18996,1,TATCAAGTGTGT
3225452736,19034,False,19028,1,GGAAGTTCTACG
49152,19066,False,19060,1,AAAGCTTACAAA
826781220992,19098,False,19092,1,TTATGCTACACA
826793787584,19130,False,19124,1,GTGTTTGTTTGT
1086374016,19162,False,19156,1,CGTTACCCAGCC
278099165376,19194,False,19188,1,TGACACAAGAGT
552989622400,19226,False,19220,1,CAGGCTGTGATG
275951697920,19258,False,19252,1,AAGCATGCATTC
827854946368,19290,False,19284,1,AAGTGCATTTAC
278103359616,19322,False,19316,1,TCTTTTACTATT
552985427968,19354,False,19348,1,CATGGCAAACAA
2151727104,19386,False,19380,1,TGTTCCACTCAA
552985460736,19418,False,19412,1,GATGCAATTTAG
826789642240,19450,False,19444,1,CATGCAAATGAG
552981233664,19482,False,19476,1,ATATAATATGAT
8405184,19514,False,19508,1,TATGGATTTACA
825715867776,19546,False,19540,1,CTGTGGAATACA
824646352896,19578,False,19572,1,AGAAAATGTGGC
550837944320,19610,False,19604,1,GACACTTTGATG
12632128,19642,False,19636,1,GTTTCCATCATT
826781220992,19674,False,19668,1,GGTAGATGGTAT
827854995456,19706,False,19700,1,ATAAGACAACAC
2151678016,19738,False,19732,1,GAGCTTTGGGCT
550829604992,19770,False,19764,1,GCCAGAGATTAA
278107570304,19802,False,19796,1,TTGATATCGCTG
550829588544,19834,False,19828,1,TACAAAAGAGAA
274882117760,19866,False,19860,1,AATAGGTGTCTG
3233824768,19898,False,19892,1,AGAAACCTACTG
551903330432,19930,False,19924,1,ACTGTCTTGTTT
824637964416,19962,False,19956,1,GGTAGACCTTTT
3229614272,19994,False,19988,1,TTTTAATAACAG
550829588608,20026,False,20020,1,ACACCTTCAAAG
8388736,20058,False,20052,1,CAATGGAGTCAC
1073741824,20090,False,20084,1,AAACACAGTTTA
278111715328,20122,False,20116,1,GGCATTATTCAA
3221274624,20154,False,20148,1,TACTCAGAGCAG
824642158656,20186,False,20180,1,CCAGATCACAAA
552977055744,20218,False,20212,1,CTCGCTATGGAT
827854962816,20250,False,20244,1,GCTCGAGGGCTA
552981282880,20282,False,20276,1,ATGGAGATTTCA
2147483776,20314,False,20308,1,CTTCATTTAATG
12615872,20346,False,20340,1,ACAAGATTCACC
549755813952,20378,False,20372,1,TCCCTATGGACA
275964280832,20410,False,20404,1,ATAACAGATGCG
551915880576,20442,False,20436,1,TGTGTGTTCTGT
824646303936,20474,False,20468,1,ACTTTGTCGAGA
3225452608,20506,False,20500,1,TCAGTGATTTCA
3233841344,20538,False,20532,1,TGACTATGCTGA
3221274688,20570,False,20564,1,GTAAGGATGGAC
8405056,20602,False,20596,1,AAACTACAAGCA
827854979136,20634,False,20628,1,TGTTGCGATGCC
2155921536,20666,False,20660,1,GAATGCTTCTTG
552977039488,20698,False,20692,1,TATGGTGAAAAT
274877956160,20730,False,20724,1,AATGATGAATGT
49344,20762,False,20756,1,GTCAATACTTAA
3233857664,20794,False,20788,1,CCCTACAACATG
2151677952,20826,False,20820,1,TGGCTCTGATAA
2151694400,20858,False,20852,1,CTGTGCTCAGAC
824646336704,20890,False,20884,1,CTACTTGTCGAT
824646353024,20922,False,20916,1,CTCCGACGCAGA
2147483776,20954,False,20948,1,GTGCAACAGTAC
552989638784,20986,False,20980,1,CTTATTATTAGC
2147500032,21018,False,21012,1,CAAACATGTGAC
278111748288,21050,False,21044,1,AAGGGTTTTTCA
552989671616,21082,False,21076,1,AAGCAAAAACTA
1077969024,21114,False,21108,1,TGTAAAGATAAC
826785447936,21146,False,21140,1,ACCTTTACAAGC
550842138688,21178,False,21172,1,TGGACAGCTTTT
3233841152,21210,False,21204,1,ATCATCGGAAGC
277029634240,21242,False,21236,1,ATCTTGGCAAGC
549760057472,21274,False,21268,1,TATACCATGCAT
825720094912,21306,False,21300,1,GAACACAAATCC
825720062144,21338,False,21332,1,CACTCTTTGACA
552985444352,21370,False,21364,1,TTAAGAGGAACT
824646352960,21402,False,21396,1,GAATCAAATCAA
552977072128,21434,False,21428,1,TGGAAAAAGGTA
550842138816,21466,False,21460,1,AACAGAGTTGTG
549768446144,21498,False,21492,1,TAACAACTAAAC
827863367744,21530,False,21524,1,TATTTCTTACTC
3233841152,21562,False,21556,1,GACCGGTGCACC
825711656960,21594,False,21588,1,TCCTAATTACAC
3229663424,21626,False,21620,1,GGGGGGTTTACT
827867562176,21658,False,21652,1,TCAGACACTCTT
824646303936,21690,False,21684,1,TCTTCCATTTTA
2155872448,21722,False,21716,1,ATACTATTAATC
551915929664,21754,False,21748,1,ATACCTTTTAAG
2160115904,21786,False,21780,1,CACAGAGAAATC
277025390592,21818,False,21812,1,TTTTTGGTTCTA
12582912,21850,False,21844,1,TCGGTGATTATT
12583104,21882,False,21876,1,TGTTATACGAGC
827867529280,21914,False,21908,1,ACAACCCTTTCT
275960086528,21946,False,21940,1,GGTACACAGACA
278099148992,21978,False,21972,1,TGCATTTAATTG
827867529344,22010,False,22004,1,ATGCCTTTTCGC
278099181760,22042,False,22036,1,GGTAATTTTAAA
827867578560,22074,False,22068,1,TAAAAATAAAGA
274886344896,22106,False,22100,1,AGGGCTATCAAC
824646303808,22138,False,22132,1,CTACCTTCTGGT
826793803776,22170,False,22164,1,TTTTAAGTTGCC
827863384064,22202,False,22196,1,ATTTTAGAGCCA
826789625920,22234,False,22228,1,GCTCAAGACATT
278099132416,22266,False,22260,1,CTATTTTGTTGG
3221258240,22298,False,22292,1,TTATGCTCAAGT
551915880512,22330,False,22324,1,ACAGATGCTGTT
3233841344,22362,False,22356,1,TGCTGAACTCAA
552981250240,22394,False,22388,1,AGATTGACAAAG
275951681728,22426,False,22420,1,TTCAGGGTTGTT
824646353088,22458,False,22452,1,ATTCCCTAATAT
3221274816,22490,False,22484,1,GAGAGGTTTTTA
551903297600,22522,False,22516,1,GTCTATGCATGG
827867545600,22554,False,22548,1,TTGTGTTGCTGA
275951681728,22586,False,22580,1,CAACATTTTTTT
3233824896,22618,False,22612,1,GTTTCTGCCACT
826785448064,22650,False,22644,1,CTCCAATGTCTA
824633737216,22682,False,22676,1,AGGGAGATGATG
1086324736,22714,False,22708,1,CAAACTGGTGTT
824642158656,22746,False,22740,1,ATTGCCAGATGA
550837960896,22778,False,22772,1,CTTGGAATACTA
0,22810,False,22804,1,ACTGGTAATTAT
549760057344,22842,False,22836,1,TAGACATGGCAA
827867545792,22874,False,22868,1,ACATATCTAATG
275964231808,22906,False,22900,1,AAACCTTGCACC
827863384064,22938,False,22932,1,TTGGCCATTAAA
550833750016,22970,False,22964,1,CTACTGGCATTG
824646303808,23002,False,22996,1,GTAGTACTTTCT
825707462656,23034,False,23028,1,GGCCACGGTTTG
2155872448,23066,False,23060,1,ACCTTATTAAGA
2160099520,23098,False,23092,1,TTTAATGGACTC
552977039424,23130,False,23124,1,TCCTTCTTCAAA
3229663424,23162,False,23156,1,AATTTGGCCGTG
274877939904,23194,False,23188,1,TCCGTTCGAGAT
827867562112,23226,False,23220,1,AGACATTTCACC
274877923328,23258,False,23252,1,GTGTAATTACAC
274877939712,23290,False,23284,1,GAAGTTGCTGTT
826793836672,23322,False,23316,1,CACTGATGTTTC
277025390784,23354,False,23348,1,AACTCACACCAG
824646336640,23386,False,23380,1,GGAAACAATGTA
825720062144,23418,False,23412,1,TCTTATAGGAGC
827863351360,23450,False,23444,1,ATGAGTGCGACA
275964281024,23482,False,23476,1,TGTGCTAGTTAC
3233841344,23514,False,23508,1,TAGTACTAGCCA
552977055936,23546,False,23540,1,CTATGTCTTTAG
3233824832,23578,False,23572,1,TACTCTAATAAC
274882101248,23610,False,23604,1,CTTTTCAATTAG
274890539200,23642,False,23636,1,CTGTTTCTATGG
826793787392,23674,False,23668,1,AATATGTACATC
825707512000,23706,False,23700,1,TGCTAATTTGCT
3225436352,23738,False,23732,1,GCACACAACTAA
551907508224,23770,False,23764,1,GCTGCTGAACAG
275964248064,23802,False,23796,1,GTTCGCTCAAGT
3229663424,23834,False,23828,1,CAACTTTGAAAT
274890489920,23866,False,23860,1,TCACAAATATTA
826781237440,23898,False,23892,1,TAAGAGGTCTTT
827863367744,23930,False,23924,1,ATAAGGTGACAC
551903330496,23962,False,23956,1,AAGCAATATGGC
278103359680,23994,False,23988,1,TGCTAGAGATCT
826785448000,24026,False,24020,1,ATGGACTTACAG
550833782848,24058,False,24052,1,GATGATATGATT
824637915136,24090,False,24084,1,AGTTAGTGGTAC
278103376064,24122,False,24116,1,TTGGTGCTGGCG
549764202624,24154,False,24148,1,GCTATGCAAATG
2160115712,24186,False,24180,1,TGGAGTTACCCA
275964231808,24218,False,24212,1,AAAAACAAATCG
274877907008,24250,False,24244,1,ATTAGTCAAATT
549768396928,24282,False,24276,1,ATCAACTGCATT
274890489856,24314,False,24308,1,TTAACCAGAATG
1086357568,24346,False,24340,1,GTTAAACAACTT
2160115776,24378,False,24372,1,TTCAAGTGTGCT
2155872448,24410,False,24404,1,TTGATAAAGTCG
551915880640,24442,False,24436,1,AGGTTAATTACA
1086341248,24474,False,24468,1,AACCTATGTAAC
278099181760,24506,False,24500,1,CTGAAATCAGGG
551915913216,24538,False,24532,1,ACTAAAATGTCT
278107553984,24570,False,24564,1,AAAAAGAGTTGA
824642125952,24602,False,24596,1,ACCTTATGTCCT
274882150592,24634,False,24628,1,GGTGTTGTCTTC
552981233728,24666,False,24660,1,ATCCCAGGAGAG
1082130496,24698,False,24692,1,CAATTTGTCATG
827867562048,24730,False,24724,1,CGTGAAGGTGTT
16576,24762,False,24756,1,TTGGTTTATTAC
274877923520,24794,False,24788,1,CACAAATAATTA
552989655232,24826,False,24820,1,TCAGGAAATTGT
826785431616,24858,False,24852,1,TAACAACACAGT
824642158656,24890,False,24884,1,AGCTTGACTCAT
275951681728,24922,False,24916,1,TACTTCAAAAAT
826793803968,24954,False,24948,1,TCTTGGCGACAT
64,24986,False,24980,1,TCGTCAACATTC
32832,25018,False,25012,1,AATGAGGTCGCT
3229614208,25050,False,25044,1,CATTGACCTTCA
552989671552,25082,False,25076,1,AATATATTAAAT
552989622464,25114,False,25108,1,GGCTTCATTGCT
552985460736,25146,False,25140,1,GGTTACAATCTT
826789626048,25178,False,25172,1,GTTGCAGTTGCC
3233841152,25210,False,25204,1,GGTTCTTGCTGC
277037973568,25242,False,25236,1,TGAGCCAGTTCT
32768,25274,False,25268,1,ACACATAAACGA
824633737216,25306,False,25300,1,GATTTTTTACTC
549768413248,25338,False,25332,1,CCAGTAAAAATT
826785398848,25370,False,25364,1,TACTGTTCATGC
275964281024,25402,False,25396,1,AAGCCTCACTCC
275964248192,25434,False,25428,1,GGCGTTGCATTT
825707462848,25466,False,25460,1,TACCAAAATAAT
2160066624,25498,False,25492,1,AGCTAGCCCTTT
278111715520,25530,False,25524,1,TGCAATTTACTG
551907491840,25562,False,25556,1,TTCACATCTTTT
825720062080,25594,False,25588,1,AGGCGCAATTTT
827859189888,25626,False,25620,1,TATTTTCTACAA
825715884224,25658,False,25652,1,TATTATGAGATG
274890489920,25690,False,25684,1,AATCCAAGAACC
824633720832,25722,False,25716,1,TACTTTGTTTGC
8405120,25754,False,25748,1,CTACTGTATACC
274886328512,25786,False,25780,1,CAATTGTCGTTA
4210880,25818,False,25812,1,ACACCAAAACTC
549755814016,25850,False,25844,1,TGGTTATTCTGA
824642109504,25882,False,25876,1,AAGACTATGTCG
278107521024,25914,False,25908,1,GAAGTTTACTAC
824633769984,25946,False,25940,1,TACTACAGACAC
2155872320,25978,False,25972,1,TCTTCATCTTTA
32896,26010,False,26004,1,CCGAATGTGCAA
825711689792,26042,False,26036,1,TTCAGGAGTTGC
277025407040,26074,False,26068,1,TTTATGATGAGC
274890539008,26106,False,26100,1,CCTTTGTAAGCA
278099132544,26138,False,26132,1,TATGTACTCATT
1077985472,26170,False,26164,1,CGTTAATAGTTA
827854946496,26202,False,26196,1,GCTTTCGTGGTA
550842187968,26234,False,26228,1,CATCCTTACTGC
825707511808,26266,False,26260,1,GCTGCAATATTG
549764235264,26298,False,26292,1,CCAACGGTTTAC
826793836608,26330,False,26324,1,TCTGAACTCTTC
12632064,26362,False,26356,1,TGGTCTAAACGA
824637964416,26394,False,26388,1,TGTTTGGAACTT
1086357696,26426,False,26420,1,GACAACGGTACT
3221225472,26458,False,26452,1,ACAACTCCTGGA
824642109632,26522,False,26516,1,CAATTTGCCTAT
551915896896,26554,False,26548,1,GTACATAATAAA
278111764608,26586,False,26580,1,TGTGGCCAGTAA
3233841216,26618,False,26612,1,GCTGCTGTCTAC
824637964416,26650,False,26644,1,CGGGATTGCGAT
825720094912,26682,False,26676,1,GCTTGATGTGGC
551907541184,26714,False,26708,1,TTCAGGCTGTTT
49216,26746,False,26740,1,GTCATTCAACCC
551903346752,26778,False,26772,1,ATGTGCCTCTCC
12583040,26810,False,26804,1,CCGCTCATGGAA
825720045696,26842,False,26836,1,TGTGATCATTCG
550837993600,26874,False,26868,1,GACACTCCCTAG
1082130496,26906,False,26900,1,CTGCCAAAAGAG
824646303936,26938,False,26932,1,AACGCTTTCTTA
278107570368,26970,False,26964,1,AGCGTGTAGGCA
278099181568,27002,False,26996,1,TACAACCGCTAC
277033795584,27034,False,27028,1,AAATACAGACCA
826789609472,27066,False,27060,1,TTGCTTTGCTAG
827854995456,27098,False,27092,1,GTTTCATCTTGT
825707495616,27130,False,27124,1,CAGAGATATTGA
824646336704,27162,False,27156,1,AGGATTGCTATT
550842187840,27194,False,27188,1,AAGTTCAATAGT
3229663424,27226,False,27220,1,TAACTAAGAAGA
552989638656,27258,False,27252,1,GAAGAACCTATG
827867578368,27290,False,27284,1,CGAACATGAAAA
826789642240,27322,False,27316,1,ATTGTATTTACA
826785448000,27354,False,27348,1,TCAGGAGTGTGT
549764218944,27386,False,27380,1,TAAAAGAACCTT
824646336512,27418,False,27412,1,GGCAATTCACCA
3225436224,27450,False,27444,1,TAAATTTGCACT
552985444352,27482,False,27476,1,TTGCTTTTGCTT
275951681600,27514,False,27508,1,ACCTATCAGCTG
275951681600,27546,False,27540,1,AAAACTTTTCAT
274890539200,27578,False,27572,1,AAGAGCTCTACT
827854995648,27610,False,27604,1,GCTGCTCTAGTA
551911719104,27642,False,27636,1,CATTAAGAGAAA
278107570304,27674,False,27668,1,TTTAATTGACTT
827854995648,27706,False,27700,1,TTCTGCTATTCC
550837944448,27770,False,27763,1,TAGAAGAACCTT
3229663424,27802,False,27795,1,ATGAAACTTCTC
278103326784,27834,False,27827,1,TCTATGCAGTTG
4243648,27866,False,27859,1,GCTGTGCATCTA
549760040960,27898,False,27891,1,GATCCTTGTAAG
277037989888,27930,False,27923,1,CTTATAGCACTG
824633737280,27962,False,27955,1,AAGGTTTTACCT
275951697920,27994,False,27987,1,GGTTCAAACATG
278107537600,28026,False,28019,1,ACTGTCAAGATC
827867561984,28058,False,28051,1,GCTAGGTGTTGG
826793836672,28090,False,28083,1,AACTGCTGCATT
278099181568,28122,False,28115,1,TAAATAAACGAA
1082179648,28154,False,28147,1,TGGACCCCAATC
549755813888,28186,False,28179,1,GCATTACATTTG
2147483776,28218,False,28211,1,GACAATAACCAG
550833750208,28250,False,28243,1,AAGGCCAAAACA
278111731904,28282,False,28275,1,CCAATAATACTG
192,28314,False,28307,1,ACTCAGCATGGC
275964248064,28346,False,28339,1,TCGAGGCCAGGG
8388672,28378,False,28371,1,GTGGTCCAGATG
278111748096,28410,False,28403,1,AGAGCTACCCGA
549760008384,28442,False,28435,1,CAAAATGAAAGA
552981233856,28474,False,28467,1,TCTATTACCTAG
275960070208,28506,False,28500,1,TTCCCTACGGCG
551907491904,28538,False,28532,1,TGGGTTGCAACT
824642158592,28570,False,28564,1,CAAAGACCACAT
277029634240,28602,False,28596,1,ACAATGCTGCCA
274882150464,28634,False,28628,1,GGAACAACATTG
274877923520,28666,False,28660,1,GGGAAGCAGAGG
551915913216,28730,False,28724,1,AATTCAACTCCT
549764251776,28762,False,28756,1,TCCTGCTCGAAT
826785398784,28794,False,28788,1,CTGCCCTCGCGC
12615680,28826,False,28820,1,AACCAGCTTGAG
1077952512,28858,False,28852,1,CCAACAACAACA
192,28890,False,28884,1,AATCTGCTGCTG
550829604864,28922,False,28916,1,CAAAAACGTACT
824642158720,28954,False,28948,1,CACTCAAGCATT
1082130496,28986,False,28980,1,AAACCCAAGGAA
4210816,29018,False,29012,1,ATCAGACAAGGA
2151727296,29050,False,29044,1,GCAAATTGCACA
824633753728,29082,False,29076,1,CATTCTTTGGAA
550837944320,29114,False,29108,1,GTCACACCTTCG
2147483712,29146,False,29140,1,TGGAGCCATTAA
1077985344,29178,False,29172,1,AATTCAAAGACA
824633737280,29210,False,29204,1,CACATTGACGCA
549755813888,29242,False,29236,1,AGAGCCTAAAAA
277029617664,29274,False,29268,1,ATGAAGCTCAGC
550842155072,29306,False,29300,1,AAGCAGCCCACT
827863334976,29338,False,29332,1,TGACATGGATGA
552985427968,29370,False,29364,1,ATTCCATGAGTG
278107521024,29402,False,29396,1,CAGGCATAAACA
549768429760,29434,False,29428,1,CAGATGGGCTAT
825720078336,29466,False,29460,1,GTTTACGATACA
8388608,29498,False,29492,1,TGAATTCTCGTA
3221241920,29530,False,29524,1,TTAGTTAACTTT
3229614208,29562,False,29556,1,AATCAATGTGTA
824633737280,29594,False,29588,1,GAGCCACCACAT
549755814080,29626,False,29620,1,GTACGATCGAGG
826781221056,29658,False,29652,1,GAGAGCTGCCTA
824637931520,29690,False,29684,1,TAAAATTAATTT
