825711673408,32,False,32,1,GATTGTGAGCGA
827867578560,64,False,64,1,TTCACTGATCTC
1077952640,96,False,96,1,CTAAACTTTATA
552989671424,128,False,128,1,TCTATGCTTGTG
552989622272,192,False,192,1,TCAGCCAGGGAC
275951681600,256,False,256,1,CAAATACGGTCT
827863351424,288,False,288,1,AATTTCCATGGA
277038006464,320,False,320,1,AAGTTGGATAAC
277037973504,416,False,416,1,ATGGTGGATTGT
549768396928,448,False,448,1,GTGTTGTGTGCA
550837993600,512,False,512,1,GTGCTACTTCAA
1073791168,768,False,768,1,TTATGCCTGTGC
824633770112,928,False,928,1,TAAGGGTAAGTT
274890522624,992,False,992,1,CTCTATGTAGAC
824633720832,1056,False,1056,1,CTGATAAGACAT
824637948096,1152,False,1152,1,CACGTTATGTTA
550842171392,1184,False,1184,1,ACTATACGTAGT
551911735424,1216,False,1216,1,TACTGAAGACTT
274890539200,1280,False,1280,1,TCTATTATTTTA
278107570368,1344,False,1344,1,CAGTTGTAAATG
3233808576,1536,False,1536,1,TTTTGCCTGTTA
552989655232,1632,False,1632,1,TTTATTTTGGAG
827867578368,1664,False,1664,1,GCACGTAATATA
2147532800,1760,False,1760,1,GAAACAAATCTC
8405184,1792,False,1792,1,TGATTATGTTCA
827854946432,1856,False,1856,1,TGGCATAAACAA
552989655040,1920,False,1920,1,TTAATATGCGGC
825720094912,1952,False,1952,1,ACTTTTACTGTT
827859157184,2016,False,2016,1,ATTATTTGGCAG
3233857728,2080,False,2080,1,GTCTAAGAGTAA
549755814080,2112,False,2112,1,TGGATTCTTTAG
12632064,2176,False,2176,1,TAGTGATTTTGG
826793803968,2208,False,2208,1,TTGTTCATTTCT
825715900608,2240,False,2240,1,ACTGCTCTTGCA
827867529344,2272,False,2272,1,TGTTTTGCATGG
827854995648,2304,False,2304,1,GTGATATATATT
825707511808,2368,False,2368,1,TGTTGCTAAAGT
1086357696,2400,False,2400,1,TTACTTTTATTG
3233857664,2432,False,2432,1,ATTGGACGTAGA
12582976,2528,False,2528,1,TTAACCATGCCT
827854995584,2560,False,2560,1,GCAAAAACCTAT
826781253824,2592,False,2592,1,CTGATTTTTCAT
827854995584,2624,False,2624,1,GTTGTTACAACT
826785447936,2656,False,2656,1,TTCTGAACCACC
3221241984,2688,False,2688,1,GCATTGTGGATA
825720078336,2720,False,2720,1,GGTGACAAATAT
551911702720,2784,False,2784,1,TTCCTTGTGCTG
552989622464,2912,False,2912,1,TGTGGAGTGTTT
826793820288,2944,False,2944,1,TATGGAGGAATT
3225452672,2976,False,2976,1,CCATAGAAGAGA
550829555776,3008,False,3008,1,CTTGAAGGTGTA
2147500224,3040,False,3040,1,TTTACAGAAATT
825720078400,3104,False,3104,1,CCTAAATTGTAT
826781253760,3136,False,3136,1,AGATGATGACTT
824642109632,3168,False,3168,1,AAGAAGATGATG
1073758336,3200,False,3200,1,TTAACTGTCACA
827863351488,3264,False,3264,1,TAGAGGACACTT
824646336512,3296,False,3296,1,GAGACATCTGAT
8421568,3360,False,3360,1,TGATTCAGGATT
550829588480,3392,False,3392,1,TTTTATACTACA
824642158592,3456,False,3456,1,ACAATTGCTGGT
827867529216,3520,False,3520,1,AAATTTGCAGGA
2155872320,3552,False,3552,1,AACAGTATAGTC
275964264640,3584,False,3584,1,GTTAATAAGATA
826781253824,3616,False,3616,1,ACAAGGTGGTTA
827854979264,3680,False,3680,1,GCATACTGGAAA
3221274816,3712,False,3712,1,TCTTAAGCTTAA
3233841344,3776,False,3776,1,TGTGGTGAGTCT
1086373888,3808,False,3808,1,TGTGCCATTTAC
549755830400,3840,False,3840,1,ATAAGTTGTTTT
824637964416,3904,False,3904,1,TAATGATAGTCA
3225469120,3936,False,3936,1,GTAAACAAATTG
3233808576,3968,False,3968,1,ATTACTAGTGAT
3233857728,4000,False,4000,1,GCATGGTATGTC
827867561984,4032,False,4032,1,AAATTGCCCAAT
549768429760,4160,False,4160,1,GGTGGTGGTGTT
551903330304,4192,False,4192,1,AGCTGGACAGCA
274886328512,4224,False,4224,1,ATATGGTTAAGT
550829588480,4256,False,4256,1,GGAGATTGTTAT
549768446016,4288,False,4288,1,ATGTAAAACTGT
549755830272,4352,False,4352,1,TTGTTAGAGCGT
551915880576,4416,False,4416,1,CTGGTATATTTA
277037973504,4448,False,4448,1,TTAACATATCTA
824633720960,4480,False,4480,1,AGTTGTTCTTGT
277029634240,4512,False,4512,1,TTGATCTTATTT
8421504,4544,False,4544,1,GTTGAGGGCACT
2147532864,4608,False,4608,1,AAACAGATGCTA
550829555904,4640,False,4640,1,GACGTTGCATTT
3229663232,4672,False,4672,1,ACAGGATGTTTT
49344,4704,False,4704,1,CACTTGATGATG
552989655168,4736,False,4736,1,AGCAATGTTGAT
552977088640,4768,False,4768,1,TGTTGTCAATAA
826789593280,4832,False,4832,1,GGCATAGATATA
3229663424,4896,False,4896,1,CTACTGTTGCTC
3221258240,4928,False,4928,1,GATAAAGTGGAC
824646336640,4960,False,4960,1,TGTTAATTTCAC
551907524800,4992,False,4992,1,GTGAAAGTTTTG
549760008192,5024,False,5024,1,TTTTGTGATGGA
824642109632,5056,False,5056,1,GTGTGATATAAA
3221225664,5088,False,5088,1,TCCAGTTTGATA
1086373888,5120,False,5120,1,AAGGCTGTAAGA
827854962752,5152,False,5152,1,GAAGGAATTGCT
3229646848,5216,False,5216,1,GGTAAGTATTTC
826785415168,5248,False,5248,1,CAATTGTTTTGT
552985460928,5408,False,5408,1,GCTGATTCTAGA
824642109632,5440,False,5440,1,TAGTCAAGTTGA
278111748096,5472,False,5472,1,ATTTTGAAATTG
2155905216,5504,False,5504,1,CAGGAACAGCGT
8388672,5536,False,5536,1,GCATTTTGGTAC
277025439744,5600,False,5600,1,AAAAAGCTAATT
824633720960,5632,False,5632,1,ACCATTTTTAAT
277033812160,5664,False,5664,1,GTGTAAAATTAC
551903346752,5728,False,5728,1,TGTTCATGTTAA
278099132608,5760,False,5760,1,TTTATGATGCTT
550833799360,5824,False,5824,1,TCTTAAAAATTT
3229614272,5856,False,5856,1,TGTTAACCACCT
1077985280,5888,False,5888,1,AAAATTGAGTAT
49216,5920,False,5920,1,TTATTGTGACGG
549768445952,5984,False,5984,1,AAAGTAGATGGT
278099181568,6016,False,6016,1,GATAGGACACAC
827867529344,6048,False,6048,1,CTAAGTTGGGTT
552981282944,6112,False,6112,1,TACAGGTGATGT
552977072320,6144,False,6144,1,TGTATGTTAAGA
278099181696,6176,False,6176,1,ACTTTTGGTAAA
3233841152,6272,False,6272,1,TTTGATGTTTTA
278107553792,6368,False,6368,1,GGTGTTAAAAAA
826785447936,6400,False,6400,1,TGTCATTGTTAA
551903346880,6432,False,6432,1,AATATGTTAAGA
274877956096,6528,False,6528,1,TTAACGTACCTA
278111731904,6560,False,6560,1,TTTGGTATGACT
2160099456,6592,False,6592,1,TTTGTTAAATTT
3225419776,6624,False,6624,1,TTAATGTGGTTA
827867529408,6688,False,6688,1,TGTCTTATTATT
2155905088,6752,False,6752,1,GCATCAAAGCTT
827867529216,6784,False,6784,1,AGCTTTTAAAAA
278107521216,6848,False,6848,1,GCGACTATATTT
3229663424,6880,False,6880,1,ATATGCCAATGT
550833766592,6912,False,6912,1,TGCCTAAAATCG
827854946496,6976,False,6976,1,TAGTCTTGTAAC
551903346816,7072,False,7072,1,AGGATTTGATAT
3229614208,7104,False,7104,1,TTGATGTAGTAC
825720094720,7136,False,7136,1,GCATTTGTTGAT
551911702592,7168,False,7168,1,TGTCATTGAATT
549760008384,7264,False,7264,1,TGAGCTTTTTAT
552985477120,7328,False,7328,1,TTACCAGCACAT
825715884224,7392,False,7392,1,TGTTTAGGCATG
826785398784,7424,False,7424,1,TCTGGTTGTTTG
827863384192,7456,False,7456,1,TAGTCTACGTGT
552989622272,7520,False,7520,1,AATGGTGGCACT
827854995456,7552,False,7552,1,ATGGAATTGCAT
827863334976,7584,False,7584,1,CAGGTAATACTT
826781253760,7648,False,7648,1,TCAGCCTACAGA
274877923392,7712,False,7712,1,TTGTTCTATGAT
824646353024,7744,False,7744,1,TGATGATGTTAA
827854995584,7776,False,7776,1,ATAGTAATTTGC
278107553792,7808,False,7808,1,GTGCCTAATATG
277038022656,7872,False,7872,1,CTGTATTTTATG
549768396864,7904,False,7904,1,ATTTTAATGGTT
2147532928,7968,False,7968,1,TGTTTGATGTTT
549764218880,8000,False,8000,1,ATGTTTGATGTG
825711706112,8032,False,8032,1,TTTAATAGCAAC
827863384256,8064,False,8064,1,AGGGTACGCAGA
551903346752,8096,False,8096,1,TTTTTAAGCTGT
824633770112,8128,False,8128,1,TGATTCAGATGT
551915880640,8192,False,8192,1,GAATTGACGGAT
552977039552,8256,False,8256,1,CAGCTGATTTAG
551915880576,8384,False,8384,1,AAATTGAAGAAA
827854979072,8416,False,8416,1,GAAACTGAAGCT
824633737408,8448,False,8448,1,CTAATGTCTCTG
552989671616,8480,False,8480,1,CTTAAAGGGGGT
824646320192,8576,False,8576,1,ACAGTACACAAA
826793836672,8608,False,8608,1,TTATGCCAGTTA
825715851456,8640,False,8640,1,TTATTAGAGATG
824633753600,8672,False,8672,1,TTCGCTAACAAA
2160115904,8704,False,8704,1,GTATGAGTCTAC
278099181760,8736,False,8736,1,GTAACAGTATGG
277037973632,8800,False,8800,1,TAATGTCCCTAC
549768396864,8864,False,8864,1,TCTGCTGATGGA
552977088640,8896,False,8896,1,TAGTCAAATATC
825715884224,8928,False,8928,1,GTGGCTGTGTGC
277029585024,9024,False,9024,1,CTCTGTATAGTT
1073791168,9056,False,9056,1,TATAATCTTGCT
824633753600,9152,False,9152,1,AGAGTTGGATTA
824642158720,9184,False,9184,1,TATATGCTTTAA
3233857728,9216,False,9216,1,TTAATAATGATT
12615872,9248,False,9248,1,ACCTTTTGTGGT
275951681728,9344,False,9344,1,GCTGGTGCTATA
274877956160,9376,False,9376,1,GGTGTTTTATTA
278111764672,9504,False,9504,1,CTTGTGTATATG
275960037568,9536,False,9536,1,ACGCTTTATTTC
826793836544,9600,False,9600,1,CTATTATGCCTT
274877956096,9664,False,9664,1,GGTATTTTCTTA
3233808384,9696,False,9696,1,CTGTTCGTAGTG
824637948032,9760,False,9760,1,TTATTGTAAGCT
552977088704,9792,False,9792,1,TTGCTTTTAATA
826793787392,9824,False,9824,1,AAATATAGGTAT
552981250112,9920,False,9920,1,AATGGTAGTGAT
551915913344,10048,False,10048,1,TAATATGACATT
1086357504,10112,False,10112,1,TCTGCTTCAGAT
826785398912,10144,False,10144,1,AAATTTGTTGTG
827859173568,10176,False,10176,1,TTACTGTATTGT
278107570368,10208,False,10208,1,GTGATGTCTTAT
550829604928,10240,False,10240,1,TGTTCTTACAGT
278107570176,10272,False,10272,1,CGCCAAAATATA
3221258240,10304,False,10304,1,GGTGAGACTTTT
2160115712,10336,False,10336,1,CGGCAAACCACA
1073774656,10368,False,10368,1,TGCGTAGTAGTT
826793820160,10400,False,10400,1,TTATGCGGATCT
826781253824,10432,False,10432,1,AATAATGGGTGA
3221258432,10464,False,10464,1,TGCATCAATTGG
825720061952,10592,False,10592,1,GTAGCATGGCTT
825715900608,10624,False,10624,1,TTGTAATTGGTT
3233857664,10720,False,10720,1,TATAGATGCTTT
826789642368,10752,False,10752,1,CTTTGGAAACAC
824633737408,10784,False,10784,1,CTTAAGAATGGT
4210880,10848,False,10848,1,CTAGCGATGTTT
2160115904,10880,False,10880,1,AAGTTACAATCA
549755830464,10944,False,10944,1,TTTTGTTTAGTT
827867529280,10976,False,10976,1,AAATGGACTATG
827863384128,11232,False,11232,1,ATGGCATGTTAT
3233857600,11360,False,11360,1,TTAGAGGAAGAA
824646353088,11488,False,11488,1,TATACCTCAAAT
552977072320,11520,False,28526,1,ATTTGTTTATTG
551903346688,11584,False,11584,1,TAGAATGCCTTT
12632256,11616,False,11616,1,TTTCAGTACAGG
275960037568,11648,False,11648,1,AATGGATTGCGC
825720045696,11744,False,11744,1,TTTCAATCAAAA
824646303936,11840,False,11840,1,TATTGTAGCACT
551911702592,11936,False,11936,1,CCAGCTGCTGTG
826781220864,11968,False,11968,1,TATTGAAGAAGT
826793787584,12000,False,12000,1,ACAATACTGTTT
551907524608,12032,False,12032,1,TTTGTTAATATG
551915913216,12128,False,12128,1,CAGCTAGAGAAA
275955843072,12160,False,12160,1,TGCTTATGAACG
550829555712,12224,False,12224,1,AATATGTATAAA
827859173376,12256,False,12256,1,GAAGAGTAAGGT
826781253824,12288,False,12288,1,TGCTTTTTAGTA
827854946368,12320,False,12320,1,CAAGCTCTGAAT
3221225536,12352,False,12352,1,GAAGGGTTGTGT
3221274816,12384,False,12384,1,CATTGGCAGCAA
275960053952,12480,False,12480,1,GGCAGATTCAAA
824642158592,12512,False,12512,1,ACAAATAAGCAG
2160115712,12544,False,12544,1,TTGTAACTGGCC
1086373888,12608,False,12608,1,AATAATGAATTA
826785447936,12640,False,12640,1,TCAGGTTGTTAA
274890490048,12672,False,12672,1,GTAATACACCTA
825707511808,12736,False,12736,1,TAGTGATGTTGA
1086374080,12768,False,12768,1,TTCTTAAAGATG
277025390784,12800,False,12800,1,GAGTTAGATCCT
552977088512,12864,False,12864,1,ATTTTGTAAAAG
550842187840,12896,False,12896,1,GGCTGGGTTGTT
824637964480,12928,False,12928,1,TAGATTGCAAGC
274890539200,12960,False,12960,1,CTTCCAACTCAT
274877956288,12992,False,12992,1,TTTTCTGTAGAT
826789593280,13056,False,13056,1,ATTGTGTTAAAA
1086341120,13088,False,13088,1,ACCGGTATGGCC
552977088640,13120,False,13120,1,TACCACTAGTCA
1082163392,13152,False,13152,1,CTGTTTGTATAT
551911686336,13184,False,13184,1,CACCCAGATGTT
2151677952,13216,False,13216,1,CGGCAAGTTTGT
278111731904,13248,False,13248,1,AAGATCCTGTGT
549764235328,13376,False,13376,1,TTCGGGGTACGA
549768396992,13472,False,13472,1,TTGCTGGCATTG
827867578368,13536,False,13536,1,TGATAAATTAGA
274877939840,13568,False,13568,1,GGACAGATCTGA
278111715456,13632,False,13632,1,TGTGGCTGAACA
551907540992,13664,False,13664,1,TAGAAGGTAGTC
12632064,13696,False,13696,1,AAGGATTTAACA
550842187776,13728,False,13728,1,TTGCTATGCATT
827854995648,13760,False,13760,1,ATTGCATGCTGC
549760057408,13792,False,13792,1,TATGCTGGTTGT
827867529280,13824,False,13824,1,GAAGGATTGGTA
827854995456,13856,False,13856,1,ATATTATTAATG
552989655104,13888,False,13888,1,ATTTTTAATAGA
824646336512,13984,False,13984,1,AATGGTAAATGG
3229663232,14016,False,14016,1,TATTGCAGCCCC
275960086528,14080,False,14080,1,CTGACCATGTGT
827863335040,14112,False,14112,1,GTATGTGAATAA
3229614208,14144,False,14144,1,TTGTACAGTATG
12599424,14176,False,14176,1,GAATTGTTTAAT
826789642304,14272,False,14272,1,TTTAACATACTT
550842171392,14304,False,14304,1,TACATGTTTTGG
827863384064,14336,False,14336,1,TTGTGGATGGTG
12583104,14368,False,14368,1,GGCTACCATTAT
2160066752,14432,False,14432,1,TGTCTTTAAAAG
278111748224,14464,False,14464,1,GATCCAGCTTTG
8437760,14496,False,14496,1,ATTGTATGATTT
549768413184,14560,False,14560,1,ACAGTTAAACCT
824633770048,14688,False,14688,1,TGATTATAATTA
826793836736,14720,False,14720,1,CCATGGTGGACA
824646336704,14752,False,14752,1,TTGGAAGTTGTT
825711657088,14784,False,14784,1,TGATGGTGGGTG
3221241920,14816,False,14816,1,TTGTTAATAATT
278111715328,14944,False,14944,1,CCAACACTTACT
549760024704,14976,False,14976,1,TATTAGTGCTAA
827854995648,15008,False,15008,1,CTGGTGTTTCCA
274890489984,15040,False,15040,1,AGAATGTTTCAT
552977088512,15168,False,15168,1,TCCTGTACTTAT
1077985408,15296,False,15296,1,GACTTGCGAATG
826785447936,15328,False,15328,1,GAAATTGTTATG
274886344832,15360,False,15360,1,TAAGCCTGGTGG
278107570240,15392,False,15392,1,CTACTGCTTTTG
825720094784,15424,False,15424,1,TGTCAAGCTGTT
824633770112,15456,False,15456,1,AATGTCATGCAA
2160099328,15520,False,15520,1,TCACATGTGTAT
3221225664,15552,False,15552,1,AACCTTTGTCAC
551903346880,15584,False,15584,1,ATAAGCATTTTA
826781204608,15648,False,15648,1,GTCCAAAGGGTA
827859140672,15680,False,15680,1,TTCAACAGGTAT
824646336512,15712,False,15712,1,TTTATGTCAGAA
2155921536,15840,False,15840,1,TCGTATATTAGG
278107570176,15872,False,15872,1,ATTTGTTAAAGA
3221258304,15904,False,15904,1,GAACGATTTGTA
8388608,16000,False,16000,1,AAGAAGTTGTAC
277037973504,16032,False,16032,1,CTTGGATAGCTA
827854979264,16096,False,16096,1,TACAAGAACATG
3233824960,16128,False,16128,1,GCAGAGTGTTGG
827863367744,16160,False,16160,1,CTCAAACATCAT
277029634176,16192,False,16192,1,AGAAAGCCTCTT
549768396800,16288,False,16288,1,CCAGGATGTGAT
827854995584,16320,False,16320,1,GTATCTAGGTGG
1073741952,16416,False,16416,1,ATCTTGTACAGG
3225419776,16512,False,16512,1,AGAGCGCTTGAA
3221225664,16576,False,16576,1,TATGCATCAGCA
550833782784,16608,False,16608,1,TGAGCGCGAATT
824646303744,16672,False,16672,1,GTTTTTACTGGC
278107521216,16736,False,16736,1,AGAGTGAGTTGA
824633753728,16768,False,16768,1,GCCACAACCACT
3221225600,16800,False,16800,1,TGTTTTTGTTTT
277033795712,16832,False,16832,1,ATTTAAGTGCTC
2160066752,16864,False,16864,1,AATTATAGTAGT
552977055872,16896,False,16896,1,TAGTGTGCTTGA
550842138752,16960,False,16960,1,TGCACCGTGCAA
826793836736,16992,False,16992,1,GTCACATCTTGC
549755863040,17056,False,17056,1,AGCCATGCAGCT
275960070272,17120,False,17120,1,CTCGTATTGTTC
824646336576,17152,False,17152,1,TGCTATGATAAG
549760008320,17184,False,17184,1,TCGTAAGTATGT
827854995648,17216,False,17216,1,TACCTGAGATGG
3225468928,17248,False,17248,1,GATGAAGTTAGT
825720061952,17280,False,17280,1,TTCTGTTATTAA
827859156992,17312,False,17312,1,ATTATGTTTATA
552985428096,17344,False,17344,1,CCAGCACCACGT
3221274624,17376,False,17376,1,ACTTGAACCTAA
826793787392,17440,False,17440,1,CTTGGTACATGT
551915929728,17472,False,17472,1,CGTTGATACAGT
277033812160,17504,False,17504,1,ATAAGCTTAAGG
549768429760,17536,False,17536,1,TTGTGTTTTAAG
824637915136,17568,False,17568,1,AACACATGAAAG
827854995584,17600,False,17600,1,AGCAGATTTATT
824633753792,17632,False,17632,1,GCTAACCCTTTG
825707511936,17664,False,17664,1,TAGCCCATATAA
551903297600,17760,False,17760,1,TATATATTCACA
1073791168,17792,False,17792,1,CTGTAAATGTTA
2160115904,17824,False,17824,1,ACTCGAGCCAAG
552977039424,17856,False,17856,1,GAGTAATATGCA
274877956096,17888,False,17888,1,TTACTACATTGA
824633769984,17952,False,17952,1,TTTATTTAAAGA
8388736,18016,False,18016,1,GCAGTAGATGAC
274877923392,18080,False,18080,1,CTGTTACATATT
824633720960,18144,False,18144,1,TTGTAAGCTTTT
275960070272,18208,False,18208,1,GCTGAAGGTGCT
275951648960,18240,False,18240,1,TGGGACAAATTT
3229614144,18272,False,18272,1,CCACAGGAATTG
551915929728,18304,False,18304,1,GGTTTGTTTGCT
549760057472,18336,False,18336,1,TAAAAAGGCTGT
1077985408,18368,False,18368,1,AACAATTTAAGC
551903346688,18432,False,18432,1,AATAGTACAAAT
552981282816,18464,False,18464,1,ATCTGTCTGATT
552989638784,18496,False,18496,1,GCAGCCAACTTT
824646353024,18592,False,18592,1,TCTAGAACTGGT
827867578432,18624,False,18624,1,TAGTGTTACATG
824646336704,18656,False,18656,1,TTATTGTTGATA
12632064,18688,False,18688,1,GGTTCTTTATCA
2147532992,18720,False,18720,1,TAGTGTCCATAA
824646352960,18752,False,18752,1,CTGATGCTATAA
274882150592,18816,False,18816,1,TGTGGAGTATCC
278107570304,18848,False,18848,1,GTATTAATACCT
826793803840,18912,False,18912,1,ATATACTTTGTG
550837993664,18944,False,18944,1,AAGCGATTGCCT
549755846656,18976,False,18976,1,AAGTTCTATGAT
824642158784,19040,False,19040,1,ATAAGGACTCTT
3233857600,19072,False,19072,1,TTTTGGAACTGT
12599296,19104,False,19104,1,GAATGCAGTTGT
827859173568,19136,False,19136,1,TGTTGAATAATT
277038022848,19232,False,19232,1,AGCATTTGAAGC
827867562112,19264,False,19264,1,TCAGATACGCCT
551903297728,19296,False,19296,1,GGATGCTAAGCA
552989655104,19424,False,19424,1,CTACTACAGCAG
824646352896,19456,False,19456,1,AAGACATTTGAT
12615808,19488,False,19488,1,GTTCACCAAGCT
826789593280,19520,False,19520,1,TATATAATTTAG
552989655232,19552,False,19552,1,GGACAGGCTGGT
826781220864,19584,False,19584,1,AAATGATAAAGT
827854946304,19616,False,19616,1,AGGATGTTGTCA
2160099456,19744,False,19744,1,TGGAAGCACGTC
274882150528,19776,False,19776,1,AAGTATATTTTG
12632256,19808,False,19808,1,GCATGTATACAG
824646336512,19840,False,19840,1,TTGAATGTCCTT
824642158592,19872,False,19872,1,TGCTCTTGAAGC
277025439872,19904,False,19904,1,GCGTTTACATTT
2147500096,19936,False,19936,1,CTTTCGATGATA
2147516544,19968,False,19968,1,ATTAAATGGCGT
549768413248,20128,False,20125,1,GGTAATGTCGGT
552985477120,20192,False,20189,1,GCTCTTTTACAT
824633753792,20224,False,20221,1,GATTTTATAGCT
826781253824,20256,False,20253,1,TCAGAAGTATGG
3233808512,20288,False,20285,1,AACACATTGTTT
824642109568,20320,False,20317,1,ATTATTGGTGGT
549760057472,20352,False,20349,1,GTACCGAAGACA
824642125888,20384,False,20381,1,TTCAGGAGTTTG
827859189888,20448,False,20445,1,TGGTAGTAAGAG
2155872448,20512,False,20509,1,TCACTTAATCTT
827854995520,20544,False,20541,1,TAATGTTAATGT
827867578560,20640,False,20637,1,CTGGAAGCCTGG
826789625920,20704,False,20701,1,AGTCTCTGGAAT
824633769984,20736,False,20733,1,GCCTACAGGCTG
549760008384,20768,False,20765,1,ATACTCAGTTAT
278111731904,20800,False,20797,1,ACATTAGCTGTA
3221225600,20832,False,20829,1,GCATTTAGGTGC
278099132544,20864,False,20861,1,CACCGGGTTCTG
3221225472,20896,False,20893,1,CCTGCTGGTACT
549768413376,20960,False,20957,1,ATTTTGGGGATT
824646336704,21024,False,21021,1,TGACCCTATTAC
274886328512,21088,False,21085,1,TGTCATATGATT
824646303936,21120,False,21117,1,TGGCAGTGTTGC
49280,21152,False,21149,1,CTTGGAATGCAG
2147500160,21248,False,21245,1,TTGGCATAAATT
3229646848,21280,False,21277,1,GAGATAGATGGA
3225468928,21312,False,21309,1,TTTGTTTTGGAG
551911735488,21344,False,21341,1,GGGGTGCTTATA
825720078528,21376,False,21373,1,TTCCCGCTTAAG
1086373888,21408,False,21405,1,AAATTTAAGAGC
824642109440,21440,False,21437,1,TTTATTCCCTTC
3221274688,21600,False,21597,1,GGGTTTTGTGTT
274890506304,21664,False,21661,1,ATACAAACAGCG
551915880448,21760,False,21757,1,ATGCATTGGGGT
3229614208,21824,False,21821,1,TTTTAGATGTTA
278107521024,21888,False,21885,1,TTGTGTTGCTGA
0,21984,False,21981,1,AAACAGCATGCA
277025439744,22016,False,22013,1,TCAACCCCTCAT
32896,22080,False,22077,1,TTATGAAACCAT
2160115904,22144,False,22141,1,CTAGCTATGATT
3229647040,22208,False,22205,1,TTCCCGAGAATG
824637964416,22240,False,22237,1,CTATCGTACCAT
824646336512,22336,False,22333,1,TGTTTGGGGTTT
552989671552,22560,False,22557,1,GACCTTAATCCT
2147500224,22592,False,22589,1,AATATCATCTAA
825720045760,22624,False,22621,1,GGAGTTTTCACT
274890539008,22656,False,22653,1,ACAGGCGAAGGT
825707512000,22688,False,22685,1,GGGTGTTAATTT
552989622272,22752,False,22749,1,ATGCAGAATAAA
551903313984,22784,False,22781,1,TTATAAGAATAT
824642109632,22816,False,22813,1,CTTTTGTTAATG
552989671552,22944,False,22941,1,AAGGTTGAAGCT
275964281024,22976,False,22973,1,TGACGAGTATAT
826781204672,23008,False,23005,1,ACGGCAAGTTTT
824646303744,23040,False,23037,1,GATGATAGTCAA
825707511936,23072,False,23069,1,TGGTGTTATTTA
275964281024,23136,False,23133,1,TATTTAGTTTTA
552989671488,23168,False,23165,1,CATTTCAAATGA
552977072256,23200,False,23197,1,CGAAAGCAATCT
278111764608,23232,False,23229,1,TTTACGCCTGTA
552977055744,23264,False,23261,1,GAACAATGCCAG
12615872,23328,False,23325,1,CGTAATTCTACT
277037973504,23424,False,23421,1,TGTTTTTCGCAG
549768396928,23616,False,23613,1,TTATATTTTATG
549768396992,23648,False,23645,1,GCATGATGCTTA
3233808512,23680,False,23677,1,TTTGATACTTTT
552977072320,23712,False,23709,1,TTGCTGTTATAG
827867529408,23808,False,23799,1,TTACTAATGGTT
824646353088,23840,False,23831,1,GATCGTGTGTAT
827854962880,23936,False,23927,1,TTGAGCAGACTA
826793836544,23968,False,23959,1,TTCTGATTTTAT
3221225664,24000,False,23991,1,TCAAAAATACCA
825720045760,24032,False,24023,1,ATGTATAGTGAG
4243584,24064,False,24055,1,TAGTACTTTTGT
278099165184,24256,False,24235,1,AGGTGTTGTTTC
827863335040,24288,False,24267,1,TCACATATGATG
8437760,24352,False,24331,1,TGCATATTTTAC
278099148800,24480,False,24447,1,AATATTGGGTTA
549760057536,24640,False,24607,1,TTACACTGTTCA
2147532928,24768,False,24735,1,ATTGTAATTTTA
550842187776,24800,False,24767,1,TTTATTCAGGCA
824633770176,24832,False,24799,1,TATTGATGCTGC
274877956288,24864,False,24831,1,TTTCCAGCATAA
275964264512,24992,False,24959,1,TATTATAATTTA
827859173376,25024,False,24991,1,TAGCAGGTTTAA
825711706112,25216,False,25201,1,TGGTATAGGCAC
827867578368,25312,False,25315,1,GTGCCCCCAAAC
278107570176,25344,False,25347,1,GTGAGCACTGTT
549768396928,25376,False,25379,1,GATTATTGTGGA
826789642368,25408,False,25411,1,ACCACAAGCATT
824646303872,25472,False,25475,1,GCTAATTTTATT
827863367872,25536,False,25539,1,ACACAGACATAA
826785447936,25600,False,25603,1,TTTTGTTGAGGT
824642126016,25632,False,25635,1,GTTGGCAGAACC
550837960704,25696,False,25699,1,CAGAACTTTTAT
827867529408,25760,False,25763,1,TCCGAACCAGCA
278111764672,25824,False,25827,1,GACAGCTGCAAC
550837944384,25920,False,25923,1,CAGTAGGTAGTG
824646336704,25984,False,25987,1,TGGTTATCGGTT
824646303808,26048,False,26051,1,GTAGGTGGTTTG
12615872,26080,False,26083,1,AGAGTTTACTAT
278107537600,26112,False,26115,1,TTCAAACAAGCT
551903346688,26176,False,26179,1,ATGTAAATCACA
274890506432,26240,False,26243,1,GTAAATGAACTA
824633769984,26272,False,26275,1,AGTAGCTAATAG
824642158784,26304,False,26307,1,TTAGCACTAAGC
12599488,26336,False,26339,1,AATGTAGACGAC
827859140736,26464,False,26467,1,TGAGGCTTATAA
827863335104,26496,False,26499,1,AAATTAGGGACC
3229614080,26784,False,26787,1,TAGTTAAAATTC
16384,26816,False,26819,1,GCTGAAGCTCTT
826793836736,26848,False,26851,1,CTCTAATAGATT
827859140800,26880,False,26883,1,TACAAGAAATTC
552977088512,26976,False,26979,1,CTCAACAGCTTA
275960037568,27008,False,27011,1,TTTAGTGCAGCA
1077985280,27040,False,27043,1,TGAATGTGTCAA
550842187776,27104,False,27107,1,TTAGTGCAGAAT
824633769984,27232,False,27235,1,TTATTTTGTTAA
552989671616,27392,False,27395,1,GATTTTAAGGAA
3233857600,27456,False,27459,1,TTGATTATATAA
278111715328,27552,False,27555,1,AGGACATTGGTA
551915880576,27584,False,27587,1,TGGCCTTGGTAT
825720045760,27616,False,27619,1,TGCTGGTGTAGC
549768429760,27648,False,27651,1,TCATATGCTGTT
2155921600,27904,False,28197,1,CTCAGAATTAGA
551907491840,27968,False,28261,1,GTTCCTAGTCAT
3233857536,28032,False,28325,1,AATCCAAACATT
551907541120,28160,False,28453,1,TTAAATGTTTAT
2151727296,28192,False,28485,1,ACACTGTGTGGT
827863335104,28224,False,28517,1,ATAGTTGCCATT
826785448128,28256,False,28549,1,TGTAGTGGCATT
552989622336,28288,False,28581,1,GTATTCAACTTT
826793803904,28352,False,28645,1,AGGTAGGCAGTT
827863334976,28384,False,28677,1,TAAAACCACCAG
549760008256,28448,False,28741,1,ACACCAGCACCA
1073741824,28480,False,28773,1,TGAAGCTATTAA
824637964480,28512,False,28805,1,TTTCTTTGGGTA
826793787520,28544,False,28837,1,ATCATATTGCAA
824633753600,28576,False,28869,1,TATGTTTGTTTA
550829604928,28608,False,28901,1,TGTGGCTTATGT
278111764480,28672,False,28965,1,TGTGTATCTTGG
826781253824,28704,False,28997,1,TAGTGGCCATTA
3233808448,28736,False,29029,1,GTGAATAGTATC
3229663232,28832,False,29125,1,TATGTTAGGCCG
827863335104,29024,False,29317,1,GGTTTTGCTGTT
552981233792,29056,False,29349,1,TAATTACCGACT
274890522816,29088,False,29381,1,CTGGCATGGACA
824637931648,29152,False,29445,1,TAAGCAATCCAG
1077936256,29184,False,29477,1,ATCGTTCTGGTA
1077968896,29248,False,29541,1,CAGGGGTAGAAG
826785431744,29312,False,29605,1,GTACCCTACTAT
550837993600,29408,False,29701,1,GTCCCAGCTACT
3233808512,29440,False,29733,1,CAGACACAACAG
549760024576,29472,False,29765,1,ATGGCAACCAGC
277025406976,29504,False,29797,1,TATTTTTACTAT
552981250048,29600,False,29893,1,AATACCCCGGCT
549760057536,29632,False,29925,1,AAGTAGCGATGA
825711689792,29664,False,29957,1,CGCCTGGCACGG
551915896832,29696,False,29989,1,ATTGAAGGCTCA
278099148992,29760,False,30053,1,CTAGTGCAGGAT
12582912,29888,False,30181,1,CAGCAAGTAACT
824633737280,29920,False,30213,1,CAGACAGAAAAT
12599488,29952,False,30245,1,AGAGGAGCCCCA
12583040,30016,False,30309,1,TTTTGGTGGTGG
1073790976,30048,False,30341,1,CTAGTGACCCAC
551911735488,30080,False,30373,1,CTCGCACCCACA
551903330304,30112,False,30405,1,ATCAAGATTAGA
551911686336,30272,False,30565,1,TATCAACAACAA
550837993472,30304,False,30597,1,TCCAAAACCACA
3221274816,30336,False,30629,1,ATGGACAAGGAG
551903313920,30400,False,30693,1,GAGTAGAGAGTT
827859140800,30432,False,30725,1,TTCTTAAGAAGA
8421440,30464,False,30757,1,GACACCTCAGAA
3233841280,30560,False,30853,1,TGTCTTGCTGCT
549755846784,30592,False,30885,1,TAGCAGACTATA
274890539072,30688,False,30982,1,CAAGGGAAGAGC
49344,30720,False,31014,1,CAGTAATTAGTA
