826781253824,3616,False,3756,1,ACAAGGTGGTTA
824646353024,7744,False,8004,1,TGATGATGTTAA
275960037568,9536,False,9796,1,ACGCTTTATTTC
827867529280,10976,False,11236,1,AAATGGACTATG
551907524608,12032,False,12292,1,TTTGTTAATATG
274877956288,12992,False,13252,1,TTTTCTGTAGAT
278111731904,13248,False,13508,1,AAGATCCTGTGT
278111715456,13632,False,13892,1,TGTGGCTGAACA
549755863104,14400,False,14660,1,GAATATGGATGT
549768413184,14560,False,14820,1,ACAGTTAAACCT
824633770048,14688,False,14948,1,TGATTATAATTA
3221241920,14816,False,15076,1,TTGTTAATAATT
549760024704,14976,False,15236,1,TATTAGTGCTAA
274890489984,15040,False,15300,1,AGAATGTTTCAT
278099165184,15136,False,15396,1,ATGTTACGCCGC
552981233664,15232,False,15492,1,GTTAGTAGTTTG
825720094784,15424,False,15684,1,TGTCAAGCTGTT
551903346880,15584,False,15844,1,ATAAGCATTTTA
827854979264,16096,False,16356,1,TACAAGAACATG
827863367744,16160,False,16420,1,CTCAAACATCAT
549755863232,16224,False,16484,1,TGATCATGTTAT
824646303744,16672,False,16932,1,GTTTTTACTGGC
2147532928,16704,False,16964,1,TAAGACAGTTTT
278107521216,16736,False,16996,1,AGAGTGAGTTGA
824633753728,16768,False,17028,1,GCCACAACCACT
3225468928,17248,False,17508,1,GATGAAGTTAGT
277029601280,19392,False,19643,1,GTATCGTGAGTA
827854995520,20544,False,20792,1,TAATGTTAATGT
827859140800,26880,False,27039,1,TACAAGAAATTC
827863335104,29024,False,29593,1,GGTTTTGCTGTT
277025406976,29504,False,30078,1,TATTTTTACTAT
