274882150592,32,False,44,1,AAGCCAACCAAC
3221258240,64,False,76,1,TTCTCTAAACGA
275960037376,96,False,108,1,GTCGCTCGGCTG
12632192,128,False,140,1,AGTATAAACAAT
827859157184,160,False,172,1,ACAAGAAACGAG
826789642368,192,False,204,1,GACTGCTTACGG
277037990016,224,False,236,1,ATCATCAGCATA
2147532992,256,False,268,1,GACCGAAAGGTA
1077952704,288,False,300,1,GGTGTCAACGAG
826789609536,320,False,332,1,TTTGCCTGTCCT
550837944448,352,False,364,1,TGCGTGGCTTCG
274882101248,384,False,396,1,CTATCGGAGGCA
2160066688,416,False,428,1,CACTTGTGGTCT
824637915264,448,False,460,1,TACTGCCCCAGC
550829555712,480,False,492,1,ATTAAACGTTCT
277038022784,512,False,524,1,CGGCCACAAGGT
1077969088,544,False,556,1,TGGACGGCATTC
278099165312,576,False,588,1,ACACTGGGAGTA
1073791040,608,False,620,1,AACCCCAATTGC
2155905216,640,False,652,1,GTAAGAACGGTA
552985477120,672,False,684,1,AGCTATGGCATC
824633737344,704,False,716,1,AGGTGACGAGCT
2147483840,736,False,748,1,ATTATGAACAAA
274882117632,768,False,780,1,AGTGGTGCACTC
8437888,800,False,812,1,CAATGGAGGTGC
549764202688,832,False,844,1,ACAATTTCTGTG
552981250112,864,False,876,1,GATTGCATCAAA
275955843136,896,False,908,1,CAAGTCAATGTG
277033828416,928,False,940,1,ATTACATCGAGT
549755846784,960,False,972,1,TGCCGTGACCAT
824642125888,992,False,1004,1,CACTGAGCGCTC
3221241984,1024,False,1036,1,AGACACCCTTCG
2147500032,1056,False,1068,1,TTTGACACTTTC
827854962816,1088,False,1100,1,TGTGTTTCCTCT
824633721024,1120,False,1132,1,TTCAACCACGTG
278103359488,1152,False,1164,1,GGTTTCATGGGG
2155888640,1184,False,1196,1,TGTTGCATCTCC
826793787584,1216,False,1228,1,ACTTGTCTACCT
824642142400,1248,False,1260,1,GATGAAGTTTCA
825715867776,1280,False,1292,1,GAAAGCCACTTG
16576,1312,False,1324,1,ATTTAGTTATTG
1073742016,1344,False,1356,1,TACCTACCTACT
824646303808,1408,False,1420,1,CTGAGCATAGTG
2151678080,1440,False,1452,1,TCAAACATTGAA
826789642432,1472,False,1484,1,TAGGACTAGATG
552977072192,1504,False,1516,1,CCTATGTTGGCT
551915880576,1536,False,1548,1,TGGGTTCCTCGT
274886312064,1568,False,1580,1,AGGCCATACTGG
3225419776,1600,False,1612,1,AGACCTTGAATG
549768396992,1632,False,1644,1,AGTCGTGAACGT
551903346688,1664,False,1676,1,CGATTTTCATTT
827867545792,1696,False,1708,1,TTTTGGCATCTT
12615680,1728,False,1740,1,TTTATTGACACT
277025407104,1760,False,1772,1,GTCTTTCAAAAC
277025406976,1792,False,1804,1,ACTATAAAGTTA
2147483712,1824,False,1836,1,GGTGCTTGGAAC
551915896896,1856,False,1868,1,TTTAACACCACT
824633770112,1888,False,1900,1,CTGCTGGTGTTA
549760008256,1920,False,1932,1,ACACTTGATGCA
2151678080,1952,False,1964,1,TTTGCAAAGAGC
826781204608,2048,False,2060,1,CAGTGTCATTAT
3225452672,2080,False,2092,1,GTCTTGTACAAC
1086324928,2112,False,2124,1,AATCTTTTGGGC
32832,2144,False,2156,1,GCCTATCTTTGA
3221225664,2176,False,2188,1,GTGCAGGAGTTG
827867562176,2208,False,2220,1,GAGATTCTCAAA
550842171520,2240,False,2252,1,TGACATCGTCAA
3229614144,2272,False,2284,1,CAGATAACATCA
32960,2304,False,2316,1,ATTGATGTTGTT
274882117632,2336,False,2348,1,CATTGATCAAGT
8437824,2368,False,2380,1,TGCGATCACTCA
552981250176,2400,False,2412,1,GCTCAAAGCAAG
550829555712,2432,False,2444,1,ACGTGGCAAGGA
274886312128,2464,False,2476,1,CTCTTAAGGCAC
274877923392,2496,False,2508,1,GAAGGTGATTCA
824633770048,2528,False,2540,1,TGAGGAGGTTGT
275960070208,2560,False,2572,1,AAGCACTCGAGA
551903330432,2592,False,2604,1,AATGGAGCTATC
552977088640,2624,False,2636,1,AAATGGCCTCAT
549768413376,2656,False,2668,1,AAGAACAATACT
3233857536,2688,False,2700,1,CTGGCTACAAAC
826793803904,2720,False,2732,1,GGGTGCACCAAT
3229646848,2784,False,2796,1,AATGTGAGAATC
549755846848,2816,False,2828,1,TGTTGACAAAGT
1073742016,2848,False,2860,1,TCTACACTGTTG
552977072320,2880,False,2892,1,GAGTTTGCATGT
2151727168,2912,False,2924,1,GAAGACTTTACA
827863335040,2944,False,2956,1,CCAACATGGGTA
827867562048,2976,False,2988,1,GTAGCTACATTC
827863367872,3008,False,3020,1,TGAAGAAAACTT
278107521152,3040,False,3052,1,CCTTTTACCCTC
549755813888,3072,False,3084,1,GATGCAGAGTGT
827863335040,3104,False,3116,1,AACCTGTGAACA
827863384256,3136,False,3148,1,ATTATCAAGGTC
551915913216,3168,False,3180,1,TCAGCTGAAACA
551903346816,3200,False,3212,1,AGAGGAAGACTG
4194496,3232,False,3244,1,AATCAGAGATTG
549764202624,3264,False,3276,1,CCTGAAGAACCA
824646320128,3296,False,3308,1,TTTAAAACTTAC
826789593280,3328,False,3340,1,GTGTTGACATCG
3233841152,3360,False,3372,1,AATCCTATGGTG
826789593216,3392,False,3404,1,ACACCTGAAACA
275960053888,3424,False,3436,1,CACTCAACAAGG
549768413184,3456,False,3468,1,AAGGAGAGTGAT
2151727168,3488,False,3500,1,CCCTCTTACAGT
827854979200,3520,False,3532,1,CTGGACATAATC
1077952512,3616,False,3628,1,TCAATTCACAGG
3233808448,3648,False,3660,1,TTGTCAGCAGGC
3233841280,3680,False,3692,1,TCAGTCTTTACA
3229614144,3712,False,3724,1,GTACACAGGTTT
278103359488,3744,False,3756,1,GCTCTTTATGAG
549768396864,3776,False,3788,1,TGATAACCTGAA
274877907136,3808,False,3820,1,AACAAGAGGAGC
1077952512,3840,False,3852,1,AAAACTGAGGAG
549768429760,3872,False,3884,1,TGTCGATGTGAA
274882101248,3904,False,3916,1,TTGATGAGGTTA
49344,3936,False,3948,1,AAGTTTCTTACC
825707512000,3968,False,3980,1,TGATATCAATGG
552985477312,4000,False,4012,1,AGAACATGCTTA
550833782912,4032,False,4044,1,CTTGAGAAGGAT
826793836672,4064,False,4076,1,TGTTATCACTAG
2155905216,4096,False,4108,1,TAATACCCTCCA
1082130624,4128,False,4140,1,GAGATGCTCTCA
824637931648,4160,False,4172,1,AGTTGATGAGTA
552981233664,4192,False,4204,1,AAGGATGTGCTG
4243520,4224,False,4236,1,AAGACTGCTCTT
826785448064,4256,False,4268,1,TTATGTACTACC
824642125952,4288,False,4300,1,AGGAAGAGATTC
275964264448,4320,False,4332,1,TTGAGAGAAATG
549764235392,4352,False,4364,1,AAGAAAATTAAT
275955875968,4384,False,4396,1,GAGCCATAATGG
8388800,4416,False,4428,1,AAAGGAATTAAA
3233857536,4448,False,4460,1,CTATGGTGTCCG
278099148928,4480,False,4492,1,AAGAGCCTGTAG
550842138816,4512,False,4524,1,AACTCTCTAAAT
550837993536,4544,False,4556,1,AATTGGTTATGT
552981250240,4576,False,4588,1,AAGAGGCTGCGC
550829604928,4608,False,4620,1,GCTCCTGCCGTA
8404992,4640,False,4652,1,TGCTGTTACTAC
278107521216,4672,False,4684,1,CGTCATCAAAGA
825711706240,4704,False,4716,1,GAAACAGTTTCT
1082130624,4736,False,4748,1,TTGGTCCTATTC
826789593088,4768,False,4780,1,GTGTTGAATTTC
274882134016,4800,False,4812,1,GTGTACCACACT
826793787520,4832,False,4844,1,TCATCTTGACGG
824637948032,4864,False,4876,1,AACTAAAGAGTC
552977072128,4896,False,4908,1,AAGACTATAAAA
275964264448,4928,False,4940,1,CACTAATCTCCA
551915913216,4960,False,4972,1,CTATGACATATG
549768396992,4992,False,5004,1,TACTTGGATGGT
826789626048,5024,False,5036,1,ACCTCATGTAAA
552977088704,5056,False,5068,1,TTGTACTACCTA
824646320128,5088,False,5100,1,GAAGCTTTCGAG
827867578560,5120,False,5132,1,GAGTTTTCTTGG
2160082944,5152,False,5164,1,ACCACACAAAGA
827854979072,5184,False,5196,1,GGTGGTTTAACT
549768396928,5216,False,5228,1,CAATTGTTATTT
549768429696,5280,False,5292,1,GCACTTCAAGAG
827863334912,5312,False,5324,1,TGGTGATGCTGC
8421504,5344,False,5356,1,TCGCTTACAGTA
550837960896,5376,False,5388,1,GGTGATGTCAGA
826785398848,5408,False,5420,1,ACAGCATGCTAA
827859173568,5440,False,5452,1,TTCTTAATGTGG
825720078400,5472,False,5484,1,AAAACTACTACC
825711706112,5504,False,5516,1,GATGTATATGGG
825711689856,5536,False,5548,1,TTAAGACAGGTG
12615680,5568,False,5580,1,GGTCGTGATGCT
824646352960,5600,False,5612,1,AGAGTCTTCTTT
4227072,5632,False,5644,1,CTGCTGAGTATA
549768396800,5664,False,5676,1,TTATGTGCGAAT
275964280832,5696,False,5708,1,GTGTGGTCATTA
552985444416,5728,False,5740,1,AGACCCTCTATC
549755830464,5760,False,5772,1,ACAAAGATGTCA
277037973568,5824,False,5836,1,CAACCATCAAGC
12599296,5856,False,5868,1,GGAGTTACTTAC
824633770176,5888,False,5900,1,GGATGGGTATTA
274882150400,5920,False,5932,1,ATACAGAGCAGC
1086357504,5952,False,5964,1,CAACCATTACCA
824637915264,5984,False,5996,1,CAAACTCACATG
2155921408,6016,False,6028,1,ATGATTTAAATC
552989622464,6048,False,6060,1,CCAGCTTCACGA
826793820160,6080,False,6092,1,CCCAGACTTGAA
49280,6112,False,6124,1,ACTATAGACACT
274886295744,6144,False,6156,1,GGTGCTAAATTA
549760040960,6176,False,6188,1,GCACATTAACCA
277038006464,6208,False,6220,1,TCAAACCAAACA
278111764480,6240,False,6252,1,TGGAGTACAAAG
551903313984,6272,False,6284,1,ATTTGAAGTTCT
827863367680,6304,False,6316,1,GAATGGACAATC
552985428032,6336,False,6348,1,CCCACCTCTGAA
49280,6368,False,6380,1,CATACAGAAGGA
824633769984,6400,False,6412,1,AAACTACCGAAG
551915913280,6432,False,6444,1,AAACCATCAGAT
826793820288,6464,False,6476,1,AGAGTTAGGTCA
275951698048,6496,False,6508,1,ATGTGGAAAACA
827859173568,6528,False,6540,1,CCTAATGAGCTT
826793836544,6560,False,6572,1,AACAATTGCCAC
552977088704,6592,False,6604,1,ATAGTGTTCCTT
826781237440,6624,False,6636,1,GTCAAACCATTC
274886295616,6656,False,6668,1,AACATCAAATTG
3225419904,6688,False,6700,1,GTGTGTTTAACA
278111764544,6720,False,6732,1,ACATTATTGTTC
824642158656,6752,False,6764,1,AAGTACCAATTC
274877956224,6784,False,6796,1,CTACAACTATTG
827867562176,6816,False,6828,1,GTTGCTAAATTA
12632256,6848,False,6860,1,TTATGTGAAGTC
826793836544,6880,False,6892,1,TCACAATCGCTA
827859173440,6912,False,6924,1,ATTTGCTTAGGT
3225469056,6944,False,6956,1,TGCTTTTGGTGT
552985460736,6976,False,6988,1,CTCCTTCTTATT
824646303936,7008,False,7020,1,TATCTTAATTCG
827859156992,7040,False,7052,1,TTTCTGTGAAGG
825711657152,7072,False,7084,1,GTTTAAGTGGAT
3229614272,7104,False,7116,1,CCAGCTCTTGAA
552985428096,7168,False,7180,1,TGGCCGCTGAGT
824633753792,7200,False,7212,1,TTCACAAAATTC
552989638848,7232,False,7244,1,AGCTATAATGCA
825720078400,7264,False,7276,1,CTAGTCATTTCA
3221225536,7296,False,7308,1,TGGTTTATCATT
549768413376,7328,False,7340,1,CGTTTCTGCAAT
1086324800,7360,False,7372,1,TTGCTTCTTTCT
551907541056,7392,False,7404,1,GTTCATATCATG
274886344832,7424,False,7436,1,TTGCATGATGTG
549755863232,7456,False,7468,1,CACGCGTTGAGT
824637947904,7488,False,7500,1,ATGAAGAGATCT
274882117824,7520,False,7532,1,AGGCCGTGGCTT
550842171584,7552,False,7564,1,ATTGTCTCAATT
32896,7584,False,7596,1,AGTACATTCATT
549764202496,7616,False,7628,1,TTTGTCACTCCA
2155888832,7680,False,7692,1,GTTGCTGTGAAA
278107521024,7744,False,7756,1,GACATCCGCTCT
12615744,7776,False,7788,1,AATTTGAGAGCT
277038022656,7808,False,7820,1,GCCTATTAATGT
3233808576,7840,False,7852,1,CCAAATGCGACG
8437760,7872,False,7884,1,TCTGTGTACTAC
825711706304,7904,False,7916,1,TATTCTGTTGCT
552985444544,7936,False,7948,1,ACGTTGGAGATA
827859189824,7968,False,7980,1,ATGTTTGATGCT
824633720832,8000,False,8012,1,AACTTTTAGTGT
278099132416,8032,False,8044,1,CACTTGTTGCTA
824646320192,8064,False,8076,1,AAGGGTGTAGCT
825707511936,8096,False,8108,1,ATTCGTGTCAGC
8437952,8128,False,8140,1,ATACCGATGTTG
824637948096,8160,False,8172,1,TGTCTCAAACTT
278099181568,8192,False,8204,1,AGTGACAGGTGA
3221274752,8224,False,8236,1,TCACCTATAATA
551915929600,8256,False,8268,1,AGAGATCTTGGC
825720045568,8288,False,8300,1,AAGGCATATCAA
825707511808,8320,False,8332,1,ACAATGTTTCAC
824642125824,8352,False,8364,1,TACATGTCTTTA
824633737216,8384,False,8396,1,AATTCGTAGTGC
278099148800,8416,False,8428,1,CTTTTAGACTAA
1086324800,8448,False,8460,1,GTTGTCAATGTC
551911735488,8480,False,8492,1,CAAGGGTGGTAA
1086373952,8512,False,8524,1,AACTTATGCTTA
549755863232,8576,False,8589,1,AGTACATACATT
827854962880,8608,False,8621,1,CAAATGAAATCA
274882150464,8640,False,8653,1,GATGGTGTCACT
49344,8672,False,8685,1,TGATTGTTTTGC
551911718912,8704,False,8717,1,ACGCATGGTTTA
2160099392,8736,False,8749,1,AAAAATGACAAA
8405120,8768,False,8781,1,TATCATTACAAG
552981266432,8800,False,8813,1,CTGGCTTACCGG
824646320256,8832,False,8845,1,AATGGTGACTTC
824646320128,8864,False,8877,1,TTTTAGTGCTGT
826781204672,8896,False,8909,1,CTTCCAAACTCA
552989655168,8928,False,8941,1,ACCTCTGCTTGC
824642109568,8960,False,8973,1,AATTTTTAAGGA
3233857664,8992,False,9005,1,CATATTGTTATG
12599296,9024,False,9037,1,TCTATTTCTTAT
826789609472,9056,False,9069,1,TCGTTATGTGCT
275960070336,9088,False,9101,1,AGTTTCCTAACA
3233841152,9120,False,9133,1,AGAGTAGTAACA
2155872384,9152,False,9165,1,TAGACATGGTAC
275960070272,9184,False,9197,1,GTATTTGCCTAT
274877923392,9216,False,9229,1,CTTAATAATGAG
826785431616,9248,False,9261,1,AGTTTTCTGTGG
827859189760,9280,False,9293,1,TAGCTAACATCT
826793820160,9344,False,9357,1,GGCTGGTGGTAT
3221274624,9376,False,9389,1,GTGCTGCCTACT
552989671424,9440,False,9453,1,TAATGCACTTTT
827867578368,9504,False,9517,1,CCGGGAGTCTAC
274877956288,9536,False,9549,1,GACATTCTATTT
2155921600,9568,False,9581,1,TGGCTCACCTTC
826781237440,9600,False,9613,1,CCTATTGTGCCT
825707479104,9632,False,9645,1,TGTATTCTGTAT
3221225472,9664,False,9677,1,GGTTCTTTAACA
550842138816,9696,False,9709,1,ATGTTTAATGGA
549768429568,9728,False,9741,1,GGAGGCTGCTTT
824637948032,9760,False,9773,1,AGGAAATGTACC
12582912,9792,False,9805,1,CTGTTGCCACTT
278099181568,9824,False,9837,1,TGCTCTATATAA
275964264448,9856,False,9869,1,GAGCCTTAGATA
825715867648,9888,False,9901,1,GCTTGCTGCCAC
2147532992,9920,False,9933,1,CTTTAGCAACTC
274877923520,9952,False,9965,1,AACCACCACAGA
826781237440,9984,False,9997,1,CTGCAGAGTGGT
826789625920,10016,False,10029,1,GTCAGGCAAAGT
274882101248,10048,False,10061,1,TAACCTGTGGAA
3225436288,10080,False,10093,1,TGGTTGGATGAC
2147516416,10112,False,10125,1,TGTCATTTGCAC
2147516416,10144,False,10157,1,CTAACTATGAAG
278107553792,10176,False,10189,1,AACCATAGCTTT
826781253696,10208,False,10221,1,TCAACTTCGTGT
552985428160,10240,False,10253,1,ATTGTCTGCTTA
274890539200,10272,False,10285,1,AACCCTAAGACA
824646303808,10304,False,10317,1,TATCCAACCTGG
549768429760,10336,False,10349,1,CATGCTACAATG
1086324928,10368,False,10381,1,CAGTGTGCCATG
826785447936,10400,False,10413,1,AGGTTCTTTCCT
827863367808,10432,False,10445,1,TTGGTTTTAACA
274886312000,10464,False,10477,1,TTCTGCTATATG
824633720960,10496,False,10509,1,AGGAGTACACGC
278107553792,10528,False,10541,1,AATTCTATGGTC
550833750208,10560,False,10573,1,GCACAGGCTGCA
552989671552,10592,False,10605,1,ATTAAATGTTTT
2160115904,10624,False,10637,1,TTATCAATGGTG
824637915328,10656,False,10669,1,TTCACCACTACT
278099181568,10688,False,10701,1,GGCAATGAAGTA
8405184,10720,False,10733,1,AAGATCATGTTG
1077969088,10752,False,10765,1,GCTCAAACAGGA
1086357632,10784,False,10797,1,TGCTGCTTTGAA
275960070336,10816,False,10829,1,TGAATGGTCGTA
825707495616,10848,False,10861,1,TTAGAAGATGAG
826785415296,10880,False,10893,1,TAGACAATGCTC
827863351488,10912,False,10925,1,AGTTCAAGAAAA
3229663424,10944,False,10957,1,TGGATGCTTTTA
2155921536,11008,False,11021,1,TTTTCTTTGTTT
3221258304,11040,False,11053,1,TTTACTCTTGGT
824633753728,11072,False,11085,1,TGCTATGCTGCT
826785415360,11104,False,11117,1,TCTTGTGCTTGT
824642158784,11136,False,11149,1,ACAGTTGCTTAC
550842171584,11168,False,11181,1,TGCTAGCTGGGT
3233824960,11200,False,11213,1,TTGAATTGGCTG
827863367744,11232,False,11245,1,AGGCTTAAGGAT
825720045632,11264,False,11277,1,TTTAGTTTTGCT
3221258432,11296,False,11309,1,CTGTTTATGATG
552977072128,11328,False,11341,1,ACACTGATGAAT
826793836672,11360,False,11373,1,AGTCTACTATGG
274877923328,11392,False,11405,1,TTTCCATGTGGG
552989622464,11424,False,11437,1,TCTAACTATTCT
12632256,11456,False,11469,1,GTTTTTAGCTAG
827863367680,11520,False,11533,1,AACACCTTACAG
827863351488,11552,False,11565,1,TTTCTTAGGCTA
825711657024,11584,False,11597,1,GCCTTTTCTGTT
549760057536,11616,False,11629,1,CTTACTCTTGGT
827867545664,11648,False,11661,1,TACACAAGAATT
277025439936,11680,False,11693,1,GGCTTTTGCCTC
8421568,11712,False,11725,1,TTCAAGCTTAAC
824646353024,11744,False,11757,1,AGGTAAACCATG
275951681536,11776,False,11789,1,AGTCTAAAATGT
827867545792,11808,False,11821,1,GTGGTACTGCTC
824646336576,11840,False,11853,1,AGTAGAGTCATC
3221274816,11872,False,11885,1,GTGTACAACTCC
550833750208,11904,False,11917,1,AAAGACACAACT
827867545664,11936,False,11949,1,TTCTCTTTTGTC
827867562112,11968,False,11981,1,GTGCTGTAGACA
275964248128,12000,False,12013,1,ATGCTCGATAAC
827867529408,12032,False,12045,1,TGCTTCAGAATT
275960053952,12064,False,12077,1,CCGCTTATGCCA
4227200,12128,False,12141,1,TCTCAAAAAGTT
825715867712,12160,False,12173,1,CTAAATCTGAGT
549764235264,12192,False,12205,1,CAACGCAAGTTG
549755814080,12224,False,12237,1,TATGACCCAAAT
274877939904,12256,False,12269,1,AGGACAAGAGGG
825715851264,12288,False,12301,1,CAAACAATGCTC
49152,12320,False,12333,1,TGATAATGATGC
552981282880,12352,False,12365,1,ATGCGCGTGATG
1077952704,12384,False,12397,1,ATACCATTGACT
826785415168,12416,False,12429,1,TGTTGTCCCTGA
1073741824,12448,False,12461,1,CTTGTGATGGTA
32768,12480,False,12493,1,GCACTCTGGGAA
274890506368,12544,False,12557,1,ACATGGACAATT
552977039424,12576,False,12589,1,CTTATTGTTACA
549755846720,12608,False,12621,1,TGTTAAACTACA
2160083136,12640,False,12653,1,TAGCACTACGAC
551915913216,12672,False,12685,1,ACCACACAAACA
824637948032,12704,False,12717,1,ACTTGCCTACTA
274890489920,12736,False,12749,1,GGTTTGTGCTGG
551907491968,12768,False,12781,1,GATCTCAAATGG
3225419904,12800,False,12813,1,TGGTACAGGTAC
827863351296,12832,False,12845,1,CACCTTGTAGGT
8437952,12864,False,12877,1,GGGCCTAAAGTG
274886344832,12896,False,12909,1,AGGCTTAAACAA
278107553984,12928,False,12941,1,TGGGCAGTTTAG
32768,12960,False,12973,1,GCTGGAAATGCT
278103376064,13056,False,13070,1,AGTGGAGGACAA
8388672,13088,False,13102,1,GATGTTGTGTAC
274886295680,13120,False,13134,1,CAATTACTGTAA
551915929728,13152,False,13166,1,CAAGAGTCCTTT
274877956096,13184,False,13198,1,GTATTGTAGATG
550829588608,13216,False,13230,1,CTAAAGGATTCT
1086324736,13248,False,13262,1,GTCCAAATACCT
192,13280,False,13294,1,AGTGGGTTTTAC
826789593152,13312,False,13326,1,CCGTCTGCGGAA
277025439936,13344,False,13358,1,AGTTGTGACCAA
826789642304,13408,False,13423,1,TTGCGGTGTAAG
550829605056,13504,False,13521,1,TGGTTTTGCAAA
2155872320,13536,False,13553,1,GTCGCTTCCAGG
827854946432,13568,False,13585,1,TTATTAGACTCT
275951648768,13600,False,13617,1,TACTATGTCTAA
824646320256,13632,False,13649,1,TTTATAACTTGG
827863335104,13664,False,13681,1,GCTGTCCATGAC
1086324800,13696,False,13713,1,TGGTGACATGGT
8388608,13728,False,13745,1,GTCTAACTAAAT
12599488,13792,False,13809,1,TGATACATTAAA
3233808512,13824,False,13841,1,ATTGCTGTGATG
827863351296,13856,False,13873,1,GATTGGTATGAC
824646352960,13888,False,13905,1,CTTACGCGTATA
824633769984,13920,False,13937,1,TACGCCAATCAT
274877907136,13952,False,13969,1,TGCGATGCTATG
49152,13984,False,14001,1,CGTACTGACATT
1082179584,14016,False,14033,1,GGAACTGGTACG
826793787584,14048,False,14065,1,GTAGCACCAGGC
1086341184,14080,False,14097,1,TTCATATTACTC
275951665344,14144,False,14161,1,ATGGATGCTGAT
552977088640,14176,False,14193,1,GTGGGATTTGCT
825711657152,14208,False,14225,1,AGAGACTTTGTC
12583040,14240,False,14257,1,TATTGGGACCAG
824642125888,14272,False,14289,1,TAACTGTTTGGA
3221242048,14336,False,14353,1,TTTCCACCTACA
2160115840,14368,False,14385,1,AAAAATATTTGT
3225419776,14400,False,14417,1,TTTCAACTGGAT
274877956096,14432,False,14449,1,GTCGTACATAAT
824633770112,14464,False,14481,1,CTCGCGTCTCAG
278103343296,14496,False,14513,1,ATGCTGCTGATC
274877907008,14528,False,14545,1,GGCAATTTATTG
825711673472,14560,False,14577,1,CTTTTCAGTAGC
824642109632,14592,False,14609,1,CTTTTCAAACTG
552989671424,14624,False,14641,1,AAAGACTTTTAT
4243520,14656,False,14673,1,TTTCTTTAAGGA
827863367744,14688,False,14705,1,AACACTTCTTCT
824646320128,14720,False,14737,1,GCTATCAGTGAT
551915880512,14752,False,14769,1,TCTGCCAACAAT
3229614144,14784,False,14801,1,TATTCGTAGTTG
551915880512,14816,False,14833,1,GATTGTTACGAT
824646353088,14848,False,14865,1,CCAAGTAATCGT
827867562112,14880,False,14897,1,CTGGTTTCCCAT
550837993472,14912,False,14929,1,AGACTTTATTAT
826781253696,14944,False,14961,1,TCAAGATGCACT
274882150592,14976,False,14993,1,ATGTCATCCCTA
1082130496,15008,False,15025,1,AAGTATGCCATT
827867578368,15040,False,15057,1,CACCGTAGCTGG
3225419776,15072,False,15089,1,TGACAAATAGAC
550829588544,15104,False,15121,1,AAGTCAATAGCC
12599424,15136,False,15153,1,GGTAATTGGAAC
824642109632,15168,False,15185,1,GGCATAATATGT
278107570176,15200,False,15217,1,GTAGAAACTCCA
277038022656,15232,False,15249,1,TCCAAAATGTGA
278107570368,15264,False,15281,1,TTAGGATAATGG
826785447936,15296,False,15313,1,AAACATAACACT
49216,15328,False,15345,1,TTTCTACAGGTT
825720078400,15360,False,15377,1,TATTAAGTGAGA
277025439808,15392,False,15409,1,CTATATGTTAAA
827859189888,15424,False,15441,1,TGATGCTACAAC
3221242048,15456,False,15473,1,TTAACATTTGTC
825720045568,15488,False,15505,1,AATGCACTTCTT
550829555840,15552,False,15568,1,GGCTCTATGAGT
827867578368,15584,False,15601,1,GTTGATCATGAA
3225452544,15616,False,15633,1,TTACCTGCGTAA
278111715392,15648,False,15665,1,TTTCTGATGATG
277025423488,15680,False,15697,1,AACTATGCGGCT
551915929664,15712,False,15729,1,TAAGAACTTTAA
827863335104,15744,False,15761,1,ATAATGTGTTCA
275951665152,15776,False,15793,1,ACTGAGACTGAC
549768396800,15808,False,15825,1,ATTTTGCTCACA
2151694400,15840,False,15857,1,AAGGAGATGATT
3225452672,15872,False,15889,1,GATCCATCAAGA
824637964288,15904,False,15921,1,TGTCGATGATAT
550842187968,15936,False,15953,1,TTATGATTGAAA
275951665152,15968,False,15985,1,GATGCTTACCCA
827854979264,16000,False,16017,1,GGAGTATGCTGA
8388800,16032,False,16049,1,AATACATTAGAA
552989655232,16064,False,16081,1,GGCCACATGTTG
278107537536,16096,False,16113,1,AACTAATGATAA
3233824768,16128,False,16145,1,CTGAGTTTTATG
552989671616,16160,False,16177,1,ACAGTCTTGCAG
552989671552,16192,False,16209,1,GTGCAATTCACA
549760041024,16224,False,16241,1,CCTGTATTAGGA
278111715392,16256,False,16273,1,TGCTGCTATGAC
551903314048,16288,False,16305,1,CAAATTAGTGTT
552985444544,16320,False,16337,1,GCAATGCCCCAG
277037973504,16352,False,16369,1,ACACAACTGTAT
825711706304,16384,False,16401,1,TTGCAAGTCACA
3229663424,16416,False,16433,1,CATTATGTGCTA
827859173376,16448,False,16465,1,TACAAAAACACA
824637915264,16480,False,16497,1,CACTGACTTCAA
552977088576,16512,False,16529,1,GGACTAATGCTG
3229663296,16544,False,16561,1,ACTTGTACTGAG
192,16576,False,16593,1,AGAAACGCTCAA
552977088576,16608,False,16625,1,AGCTGTCATATG
8405056,16640,False,16657,1,GTACTCTCTGAC
4194304,16672,False,16689,1,GGAGGTTGGAAA
827867561984,16704,False,16721,1,GAAACTATGTCT
549768429568,16736,False,16753,1,AAAAATAGTAAA
827863384192,16768,False,16785,1,CTTTGAAAAAGG
277037973632,16800,False,16817,1,TGTACAGAGGTA
827863384064,16832,False,16849,1,GTTGGTGATTAC
826785448064,16864,False,16881,1,TGTAATGCCACT
2147500096,16896,False,16913,1,CACAAGAGCACT
3221258432,16928,False,16945,1,TACCCAACACTC
3221258368,16960,False,16977,1,TAGCAATGTTGC
274882134016,16992,False,17009,1,TGCAAAAGTACT
12583040,17024,False,17041,1,GGTACTGGTAAG
278103343232,17056,False,17073,1,TGCTCTCTATTA
278107570368,17088,False,17105,1,ATACGGCATGCT
552977088576,17120,False,17137,1,CTATGTGAAAAG
824646352960,17152,False,17169,1,AGATAAATGTAG
552977088512,17184,False,17201,1,CGCGCGTAGAGT
549768446080,17216,False,17233,1,AATTCAACACTA
551907541120,17248,False,17265,1,TGTAAATGCATT
12632256,17280,False,17297,1,TTGTAGTCTTTG
3225452672,17312,False,17329,1,AATTATGACTTG
277025439872,17344,False,17361,1,TCGTGCAAAACA
275955859584,17376,False,17393,1,CTGCTCAATTAC
274877956288,17408,False,17425,1,ACTAAAGGCACA
128,17440,False,17457,1,TTCAGTGTGCAG
824646336704,17472,False,17489,1,CAGACATGTTCC
549768396864,17504,False,17521,1,CCTGCTGAAATT
12632128,17600,False,17617,1,AAAGGTGTTATT
824642158592,17632,False,17649,1,AATCAACAGACC
552985460736,17664,False,17681,1,AATTTCTTACAC
825720094720,17696,False,17713,1,GCTGTTTTTATC
12582976,17728,False,17745,1,CGCTGTAGCTTC
4227264,17760,False,17777,1,CGCAGACTGTTG
3221225536,17792,False,17809,1,TATGACTATGTC
824646320320,17824,False,17841,1,AACAGCACACTC
277025439808,17856,False,17873,1,ATGTGGCTATCA
824633737216,17888,False,17905,1,TTGTGCATAATG
824646303808,17920,False,17937,1,CAAACTGCAATT
274882117632,17952,False,17969,1,GTCGCAATGTGG
824637915136,17984,False,18001,1,GTAACTGGACTT
825711689792,18016,False,18033,1,CATTACTGGTCT
827854995584,18048,False,18065,1,CACACCTCAGCG
549755846848,18080,False,18097,1,GAAGGATTATGT
275960053952,18112,False,18129,1,AAAGGACATGAC
2160066624,18144,False,18161,1,TGATGGGTTTCA
275955875968,18208,False,18225,1,AGCTATTCGTCA
552985444352,18240,False,18257,1,TTGATGTAGAGG
3233824960,18272,False,18289,1,GCTGTGGGTACT
824646303872,18304,False,18321,1,ATTTTCTACAGG
825715851328,18336,False,18353,1,CGACTGGTTATG
549755830336,18368,False,18385,1,GAATTCACCAGA
825720045632,18400,False,18417,1,AGGTGACCAGTT
825707511936,18432,False,18449,1,TGTATAAAGGCT
278103359552,18464,False,18481,1,ATTAAGATAGTA
12615808,18496,False,18513,1,GAAAGGATTGTC
552981250048,18528,False,18545,1,TTTGGGCGCATG
3221258368,18560,False,18577,1,AAGTACTTTGTC
824642109632,18592,False,18609,1,GTGTTGTCTGTG
278111731776,18624,False,18641,1,TTTCTACTTCAT
552981266432,18656,False,18673,1,AATCATTCTGTG
826781237376,18688,False,18705,1,CCCATTTATGAT
826781204544,18720,False,18737,1,TTACGGGTAACC
277037990080,18752,False,18769,1,CATTGCCAGGTA
824637915328,18784,False,18801,1,TAGTTGTGATGC
552977072320,18816,False,18833,1,CAGTCCATGAGT
825720078336,18848,False,18865,1,TGGTCTGTTGAA
826789593216,18880,False,18897,1,ACTGAGGGTTAA
826789642432,18912,False,18929,1,AACACATGGTTG
552989622400,18944,False,18961,1,GATAAGTTTCCA
278111764608,18976,False,18993,1,TCCAAAGGCTAT
1082146944,19008,False,19025,1,AAGTAGAATGGA
549755846656,19040,False,19057,1,TGTAGTGACAAA
824633737216,19072,False,19089,1,CTTCTATTCTTA
827867562176,19104,False,19121,1,TCACTGATGGTG
825711689920,19136,False,19153,1,AACGTTGATCGT
274890522624,19168,False,19185,1,GTGTAGGTTTGA
552985460928,19200,False,19217,1,TGAACTTACCAG
275955843136,19232,False,19249,1,TATGTGAATAAG
827859189760,19264,False,19281,1,TTTCGATAAAAG
825720045760,19296,False,19313,1,AATTGCCTTTCT
549755846720,19328,False,19345,1,TGTGAGTCTCAT
825707511808,19360,False,19377,1,TATTGATTATGT
552985460928,19392,False,19409,1,GTATTACACGAT
549764218880,19424,False,19441,1,TGCAGACACCAT
824646353024,19456,False,19473,1,CTTGGATGCATA
552977039552,19488,False,19505,1,GATTTAGCCTAT
824633720960,19520,False,19537,1,ACTTATAACCTG
2151727232,19552,False,19569,1,ACAGAGTTTAGA
3229614144,19584,False,19601,1,TTAATAAAGGAC
827867529280,19616,False,19633,1,GAAGCACCTGTT
2160115840,19648,False,19665,1,TTACACAAAGGT
4210880,19680,False,19697,1,TCTTTGAAAATA
277037989888,19712,False,19729,1,GTTGCATTTGAG
0,19744,False,19761,1,TAAACCAGTGCC
1082130624,19776,False,19793,1,ATTTGGGTGTTG
2147500096,19808,False,19825,1,ATCTGGGACTAC
2155872256,19840,False,19857,1,TGTATCTACAAT
3229647040,19872,False,19889,1,ACATTGCCAAGA
552989655168,19904,False,19921,1,TCTTCACTTACT
1086324864,19936,False,19953,1,GGAAGGACAGGT
824642142208,19968,False,19985,1,GTAATGGTGTTT
275960053824,20000,False,20017,1,AAAGGTCTAACA
826785398912,20032,False,20049,1,AGCTAGCGTCAA
277025390784,20064,False,20081,1,AATCAGTAAAAA
3221274688,20096,False,20113,1,AAAGTAGACGGC
824642125952,20128,False,20145,1,AACCTACTTTAC
549755814080,20160,False,20177,1,ATTTTAAGCCCA
552989671616,20192,False,20209,1,TTTCTCGAGCTC
277025407104,20224,False,20241,1,GCGATATAAGCT
552977039360,20256,False,20273,1,ACATCGTTTATG
278107553984,20288,False,20305,1,CTTGGCGGTCTT
3225469120,20320,False,20337,1,CAAGCGCTCACA
277025407104,20352,False,20369,1,AGGATTTTATCC
8388736,20384,False,20401,1,AATTACTTCATA
552989671488,20416,False,20433,1,ATCAAAATGTGT
825707511936,20448,False,20465,1,TACTTGATGACT
552977072320,20480,False,20497,1,CAAGATTTGTCA
277025439936,20512,False,20529,1,GGTTACAATTGA
3225468928,20544,False,20561,1,TGCTTTGGTGTA
274877923392,20576,False,20593,1,TTCTACCCAAAA
824637931712,20608,False,20625,1,GCAACCAGGTGT
827863335104,20640,False,20657,1,AGATGCAAAGAA
549768429760,20672,False,20689,1,CTTCAGAATTAT
549768396992,20704,False,20721,1,AAAAGGAATAAT
1073758400,20736,False,20753,1,CTCAACTGTGTC
824642142400,20768,False,20785,1,TTAGCTGTACCC
277025390720,20800,False,20817,1,CTTTGGTGCTGG
825711689856,20832,False,20849,1,CAGGTACAGCTG
278111748288,20864,False,20881,1,ACTGGCACACTA
277025439936,20896,False,20913,1,TGACTTCGTCTC
274882117824,20928,False,20945,1,TTGGAGACTGTG
3225419776,20960,False,20977,1,AAATGGGACCTT
2151677952,20992,False,21009,1,CCCTAGGACCAA
552977039488,21024,False,21041,1,ACTCTAAAGAAG
274877923456,21056,False,21073,1,GGATTTATAAAG
4227264,21088,False,21105,1,TTCTATAGCTGT
825711706176,21120,False,21137,1,GGAATGCTGACC
1086324736,21152,False,21169,1,TTCTCATGGTGG
2151727104,21184,False,21201,1,AAATGCATCATC
825711656960,21216,False,21233,1,GGGCTAACTATC
3233808384,21248,False,21265,1,ATTGATGGCTAT
274882117824,21280,False,21297,1,TTTCTGGAGGAA
827854979072,21312,False,21329,1,CTTCCTATTCAC
2160099520,21344,False,21361,1,CCTCTTAAATTA
824633769984,21376,False,21393,1,TCTTAAGGAGAA
49216,21408,False,21425,1,ATTCTCTTCTGG
3229663360,21440,False,21457,1,AGAGAAAACAAC
278103343296,21472,False,21489,1,TATTCTTGTTAA
827859157184,21504,False,21521,1,TTTTCTTATTAT
277029634048,21536,False,21553,1,AGTGACCTTGAC
827859140608,21568,False,21585,1,TGTTCAAGCTCC
552989638848,21600,False,21617,1,CATCTATGAGGG
550842187840,21632,False,21649,1,ATTTTTAGATCA
827854995584,21664,False,21681,1,GGATTTATTTCT
278103343296,21696,False,21713,1,CAGGGTTTCATA
278107553984,21728,False,21745,1,AACCCTGTCATA
4243584,21760,False,21777,1,TTTTGCTGCCAC
827854995520,21792,False,21809,1,GTGGTTGGGTTT
552989622272,21824,False,21841,1,AAGTCACAGTCG
825711706304,21856,False,21873,1,TACTAATGTTGT
192,21920,False,21937,1,AAACCCATGGGT
8437888,21952,False,21969,1,ATTCGATAATGC
278103326912,21984,False,22001,1,ACATATCTGATG
3221274752,22016,False,22033,1,GAAAAGTCAGGT
32832,22048,False,22065,1,GTTTGTGTTTAA
552981283008,22080,False,22097,1,ATGTTTATAAGG
275964231744,22112,False,22129,1,GTTCGTGATCTA
827859189760,22144,False,22161,1,GAAACCTATTTT
826789642240,22240,False,22257,1,AGCTGCAGCCTA
825720045568,22272,False,22289,1,CAACTACATTTA
550842187840,22304,False,22321,1,GGTACAATCACA
825707479168,22336,False,22353,1,AAATCCACTTGC
825715900480,22368,False,22385,1,AGAGCTTTGAGA
3233857664,22400,False,22417,1,ACCTCTAATTTC
274890490048,22432,False,22449,1,TGTTGTGAGATT
3221242048,22464,False,22481,1,GTCCTTTTGGAG
825715851264,22496,False,22513,1,TTCCCTTCTGTC
826781220992,22528,False,22545,1,AATTTCTAATTG
278111731904,22560,False,22577,1,TCTACAACTCAA
277025390784,22624,False,22641,1,TCTTTGCTTCTC
552985460736,22656,False,22673,1,TTGTAGTCAAGG
2160099328,22688,False,22705,1,GCGCCAGGACAA
551903314048,22720,False,22737,1,TAATTATAAATT
552977039552,22752,False,22769,1,GTGTCCTTGCTT
549768445952,22784,False,22801,1,GCTACTTCAACT
2147532864,22816,False,22833,1,TAGGTATCTTAG
827863351360,22848,False,22865,1,TTGAGAGAGACA
552989655232,22976,False,22993,1,TACAGAGTTGTA
277033779200,23008,False,23025,1,AAATGCACCGGC
827854946496,23040,False,23057,1,TATCCACTGACC
2151710784,23072,False,23089,1,AATTTTAATTTT
827854946368,23104,False,23121,1,TGTGTTAACTCC
825715900608,23136,False,23153,1,CATTTCAACAAT
551915880512,23168,False,23185,1,TTCACTGATTCC
278103343296,23200,False,23217,1,TGAAATATTAGA
827859173376,23232,False,23249,1,GGGGTGTAAGTG
550842187776,23264,False,23281,1,GCTTCATCTGAA
826785398784,23296,False,23313,1,TGTTAACTGCAC
16448,23360,False,23377,1,TATTCTACTGGA
826785431680,23392,False,23409,1,AGCAGGCTGTCT
1073758400,23424,False,23441,1,ACACTTCTTATG
551907492032,23456,False,23473,1,GCTGGCATTTGT
827863351488,23520,False,23537,1,TGGCTTATACTA
824637915200,23552,False,23569,1,TCAATTGCTTAC
824642158592,23584,False,23601,1,ACCTACTAACTT
827863334976,23616,False,23633,1,AAGTAATGCCTG
4227072,23648,False,23665,1,GTAGATTGTAAT
827867545792,23680,False,23697,1,TACTGAATGTGC
549764218880,23744,False,23761,1,TCAGGTATTGCT
275964231680,23776,False,23793,1,ACGTGAAGTGTT
278099165248,23840,False,23857,1,TTTAATTTTTCA
552989671552,23872,False,23889,1,AAAGCCAACTAA
2151694528,23904,False,23921,1,TGCTCTTTAATA
274882150592,23936,False,23953,1,GGCTTCATGAAG
826793836672,23968,False,23985,1,TGATATTAATGC
552985477120,24000,False,24017,1,AGAAGTTCAATG
552989655040,24032,False,24049,1,CTGCTCACTGAT
826785415296,24064,False,24081,1,TGCTGCTCTAGT
552985444544,24096,False,24113,1,GATGGACATTTG
8437888,24128,False,24145,1,ATACCTTTTGCT
49216,24160,False,24177,1,CAATGGCATTGG
8388608,24192,False,24209,1,ATGAGAACCAAA
12615744,24224,False,24241,1,AACAAGGCGATT
2160083008,24256,False,24273,1,TACAACAACATC
2155872256,24288,False,24305,1,AAGACGTTGTTA
12632064,24320,False,24337,1,AACACACTTGTT
2160115712,24352,False,24369,1,TGGTGCAATTTC
8405120,24384,False,24401,1,TTTCGCGACTTG
827854946496,24416,False,24433,1,CAAATTGACAGG
277029584960,24448,False,24465,1,AAGCCTTCAAAC
1082147008,24480,False,24497,1,TCAGGGCTGCTG
3233857728,24512,False,24529,1,CTTGCTGCTACT
2147532928,24544,False,24561,1,TGGACAATCAAA
826793803776,24576,False,24593,1,AGGGCTACCACC
552981250240,24608,False,24625,1,GCCCCGCATGGT
277033795584,24640,False,24657,1,GTATGTGCCATC
827863367680,24672,False,24689,1,CAGCGCCAGCAA
551915913408,24704,False,24721,1,TACTTCCCTCGT
549760040960,24736,False,24753,1,TGGCACTTCTTG
16448,24768,False,24785,1,TCTTTTCTCCAC
549768429760,24800,False,24817,1,ACATTTGTCTCA
274890539072,24832,False,24849,1,TGGCATCATTAA
825720045568,24864,False,24881,1,TGCAACCTGAGC
824646303808,24896,False,24913,1,CTGGACAAGTAC
826793787392,24928,False,24945,1,AGATGTTGATCT
825711656960,24960,False,24977,1,ACGCTTCTGTCG
552989622464,24992,False,25009,1,GACCGCCTCAAT
3233824896,25056,False,25073,1,AATATGAGCAAT
827867545792,25088,False,25105,1,GTTTGGCTCGGC
824646353088,25120,False,25137,1,CATCGTCATGGT
552981233856,25152,False,25169,1,TGACTAGTTGTT
826785447936,25184,False,25201,1,TGCTCTTGTGGT
551915913344,25216,False,25233,1,GGATGACTCTGA
274877956224,25248,False,25265,1,AATTACATTACA
549768396864,25312,False,25329,1,ACTGCACAGCCA
274882150400,25376,False,25393,1,TACCGCTACAAG
550842171584,25408,False,25425,1,CTTGTTATTGGC
274890522624,25440,False,25457,1,TCAGAGCGCTAC
825720045632,25472,False,25489,1,AAAGATGGCAGC
1086374016,25536,False,25553,1,TACCATCTATTC
274890489920,25568,False,25585,1,CAGGTATGGAGG
827854946304,25600,False,25617,1,GCCTTGATATAT
277029634240,25664,False,25681,1,GGAAGTGCAAAT
274882150400,25728,False,25745,1,TAACTATGACTA
825707462848,25760,False,25777,1,TCACAGATACAA
274882134016,25792,False,25809,1,GGCATTTCAACA
827854995520,25824,False,25841,1,CCAAATTGGTGG
3229663424,25856,False,25873,1,CAGGTGTTAAAG
549760024576,25888,False,25905,1,TATTTCACCGAA
826785448064,25920,False,25937,1,TACACAAATTAC
825707462848,25952,False,25969,1,ATGCTACATTCT
3221241920,25984,False,26001,1,AAAGACCCACCG
2151727232,26016,False,26033,1,CGACGGCTCTTC
824633753728,26080,False,26097,1,ACTAGCGTGCCT
552989671552,26112,False,26129,1,GTACGAACTTAT
824633753600,26144,False,26161,1,AAACAGGTACGT
827854995648,26176,False,26193,1,CTTTTTCTTGCT
274882150592,26208,False,26225,1,CACACTAGCCAT
552985428096,26240,False,26257,1,GTGCGTACTGCT
3225468992,26272,False,26289,1,TTAGTAAAACCA
552981233792,26304,False,26321,1,TGTTAAAAATCT
824633720832,26336,False,26353,1,CTGATCTTCTGG
824646320256,26368,False,26385,1,TTATTATTCTGT
2160066752,26400,False,26417,1,ATCATGGCAGAC
824637931648,26464,False,26481,1,TAGTAATAGGTT
825720045696,26496,False,26513,1,ATGTTACTACAA
274877956288,26528,False,26545,1,CAGGTTTTTGTA
549755863232,26560,False,26577,1,TCTGGCTCTTGT
552981233664,26592,False,26609,1,TTTGTGCTTGCT
551915880576,26624,False,26641,1,GGTGACTGGCGG
826785431616,26656,False,26673,1,GTATTGTAGGCT
3233824832,26688,False,26705,1,GTTGCTTCCTTC
4194304,26720,False,26737,1,CTCAATGTGGTC
827859173376,26752,False,26769,1,TTCTTCTCAATG
278099165376,26784,False,26801,1,GTGACCAGACCG
549764251840,26816,False,26833,1,CATTGGTGCTGT
1082163392,26848,False,26865,1,GAATGGCCGGAC
274886295744,26880,False,26897,1,ATTAAGGACCTG
552977055936,26912,False,26929,1,TACATCACGAAC
549755813888,26944,False,26961,1,GAGCGTCGCAGC
2151678080,26976,False,26993,1,TTTGCTGCATAC
826781220864,27008,False,27025,1,CTATAAATTAAA
277033779200,27040,False,27057,1,ACGACAATATTG
825720062016,27072,False,27089,1,ACAACAGATGTT
49344,27104,False,27121,1,TTACAATAGCAG
1086324928,27136,False,27153,1,AGGACTTTCAGG
824646303936,27168,False,27185,1,CGTTATAATAAG
277025390720,27200,False,27217,1,TTAAGCCTCTAA
550837993472,27232,False,27249,1,TTAGATGATGAA
2147532864,27264,False,27281,1,TCCATAAAACGA
552977088512,27296,False,27313,1,CTGACATTGATT
552989622272,27328,False,27345,1,ATATCACTATCA
12599296,27360,False,27377,1,CTGTACTACTAA
1073758272,27392,False,27409,1,ACATACGAGGGC
278111731776,27456,False,27473,1,GCACACACTTTG
3233808512,27520,False,27537,1,AGTTTCACCAAA
1086341312,27552,False,27569,1,AGGTTCAACAAG
552977088704,27584,False,27601,1,CTCATTGTTGCT
824633721024,27616,False,27633,1,TTGCTTCACCAT
2160115904,27648,False,27665,1,TGAGCTCACTTT
824637964288,27680,False,27697,1,TTTTAGCCTTTC
826793803776,27712,False,27729,1,ATGCTTATTATA
3221274752,27776,False,27794,1,AAACGAACATGA
827854946368,27840,False,27858,1,AGTACAGCGCTG
277033828480,27936,False,27925,1,TAATACTTATAG
827859173504,27968,False,27957,1,TAGGAAAGGTTT
2147483840,28000,False,27989,1,ACTATGGTTCAA
1077985408,28032,False,28021,1,TATCAACTGTCA
551907491840,28064,False,28053,1,TTATAGCTAGGT
552977072320,28096,False,28085,1,CACCAAACTGCT
128,28128,False,28117,1,TGTTTTAAATAA
275955859584,28160,False,28149,1,GATAATGGACCC
4210688,28256,False,28245,1,GGGGCAAGGCCA
826785431552,28288,False,28277,1,TTTACCCAATAA
1082130624,28320,False,28309,1,CTCTCACTCAGC
277037973504,28352,False,28341,1,TTCCCTCGAGGC
2147532992,28384,False,28373,1,CAATAGTGGTCC
274886328512,28416,False,28405,1,ACCGAAGAGCTA
4210816,28448,False,28437,1,GACGGCAAAATG
1073741824,28512,False,28500,1,CTTCACTTCCCT
274886311936,28576,False,28564,1,TACACCCAAAGA
275960086528,28608,False,28596,1,CTAATAACAATG
3221258432,28640,False,28628,1,CCTCAAGGAACA
277033828480,28672,False,28660,1,CGCAGAGGGAAG
274877939904,28704,False,28692,1,CTTCTCGCTCCT
1077936256,28736,False,28724,1,TCAAGAAATTCA
824637931648,28768,False,28756,1,AAATTCTCCTGC
826793836544,28800,False,28788,1,GTGAAACTGCCC
274882134080,28832,False,28820,1,AGATTGAACCAG
1082130560,28864,False,28852,1,TAAAGGCCAACA
278107537408,28896,False,28884,1,CTAAGAAATCTG
275955843072,28928,False,28916,1,CCTCGCCAAAAA
3229614208,28960,False,28948,1,CAACGTCACTCA
12615744,28992,False,28980,1,CAGAACAAACCC
277038022656,29024,False,29012,1,GACCTAATCAGA
824646336704,29088,False,29076,1,CCTCTGCATTCT
275951698112,29120,False,29108,1,ATGGAAGTCACA
274890539008,29152,False,29140,1,TTATCATGGAGC
1082179712,29184,False,29172,1,ATCCACAATTCA
550833750208,29216,False,29204,1,AACAAGCACATT
824633720832,29248,False,29236,1,ACCAACAGAGCC
275960053952,29312,False,29300,1,CAAAAGAAGCAG
551915896896,29344,False,29332,1,TGCGGCTGACAT
827863351488,29376,False,29364,1,TTCAAAATTCCA
825711657024,29408,False,29396,1,TCAACTCAGGCA
549755846848,29440,False,29428,1,ACAAGGCAGATG
550837944512,29472,False,29460,1,AATTCCGTTTAC
278111731712,29504,False,29492,1,GCAGAATGAATT
3233808384,29536,False,29524,1,GTAGGTTTAGTT
