278107570240,64,False,50,1,ACCAACCTCGAT
1082146880,96,False,82,1,AAACGAACTTTA
826785431744,128,False,114,1,CGGCTGCATGCC
824646352896,160,False,146,1,AACAATAATAAA
550842155072,192,False,178,1,AACGAGTAACTC
277029601344,224,False,210,1,TTACGGTTTCGT
826789625920,256,False,242,1,AGCATACCTAGG
1082179776,288,False,274,1,AAGGTAAGATGG
278099132608,320,False,306,1,AACGAGAAAACA
826793787456,352,False,338,1,TGTCCTTCAGGT
277033795584,384,False,370,1,GCTTCGGGGACT
278099165248,416,False,402,1,GAGGCACGTGAA
551903313984,448,False,434,1,TGGTCTAGTAGA
826785415296,512,False,498,1,CGTTCTGATGCC
551907491968,544,False,530,1,CAAGGTCGTTGA
552985477120,576,False,562,1,GCATTCAGTACG
274886328384,608,False,594,1,GGAGTACTCGTG
277038022656,640,False,626,1,AATTGCATACCG
550837944384,672,False,658,1,ACGGTAATAAGG
1086374016,704,False,690,1,GGCATCGATCTA
825720045760,736,False,722,1,CGAGCTTGGCAC
3225452736,768,False,754,1,AACAAAACTGGA
275964248064,800,False,786,1,GCACTCCGTGAA
827867545600,832,False,818,1,AGGTGCAGTCAC
2151727296,864,False,850,1,TCTGTGGCCCAG
275955875840,896,False,882,1,ATCAAAGATTTT
826781253824,928,False,914,1,AATGTGCACTCT
552989655104,960,False,946,1,TCGAGTCGAAGA
552981282880,992,False,978,1,GACCATGAGCAT
552977055744,1024,False,1010,1,GCGCTCTGATAA
3221225664,1056,False,1042,1,CCTTCGAAATTA
551903346880,1088,False,1074,1,ACTTTCAAAGGG
2147500096,1120,False,1106,1,TCCTCTTAACTC
192,1152,False,1138,1,CACGTGTTGAAA
275960053952,1184,False,1170,1,ATGGGGCGTATA
549755846848,1216,False,1202,1,ATCTCCACAGGA
3225452736,1248,False,1234,1,CTACCTTGATGA
2151694336,1280,False,1266,1,GTTTCATGGCAG
826785398976,1312,False,1298,1,CACTTGTGAACA
278111748160,1344,False,1330,1,TTATTGAAGGAC
552977055872,1376,False,1362,1,CCTACTAATGCT
3221225472,1440,False,1426,1,ATAGTGTTGCAG
277033812096,1472,False,1458,1,ATTGAAACTCGA
3233857728,1504,False,1490,1,TAGATGTTTTGG
2155872384,1536,False,1522,1,TTGGCTGCTATA
549768446080,1568,False,1554,1,CCTCGTGCTAGT
826781237248,1600,False,1586,1,TACTGGCATTAC
827854995648,1632,False,1618,1,TGAATGAGGATC
12615680,1664,False,1650,1,GAACGTGTTAAC
2151694528,1696,False,1682,1,TCATTTGAATGA
278099148992,1728,False,1714,1,CATCTTTCTCTG
3233808448,1760,False,1746,1,GACACTATAAAG
827863384256,1792,False,1778,1,CAAAACCATTGT
551911686336,1824,False,1810,1,AAGTTACCAAGG
274877939904,1856,False,1842,1,TGGAACATTGGA
825711689856,1888,False,1874,1,ACCACTGTGTGG
278107553792,1920,False,1906,1,GTGTTATCAGAT
275964264640,1952,False,1938,1,GATGCAGCAAAC
274890539008,1984,False,1970,1,AAGAGCAGCTGT
827863334976,2016,False,2002,1,CTGAACAGTCAT
552981233792,2048,False,2034,1,GTTTATACTTCA
2151727168,2080,False,2066,1,CATTATTATGGC
277037990080,2112,False,2098,1,TACAACAGACTT
549755813952,2144,False,2130,1,TTGGGCACTACT
826781253760,2176,False,2162,1,CTTTGAATGGAT
826789625984,2208,False,2194,1,GAGTTGAATTTC
1086373888,2240,False,2226,1,CTCAAATTTCTC
1086374016,2272,False,2258,1,CGTCAAGGGTCA
549768446144,2304,False,2290,1,ACATCAAGGATT
552977088704,2336,False,2322,1,GTTGTTAACAAG
277029617728,2368,False,2354,1,TCAAGTCACTAT
549768446144,2400,False,2386,1,CACTCAACTTAG
826789593216,2432,False,2418,1,AGCAAGGGACTT
550842171456,2464,False,2450,1,CAAGGAGCAGCT
12632064,2496,False,2482,1,AGGCACCAAAAG
3233857536,2528,False,2514,1,GATTCACATGAC
551903314048,2560,False,2546,1,GGTTGTTCTCAA
827867545792,2592,False,2578,1,TCGAGACGCCCG
1077968896,2624,False,2610,1,GCTATCGTTGGC
16512,2656,False,2642,1,CCTCATGCTCTT
827863384192,2688,False,2674,1,AATACTGCGCAT
826781237376,2720,False,2706,1,ACAAACAATGTC
824646303872,2752,False,2738,1,ACCAATTAAAGG
824646303936,2784,False,2770,1,CTGTTTGGGAAG
552989638848,2816,False,2802,1,AGAATCACATTT
824642158784,2848,False,2834,1,CAAAGTGCTTAA
550837960832,2880,False,2866,1,CTGTTGAATCCG
549768429568,2912,False,2898,1,GCATGTGTTGTA
826793836544,2944,False,2930,1,TTTACAACCAGT
827867561984,2976,False,2962,1,TGGGTATTGATC
824646336512,3008,False,2994,1,ACATTCTACTTA
49344,3040,False,3026,1,AAACTTTTCATC
8388800,3072,False,3058,1,ACCCTCCAGATG
549768429632,3104,False,3090,1,GAGTGTGAGGAA
274877956288,3136,False,3122,1,TGAACATGAGTA
824642125824,3168,False,3154,1,AAGGTCTCCCTC
549755846656,3200,False,3186,1,GAAACAGTTCGA
824637948096,3232,False,3218,1,AGACTGGCTGGA
4210880,3264,False,3250,1,AGATTGAGCCAG
278111764672,3296,False,3282,1,GAACCAGTTAAT
826793787520,3328,False,3314,1,ACTTACTGACAA
16576,3360,False,3346,1,ACATCGTTAAGG
1086324736,3392,False,3378,1,ATGGTGATTGTA
826785448000,3424,False,3410,1,GAAACATGGTGG
3221225600,3456,False,3442,1,ACAAGGCAACCA
32832,3488,False,3474,1,AGTGATGATTAC
552989671552,3520,False,3506,1,TACAGTAGGAGG
2151678144,3552,False,3538,1,ATAATCTTGCTA
1086357696,3584,False,3570,1,GGACCTAACCTA
3221274624,3616,False,3602,1,GCTTCTTAAGGC
827859189888,3648,False,3634,1,CACAGGACATCT
550829572096,3680,False,3666,1,GCAGGCATATTT
275955892224,3712,False,3698,1,TTTACAAGTGTG
275960037568,3744,False,3730,1,AGGTTTATATTG
552989638656,3776,False,3762,1,TATGAGCAGGTT
2151727168,3808,False,3794,1,CCTGAAGCCTAG
8404992,3840,False,3826,1,AGGAGCCACCAA
552985444544,3872,False,3858,1,GAGGAGAAATCT
4210816,3904,False,3890,1,TGTGAAGCCAAA
277033795712,3936,False,3922,1,AGGTTACCACAA
827863367680,3968,False,3954,1,CTTACCAATAAG
825707511808,4000,False,3986,1,CAATGGTAAGCT
3233857728,4032,False,4018,1,TGCTTAGAGGTG
827854979264,4064,False,4050,1,AAGGATGCACCT
824642158592,4096,False,4082,1,CACTAGTGGTGA
278099148928,4128,False,4114,1,CCTCCAAAAAGG
824633737408,4160,False,4146,1,CTCTCAAGAGCT
278103326848,4192,False,4178,1,TGAGTATATAAC
278107537536,4224,False,4210,1,GTGCTGGTTATA
824646352896,4256,False,4242,1,GCTCTTAAGAAA
1073791104,4288,False,4274,1,ACTACCTTCAGA
274890489984,4320,False,4306,1,AGATTCTAGGAA
275951648896,4352,False,4338,1,GAAATGCTTGCT
49280,4384,False,4370,1,ATTAATGCCTAT
824633720832,4416,False,4402,1,TAATGGCAACCA
551907524608,4448,False,4434,1,ATTAAAATTCAA
278103376000,4480,False,4466,1,TGTCCGATTCTT
827854995520,4512,False,4498,1,CTGTAGCTTCTA
278099148992,4544,False,4530,1,CTAAATGAGCCG
827854995584,4576,False,4562,1,TTATGTGACACA
827859140800,4608,False,4594,1,CTGCGCGCTGTA
550829588544,4640,False,4626,1,GCCGTAGTGTCA
827867578560,4672,False,4658,1,TACTACATATAA
2160115712,4704,False,4690,1,CAAAGACATCTG
550833782912,4736,False,4722,1,GTTTCTTTGGCT
549755814016,4768,False,4754,1,CTATTCAGGACA
552977088640,4800,False,4786,1,AATTTCTTAAGC
1077985280,4832,False,4818,1,CACACTCTGGAG
827867545664,4864,False,4850,1,TGACGGTGAGGT
277033828480,4896,False,4882,1,AGAGTCTCTTAT
1082130496,4928,False,4914,1,ATAAAAGTGTTC
551903330304,4960,False,4946,1,TCTCCACACACA
3225436224,4992,False,4978,1,CATATGGACAGC
550829555776,5024,False,5010,1,GATGGTGCTGAT
549760024704,5056,False,5042,1,TGTAAATCATGA
4227072,5088,False,5074,1,TACCTAGTGATG
275964264576,5120,False,5106,1,TTCGAGTACTAC
278103326784,5152,False,5138,1,TCTTGGTAGGTA
3225469120,5184,False,5170,1,CAAAGAAATGGA
2160066560,5216,False,5202,1,TTAACTTCAATT
827867529280,5248,False,5234,1,TTATTTGTCTAG
1082146816,5280,False,5266,1,AGCTTGAAGTCA
826785431680,5312,False,5298,1,CAAGAGGCTTAT
826793787520,5344,False,5330,1,TGCTGCTAACTT
278107570368,5376,False,5362,1,ACAGTAATAAAA
1086341120,5408,False,5394,1,GTCAGAGAAACT
2147483712,5440,False,5426,1,TGCTAATTTGGA
3229614080,5472,False,5458,1,ATGTGGTGTGTA
552977072320,5504,False,5490,1,ACTACCTTAACG
3221274624,5536,False,5522,1,TATGGGTACTCT
824642142400,5568,False,5554,1,CAGGTGTTTCCA
827854962688,5600,False,5586,1,GATGCTACACAA
552981233792,5632,False,5618,1,TTCTTTTGTTAT
49152,5664,False,5650,1,AGTATAAATTAC
2151694464,5696,False,5682,1,GCGAATGAGTAC
824637947904,5728,False,5714,1,TCATTACACTCA
4243456,5760,False,5746,1,TCTATCGTATTG
2147483648,5792,False,5778,1,ATGTCAGAGTAC
3221274624,5824,False,5810,1,TTTCTACAAGGA
278103326720,5856,False,5842,1,TCAAGCCTGTGT
49152,5888,False,5874,1,ACTTACACAGAG
549760024576,5920,False,5906,1,GTATTATAAAAA
3225436160,5952,False,5938,1,AGCAGCCTATAG
3233857536,5984,False,5970,1,TTACCAAATGCG
274890539136,6016,False,6002,1,CACATGTTCTAA
275951648768,6048,False,6034,1,TAAATCAAATGA
827854995520,6080,False,6066,1,TCACGAGAGCTA
826785448128,6112,False,6098,1,CTTGAATGGCGA
278099132608,6144,False,6130,1,GACACTATTCAG
1086373888,6176,False,6162,1,AAATTACTGCAT
4227072,6208,False,6194,1,TAACCAGGCTAC
549768446080,6240,False,6226,1,CAAACACTTGGT
550829605056,6272,False,6258,1,ACAAAGCCAGTA
2151677952,6304,False,6290,1,AGTTCTGGCAGT
549760008256,6336,False,6322,1,ACAATCTTGCTT
549768396992,6368,False,6354,1,TCTGAAGAAGTA
3221258240,6400,False,6386,1,GAAGGAAGTCAT
552977088512,6432,False,6418,1,CCGAAGTTGTAG
549755830272,6464,False,6450,1,TCAGATGAAGGT
824637964416,6496,False,6482,1,AGGTCATGAGGA
825707462848,6528,False,6514,1,AAAACACAAGCA
552989622336,6560,False,6546,1,GAGCTTTCACTA
826785447936,6592,False,6578,1,TGCCACTCATGG
3229614144,6624,False,6610,1,TTCCTTGGAGTA
275951648832,6656,False,6642,1,CCATTCTTAGGA
552981233792,6688,False,6674,1,AAATTGCGCTAA
827863384064,6720,False,6706,1,TTAACAATTATA
825720045696,6752,False,6738,1,TTGTTCCAATTG
826785398784,6784,False,6770,1,CAATTCTAGAAT
3221258432,6816,False,6802,1,CTATTGCTAAAA
550833750016,6848,False,6834,1,AAATTATGTTTG
3221258240,6880,False,6866,1,GAAGTCACCCAA
826793820352,6912,False,6898,1,TCGCTATGTGGC
2147516480,6944,False,6930,1,TTAGGTTCTCTA
12632128,6976,False,6962,1,TGGTGTACTCTT
552985477312,7008,False,6994,1,CTTATTGTAATG
550842171584,7040,False,7026,1,AATTCGTCTAAC
827863384256,7072,False,7058,1,TGAAGGTTCTTT
278111715328,7104,False,7090,1,GTGGATTAGACT
278107570240,7136,False,7122,1,CTTGAAACCATT
549768446080,7168,False,7154,1,CAAGCTAGACTT
824633770048,7200,False,7186,1,CTGAGTGGGTTT
827867578432,7232,False,7218,1,AAATTCTTTTAT
277025439744,7264,False,7250,1,AATGCAGGTGTT
3225469056,7296,False,7282,1,ATTTCATCAGCA
549764219072,7328,False,7314,1,ATCATTAGTATT
552989638784,7360,False,7346,1,TGCAATGGTTAG
826781204672,7392,False,7378,1,CTTTCTACTACA
825720045696,7424,False,7410,1,ATCATGGATGGT
549764218944,7456,False,7442,1,GATGTGCTATAA
278099165312,7488,False,7474,1,TTGAGTGTACAA
549755846784,7520,False,7506,1,AGATCTTTCTAT
550829588672,7552,False,7538,1,TGGCTTCTGCAA
278099165376,7584,False,7570,1,TCAATTGTGACA
552989655232,7616,False,7602,1,TTCATTAGTGAT
1086341120,7648,False,7634,1,ACTCCAGTTTAA
552981283008,7712,False,7698,1,GTGAAAAATGGC
32832,7744,False,7730,1,CAAGGCTGGTCA
825720045760,7776,False,7762,1,CGCTCTCCCATT
12599360,7808,False,7794,1,AGAGCTAACAAC
826789625856,7840,False,7826,1,TAATGTCATAGT
278111731904,7872,False,7858,1,GCGACGAGTCTG
278103343296,7904,False,7890,1,TACTACAGTCAG
1086324864,7936,False,7922,1,GTTGCTTGACCA
3229614208,7968,False,7954,1,GAGATAGTACTG
550842171456,8000,False,7986,1,GATGCTTATGTC
549768429632,8032,False,8018,1,TAGTGTTCCTAT
1086341248,8064,False,8050,1,TTGCTACAGCTC
552989622464,8096,False,8082,1,GTAGCTTTAGAT
2160115712,8128,False,8114,1,GTCAGCTGCCCG
3221225664,8160,False,8146,1,ATGTTGACACAA
275955876032,8192,False,8178,1,AAACTTTCACAT
824646336512,8224,False,8210,1,AGGTGACAGTTG
1073758208,8256,False,8242,1,ATAATAAGGTTG
12615808,8288,False,8274,1,CTTGGCGCATGT
2147532800,8320,False,8306,1,TATCAATGCCCA
552977039424,8352,False,8338,1,TTTCACTCATCT
278111731904,8384,False,8370,1,TCTTTATCTGAA
549755814080,8416,False,8402,1,TAGTGCTGCCAA
274877907136,8448,False,8434,1,GACTAACTTGTG
4210688,8480,False,8466,1,AATGTCATAACT
824642158656,8512,False,8498,1,TGGTAAGATTGT
274890539200,8544,False,8530,1,TGCTTAAGGCCA
277033795584,8608,False,8595,1,TACATTGTCAAT
192,8640,False,8627,1,AAATCATTGGTT
3233841152,8672,False,8659,1,GTCACTCGTGAC
2155921536,8704,False,8691,1,TTTTGCAAATAA
552989622272,8736,False,8723,1,GGTTTAGCCAGC
278099165376,8768,False,8755,1,GACAAAAGCTGC
827867562112,8800,False,8787,1,TACAAGAGAGAT
826789642432,8832,False,8819,1,TACCGGGTACTG
827867562176,8864,False,8851,1,GACTTCTTGCAT
278099132608,8896,False,8883,1,TGCTGTTGGCAA
3233824832,8928,False,8915,1,AACTCATTGAGT
550837944512,8960,False,8947,1,GCTTGCGTTCTT
549760041152,8992,False,8979,1,TAAGGATGCTAT
2155905216,9024,False,9011,1,GTTATGACACTA
277025390720,9056,False,9043,1,TCTTATAGTGAG
827867529408,9088,False,9075,1,TGTGCTTATGGA
826793836544,9120,False,9107,1,CTAACACTTACC
550837993600,9152,False,9139,1,GTAACAACTTTT
3221225472,9184,False,9171,1,TGGTACATGCGA
552989671616,9216,False,9203,1,GCCTATCTACCA
1073774784,9248,False,9235,1,AATGAGCATTAC
824633737344,9280,False,9267,1,CTGTGGTGTTGA
278103343232,9312,False,9299,1,ACATCTTTACTC
825707495488,9344,False,9331,1,GCTTTAGATGTG
278111764608,9376,False,9363,1,TGGTATTATTGC
824633753792,9408,False,9395,1,CCTACTACTTTA
278111748096,9440,False,9427,1,GGTGAGTACAAC
552989671488,9472,False,9459,1,ACTTTTGTTTTT
275964280960,9504,False,9491,1,GTCTGGTACCAG
824642158656,9536,False,9523,1,GTCTACTCAGTC
826785415296,9568,False,9555,1,CTATTTCACCAA
825720062144,9600,False,9587,1,ACCTTCAATGGT
1073791168,9632,False,9619,1,GTGCCTTTTTGG
550837993664,9664,False,9651,1,CTGTATTTCTCT
826781253760,9696,False,9683,1,TTAACAACTATC
826785431552,9728,False,9715,1,AATGGAGTTACA
278111731840,9760,False,9747,1,TGCTTTGTGTAC
827863351424,9792,False,9779,1,TGTACCTAAAAT
824642125888,9824,False,9811,1,CCACTTACACAG
278111764608,9856,False,9843,1,ATATAACAAGTA
552985444544,9888,False,9875,1,TAGATACTACCA
1073774784,9920,False,9907,1,TGCCACTTAGCA
826793803840,9952,False,9939,1,CAACTCAGGTGC
827863384192,9984,False,9971,1,CACAGACATCAA
3221241920,10016,False,10003,1,AGTGGTTTTAGG
549768396800,10048,False,10035,1,CAAAGTTGAAGG
278107570304,10080,False,10067,1,GTGGAACTACAA
826781221056,10112,False,10099,1,GATGACACAGTA
12632064,10144,False,10131,1,TTGCACAGCAGA
827854962752,10176,False,10163,1,ATGAAGATCTGC
275955875840,10208,False,10195,1,AGCTTTCTTGTT
278111715520,10240,False,10227,1,TCGTGTTATTGG
3221241920,10272,False,10259,1,TGCTTAGGCTTA
824646320320,10304,False,10291,1,AAGACACCCAAG
3233808576,10336,False,10323,1,ACCTGGTCAAAC
278107521152,10368,False,10355,1,ACAATGGTTCAC
4194432,10400,False,10387,1,GCCATGAGACCT
3229663360,10432,False,10419,1,TTTCCTTAATGG
3229630528,10464,False,10451,1,TTAACATTGATT
12583040,10496,False,10483,1,TATATGCATCAT
827854995648,10528,False,10515,1,ACACGCTGGTAC
825711673344,10560,False,10547,1,ATGGTCCATTTG
550833750208,10592,False,10579,1,GCTGCAGGTACA
552981282816,10624,False,10611,1,TGTTTTGGCATG
552977072192,10656,False,10643,1,ATGGTGATAGGT
552981266496,10688,False,10675,1,ACTACTTTGAAT
825720045696,10720,False,10707,1,GAAGTACAACTA
824637931712,10752,False,10739,1,ATGTTGACATAT
552989671488,10784,False,10771,1,ACAGGAATTGCC
550829604864,10816,False,10803,1,TTTGAAAGAGCT
827854995456,10848,False,10835,1,GTCGTACTATCC
278111748224,10880,False,10867,1,GATGAGTTTACA
827854995648,10912,False,10899,1,ATGCTCTGGTGT
1077936256,10944,False,10931,1,AGAAAATTGTTA
825707512000,10976,False,10963,1,CTTTTAACTTTC
3225452736,11008,False,10995,1,TGTTCAAAGTAC
3233824960,11040,False,11027,1,TTGTTTACGAGA
552989671488,11072,False,11059,1,CTTGGTATTATG
549755814080,11104,False,11091,1,GCTGCTTGTTAA
827859156992,11136,False,11123,1,GCTTGTTTCTGT
3225436224,11168,False,11155,1,GCTTACTTTAAT
824637948032,11200,False,11187,1,CTGGGTGATGCG
551911686272,11232,False,11219,1,TGGCTGACACTA
12615872,11264,False,11251,1,AAGGATTGTGTT
274882117760,11296,False,11283,1,TTTGCTTATTCT
274886328320,11328,False,11315,1,ATGATGATGCTG
3233808576,11360,False,11347,1,ATGAATGTCATT
826781253824,11392,False,11379,1,CTATGGTAATGC
827863351488,11424,False,11411,1,TGTGGGCCTTAG
550842138816,11456,False,11443,1,TATTCTGGTGTC
3233857664,11488,False,11475,1,AGCTAGAGCTAT
3233857728,11552,False,11539,1,TTACAGTGTATC
278099181632,11584,False,11571,1,AGGCTATTGTTG
3233841344,11616,False,11603,1,TCTGTTTACTCA
549764251712,11648,False,11635,1,CTTGGTGTTTAT
824637947968,11680,False,11667,1,AGAATTTAGGTA
552985444416,11712,False,11699,1,TGCCTCCTAAGA
827867562112,11744,False,11731,1,CTTAACATTAAG
551907492032,11776,False,11763,1,ACCATGTATCAA
826781220992,11808,False,11795,1,AAATGTCTGACG
274877907136,11840,False,11827,1,CTGCTCTCGGTT
3225419904,11872,False,11859,1,GTCATCTTCTAA
3225436160,11904,False,11891,1,AACTCCACAATG
824642142272,11936,False,11923,1,ACAACTGAAGCT
552989655168,11968,False,11955,1,TTTGTCTGTTTT
551911686272,12000,False,11987,1,TAGACATTAATA
3229614144,12032,False,12019,1,GATAACCGTGCT
825711706240,12064,False,12051,1,AGAATTTAGTTC
2160066688,12096,False,12083,1,ATGCCACTGCCC
550829588672,12128,False,12115,1,GTAGCTAATGGT
3221258240,12160,False,12147,1,AAAGTTAAAGAA
552985477120,12192,False,12179,1,CTGAGTTTGACC
1086357696,12224,False,12211,1,AAGTTGGAAAAG
2155921536,12256,False,12243,1,CCAAATGTACAA
827863384064,12288,False,12275,1,AGAGGGCAAAAG
3229630464,12320,False,12307,1,ATGCTCTTCACT
274890506368,12352,False,12339,1,TGATGCACTTAA
824633769984,12384,False,12371,1,GTGATGGTTGTG
549760041152,12416,False,12403,1,TTGACTACAGCA
827854962880,12448,False,12435,1,CCCTGATTATGG
824642125824,12480,False,12467,1,ATGGTAACACCT
278111748096,12512,False,12499,1,TGGGAAATCCAG
2160083136,12576,False,12563,1,ACAATTCACCAA
1077969088,12608,False,12595,1,GTTACAGCTCTA
825715851392,12640,False,12627,1,ACTACAGAATAA
278107553856,12672,False,12659,1,TACGACAGATGT
4227264,12704,False,12691,1,CAAACAGCTTGT
824642158784,12736,False,12723,1,CTACTATAACAA
824637915328,12768,False,12755,1,TGCTGGCATTAC
825715884160,12800,False,12787,1,AAATGGGCTAGA
277037973568,12832,False,12819,1,AGGTACAATTTA
275955843200,12864,False,12851,1,GTAGGTTTGTTA
824637915264,12896,False,12883,1,AAAGTGAAATAC
826793820288,12928,False,12915,1,AAACAACCTAAA
274882101440,12960,False,12947,1,GTTTAGCTGCTA
12583104,13088,False,13076,1,GGACAACCAATC
824642142208,13120,False,13108,1,GTGTACACACAC
3221225472,13152,False,13140,1,CTGTAACACCAG
550842155008,13184,False,13172,1,TCCTTTGGTGGT
825711706112,13216,False,13204,1,TAGATGCCACAT
824633720896,13248,False,13236,1,GATTCTGTGACT
825720062144,13280,False,13268,1,ATACCTACCACT
12632192,13312,False,13300,1,TTTTACACTTAG
3229647040,13344,False,13332,1,GCGGAATGTGGA
550837960768,13376,False,13364,1,GACCAACTCCGC
275955875968,13440,False,13429,1,TGTAAGTGCAGC
32896,13504,False,13495,1,TTTGATATTTAC
16448,13536,False,13527,1,TGCAAAGTTCCT
2155872256,13568,False,13559,1,TCCAGGAGAAGG
552985444416,13600,False,13591,1,GACTCTTACTTT
2147532992,13632,False,13623,1,GTCTAACTACCA
3229663424,13664,False,13655,1,ACTTGGTTAAAG
3221258368,13696,False,13687,1,CATGACTTTTTC
827863367744,13728,False,13719,1,CATGGTACCACA
827867578560,13760,False,13751,1,CTAAATACACAA
549768445952,13792,False,13783,1,CTACGTCATTTT
2151694528,13824,False,13815,1,ATTAAAAGAAAT
1073742016,13856,False,13847,1,GTGATGATGATT
549768396992,13888,False,13879,1,TATGACTTCGTA
277025439808,13920,False,13911,1,CGTATATGCTAA
3225468992,13952,False,13943,1,AATCATTATTAA
551915913408,13984,False,13975,1,GCTATGCGTGAT
826793836544,14016,False,14007,1,GACATTAGATAA
552985427968,14048,False,14039,1,GGTACGATTTCG
550842171456,14080,False,14071,1,CCAGGCTGCGGA
550842155200,14112,False,14103,1,TTACTCATTGCT
278111715456,14144,False,14135,1,CTAGGGCATTGG
1086324864,14176,False,14167,1,GCTGATCTCGCA
827859140608,14208,False,14199,1,TTTGCTGAAATA
3233808576,14240,False,14231,1,TTTGTCTCTTCG
275964231680,14272,False,14263,1,GACCAGACATAC
549768446080,14304,False,14295,1,TTTGGATGATAG
827854995648,14336,False,14327,1,ACTTTAATGTGT
550829555712,14368,False,14359,1,CCTACAAGTTTT
825720094912,14400,False,14391,1,ATTTGTAGATGG
827867562048,14432,False,14423,1,CTGGATACCATT
549755813952,14464,False,14455,1,CATAATCAGGAT
550842171520,14496,False,14487,1,TCTCAGTTTCAA
827863351360,14528,False,14519,1,CTGATCCAGCTA
2160115904,14560,False,14551,1,TTATTGCTAGAT
49344,14592,False,14583,1,AGTAGCTGCACT
278111715328,14624,False,14615,1,AAACTGTCAAAC
552989655232,14656,False,14647,1,TTTTATGACTTT
826781204544,14688,False,14679,1,TAAGGAAGGAAG
3221242048,14720,False,14711,1,TCTTCTTTGCTC
824646303936,14752,False,14743,1,AGTGATTATGAC
824633737408,14784,False,14775,1,AACAATGTGTGA
827867578560,14816,False,14807,1,TAGTTGAAGTTG
827867529216,14848,False,14839,1,TACGATGGTGGC
826781204608,14880,False,14871,1,AATCGTTAACAA
2147500032,14912,False,14903,1,TCCCATTTAATA
2160099328,14944,False,14935,1,TATTATGACTCA
549755863168,14976,False,14967,1,TGCACTTTTCGC
274877956224,15008,False,14999,1,TCCCTACTATAA
16448,15040,False,15031,1,GCCATTAGTGCA
827863384064,15072,False,15063,1,AGCTGGTGTCTC
2160115840,15104,False,15095,1,ATAGACAGTTTC
2160099520,15136,False,15127,1,ATAGCCGCCACT
552985444416,15168,False,15159,1,TGGAACAAGCAA
278099132416,15200,False,15191,1,ATATGTTAAAAA
2155921472,15232,False,15223,1,ACTCCACACCTT
275951681536,15264,False,15255,1,ATGTGACAGAGC
827863367680,15296,False,15287,1,TAATGGCCTCTC
3221242048,15328,False,15319,1,AACACTTGCTGT
278103326912,15360,False,15351,1,CAGGTTAGCTAA
827863351296,15392,False,15383,1,GTGAGATGGTCA
550829588480,15424,False,15415,1,GTTAAACCAGGT
824642125824,15456,False,15447,1,TACAACTGCTTA
824633770176,15488,False,15479,1,TTTGTCAAGCTG
551915880512,15520,False,15511,1,CTTCTTTCAACT
549768429568,15616,False,15607,1,CATGAATTCGTG
274890539200,15648,False,15639,1,GCGTAAACATTT
825707495488,15680,False,15671,1,ATGATGCCGTTG
827867529216,15712,False,15703,1,GCGGCTCAAGGT
827854946304,15744,False,15735,1,CTTTAAGGCAGT
12615872,15776,False,15767,1,TGTTCATGTCTG
2160099520,15808,False,15799,1,ACTGACCTTACT
1086324864,15840,False,15831,1,CTCACAGCATAC
2160083136,15872,False,15863,1,ATGATTACGTGT
550833799360,15904,False,15895,1,TCAAGAATATTA
2155872256,15936,False,15927,1,TGATATTGTCAA
824642158784,15968,False,15959,1,TTGAAAGGTTCG
12599296,16000,False,15991,1,TACCCACTTACA
827854946496,16032,False,16023,1,TGCTGATGTCTT
3225436224,16064,False,16055,1,TTAGAAAGTTAC
825707479104,16096,False,16087,1,ATGTTGGACATG
3229614208,16128,False,16119,1,TGATAACACCTC
825711656960,16160,False,16151,1,TTTATGAGGCTA
550842187904,16192,False,16183,1,TTGCAGGCTGTA
1082179776,16224,False,16215,1,TTCACAGACTTC
824646303808,16256,False,16247,1,TTAGGAGACCAT
1073758208,16288,False,16279,1,TATGACCATGTC
825707511808,16320,False,16311,1,AGTGTTGTCTGT
1082179584,16352,False,16343,1,CCCCAGGTTGTG
552981282944,16384,False,16375,1,CTGTATCTAGGA
824642158784,16416,False,16407,1,GTCACATAAGCC
3229663296,16448,False,16439,1,GTGCTAATGGTC
551907524672,16480,False,16471,1,AACACATGTGTA
8437760,16512,False,16503,1,CTTCAATGCGAT
8388800,16544,False,16535,1,ATGCTGGCGATT
3225452544,16576,False,16567,1,ACTGAGAGACTC
826785448000,16608,False,16599,1,GCTCAAAGCCAC
278103326720,16640,False,16631,1,CATATGGTATTG
824646352896,16672,False,16663,1,TCTGACAGAGAA
1086341120,16704,False,16695,1,TGGAAAACCTAG
550837960704,16736,False,16727,1,ATGTCTTTACTG
2155872448,16768,False,16759,1,AGTAAAGTACAG
826785448128,16800,False,16791,1,AAAAGGTGACTA
275964231872,16832,False,16823,1,GAGGTACTACGA
825720045760,16864,False,16855,1,GATTACTTTGTG
12615744,16896,False,16887,1,GCCACTTAGTGC
552985477184,16928,False,16919,1,AGCACTATGTGA
824642158720,16960,False,16951,1,ACACTCAACATC
824646320192,16992,False,16983,1,TGTTGCAAATTA
824637931712,17024,False,17015,1,AGTACTCTACAC
825711673408,17056,False,17047,1,GGTAAGAGTCAT
825720078336,17088,False,17079,1,CTATTACCCATC
278107537408,17120,False,17111,1,CATGCTCTCATG
8388608,17152,False,17143,1,GAAAAGGCATTA
275955892288,17184,False,17175,1,ATGTAGTAGAAT
49344,17216,False,17207,1,TAGAGTGTTTTG
827859140800,17248,False,17239,1,ACACTAGAACAG
4210816,17280,False,17271,1,TGCATTGCCAGA
827863351488,17312,False,17303,1,TCTTTGATGAAA
549768413312,17344,False,17335,1,GACTTGAGTGTT
274886344832,17376,False,17367,1,AAAACACTACGT
275964281024,17408,False,17399,1,AATTACCAGCCC
274890489920,17440,False,17431,1,GGCACACTAGAA
549768446080,17472,False,17463,1,GTGCAGACTTAT
3233857728,17536,False,17527,1,GAAATTGTTGAC
2147516416,17568,False,17559,1,TGACAATAAGCT
824646303744,17600,False,17591,1,CAGCTCAATGCT
552977072320,17632,False,17623,1,GTTATTACACAT
2160066752,17664,False,17655,1,CAGACCTCAAAT
278099132608,17696,False,17687,1,TTACACGCAATC
824633720896,17728,False,17719,1,TTTATCTCACCT
277038022720,17760,False,17751,1,AGCTTCAAAAAT
277037973696,17792,False,17783,1,CTGTTGATTCAT
12615744,17824,False,17815,1,TATGTCATATTC
824642125952,17856,False,17847,1,ACACTCTTGTAA
274886344832,17888,False,17879,1,CTATCACAAGGG
12615680,17920,False,17911,1,ATAATGTCTGAT
826793787456,17952,False,17943,1,GCAATTTACAAG
824642109440,17984,False,17975,1,ATGTGGCTACAT
551915880640,18016,False,18007,1,GGACTTTTTAAG
825711706176,18048,False,18039,1,TGGTCTTCATCC
826781220864,18080,False,18071,1,TCAGCGTTGATA
1077952512,18112,False,18103,1,TTATGTGTTGAC
825720094720,18144,False,18135,1,CATGACCTACCG
1082130624,18176,False,18167,1,GTTTCAAAATGA
1077968960,18208,False,18199,1,CCTAATATGTTT
827867545728,18240,False,18231,1,TCGTCACGTTCG
192,18272,False,18263,1,TAGAGGGCTGTC
278107553984,18304,False,18295,1,GGTACTAACCTA
277029584896,18336,False,18327,1,TACAGGTGTTAA
274877923328,18368,False,18359,1,GTTATGTTGACA
549768413312,18400,False,18391,1,ACCAGAGTTAAT
824637931712,18432,False,18423,1,CCAGTTTAAACA
552985460928,18464,False,18455,1,AAGGCTTGCCCT
277037989888,18496,False,18487,1,ATAGTACAAATG
2160083136,18528,False,18519,1,ATTGTCAGACAG
3233857664,18560,False,18551,1,CGCATGGCTTTG
550829555840,18592,False,18583,1,TTTGTCAAGATT
2151694528,18624,False,18615,1,TCTGTGTGACAA
278111748288,18656,False,18647,1,CTTCATCAGATA
549760008256,18688,False,18679,1,TCTGTGGGTTTT
825715867648,18720,False,18711,1,TATGATTGATGT
550837944512,18752,False,18743,1,GTAACCTTCAGA
1086357632,18784,False,18775,1,CAGGTACATGGA
549764202624,18816,False,18807,1,TGATGCTATCAT
826789593216,18848,False,18839,1,ATGAGTGCTTTG
3221258432,18880,False,18871,1,GTTGAATACCCT
824633720896,18912,False,18903,1,GGTTAATTCTGC
274882117824,18944,False,18935,1,TGGTTGTGAAGT
274890489920,18976,False,18967,1,TTTCCAGTTCTT
825707511936,19008,False,18999,1,GGCTATCAAGTG
3225436352,19040,False,19031,1,AATGGAAGTTCT
3229630656,19072,False,19063,1,GACAAAGCTTAC
1073741824,19104,False,19095,1,TTCTTATGCTAC
827854979136,19136,False,19127,1,ATGGTGTTTGTT
549755846784,19168,False,19159,1,GATCGTTACCCA
3225436160,19200,False,19191,1,GTTTGACACAAG
3221274816,19232,False,19223,1,TACCAGGCTGTG
824646336704,19264,False,19255,1,AATAAGCATGCA
824646336704,19296,False,19287,1,TAAAAGTGCATT
3221242048,19328,False,19319,1,CTTTCTTTTACT
278107553984,19360,False,19351,1,TCTCATGGCAAA
278103359488,19392,False,19383,1,TTATGTTCCACT
827863384128,19424,False,19415,1,CACGATGCAATT
549755863232,19456,False,19447,1,CACCATGCAAAT
549760057536,19488,False,19479,1,TGCATATAATAT
12583104,19520,False,19511,1,GCCTATGGATTT
3225468928,19552,False,19543,1,AACCTGTGGAAT
552977088512,19584,False,19575,1,TTTAGAAAATGT
8421376,19616,False,19607,1,AAGGACACTTTG
12615680,19648,False,19639,1,CCTGTTTCCATC
826793820352,19680,False,19671,1,AAAGGTAGATGG
278107521216,19712,False,19703,1,AAAATAAGACAA
549768396800,19744,False,19735,1,TTTGAGCTTTGG
824646353088,19776,False,19767,1,AGTGCCAGAGAT
278099181632,19808,False,19799,1,GTGTTGATATCG
550829572288,19840,False,19831,1,GACTACAAAAGA
274890539008,19872,False,19863,1,TACAATAGGTGT
277033812160,19904,False,19895,1,CCAAGAAACCTA
824646336512,19936,False,19927,1,CTTACTGTCTTG
824633737216,19968,False,19959,1,ACAGGTAGACCT
274890539008,20000,False,19991,1,GTGTTTTAATAA
2147500096,20032,False,20023,1,CTAACACCTTCA
278111715520,20064,False,20055,1,CGTCAATGGAGT
825720045568,20096,False,20087,1,TAAAAACACAGT
274886328384,20128,False,20119,1,GACGGCATTATT
277038006464,20160,False,20151,1,CTTTACTCAGAG
2147483840,20192,False,20183,1,AGCCCAGATCAC
549760024704,20224,False,20215,1,GAGCTCGCTATG
277037973504,20256,False,20247,1,TAAGCTCGAGGG
827863335104,20288,False,20279,1,TTTATGGAGATT
3225452544,20320,False,20311,1,GGTCTTCATTTA
1073741952,20352,False,20343,1,CTCACAAGATTC
1082130624,20384,False,20375,1,TTATCCCTATGG
549755863104,20416,False,20407,1,TTCATAACAGAT
824633770048,20448,False,20439,1,ATGTGTGTGTTC
16384,20480,False,20471,1,ATGACTTTGTCG
824642109632,20512,False,20503,1,TTGTCAGTGATT
824637931584,20544,False,20535,1,AATTGACTATGC
552985444416,20576,False,20567,1,GGTGTAAGGATG
551903346688,20608,False,20599,1,CCAAAACTACAA
549768413184,20640,False,20631,1,AGGTGTTGCGAT
824646303936,20672,False,20663,1,AAAGAATGCTTC
1086341120,20704,False,20695,1,AATTATGGTGAA
826781253696,20736,False,20727,1,AATAATGATGAA
827859156992,20768,False,20759,1,TGTGTCAATACT
2160083136,20800,False,20791,1,GTACCCTACAAC
826793787520,20832,False,20823,1,TGCTGGCTCTGA
549768413376,20864,False,20855,1,CAGCTGTGCTCA
550842138624,20896,False,20887,1,ACACTACTTGTC
3225419904,20928,False,20919,1,CGTCTCCGACGC
827863334912,20960,False,20951,1,ACTGTGCAACAG
8421440,20992,False,20983,1,GACCTTATTATT
549755863232,21024,False,21015,1,GACCAAACATGT
827859173376,21056,False,21047,1,AAGAAGGGTTTT
275960070208,21088,False,21079,1,ATAAAGCAAAAA
2147532800,21120,False,21111,1,AGCTGTAAAGAT
3229614144,21152,False,21143,1,CTGACCTTTACA
827854979072,21184,False,21175,1,TGGTGGACAGCT
3233857664,21216,False,21207,1,ATCATCATCGGA
2155872448,21248,False,21239,1,ACTATCTTGGCA
275955843264,21280,False,21271,1,GGCTATACCATG
824633753792,21312,False,21303,1,GAGGAACACAAA
2147532992,21344,False,21335,1,ATTCACTCTTTG
1073791168,21376,False,21367,1,AAATTAAGAGGA
277038022848,21408,False,21399,1,GGAGAATCAAAT
551903346688,21440,False,21431,1,TTCTGGAAAAAG
552977072320,21472,False,21463,1,AACAACAGAGTT
12632256,21504,False,21495,1,TGTTAACAACTA
275951681728,21536,False,21527,1,TATTATTTCTTA
1086357696,21568,False,21559,1,CTTGACCGGTGC
275951698112,21600,False,21591,1,AGCTCCTAATTA
3229614272,21632,False,21623,1,TGAGGGGGGTTT
274877923328,21664,False,21655,1,AGATCAGACACT
827854995584,21696,False,21687,1,ATTTCTTCCATT
3233841216,21728,False,21719,1,TTCATACTATTA
12632256,21760,False,21751,1,GTCATACCTTTT
12599424,21792,False,21783,1,TGCCACAGAGAA
275951648896,21824,False,21815,1,GGGTTTTTGGTT
3225468992,21856,False,21847,1,CAGTCGGTGATT
3221274816,21888,False,21879,1,TGTTGTTATACG
827863351296,21920,False,21911,1,GTGACAACCCTT
12583104,21952,False,21943,1,ATGGGTACACAG
824646336512,21984,False,21975,1,TAATGCATTTAA
278107537408,22016,False,22007,1,CTGATGCCTTTT
32960,22048,False,22039,1,TCAGGTAATTTT
2160083072,22080,False,22071,1,GTTTAAAAATAA
3229663424,22112,False,22103,1,ATAAGGGCTATC
552981282816,22144,False,22135,1,GATCTACCTTCT
550837993472,22176,False,22167,1,TATTTTTAAGTT
278099148992,22208,False,22199,1,CAAATTTTAGAG
2151727168,22240,False,22231,1,CCTGCTCAAGAC
827867561984,22272,False,22263,1,AGCCTATTTTGT
3229614272,22304,False,22295,1,CATTTATGCTCA
549768413184,22336,False,22327,1,ATCACAGATGCT
278103375872,22368,False,22359,1,ACTTGCTGAACT
12582976,22400,False,22391,1,TTGAGATTGACA
550829588672,22432,False,22423,1,AATTTCAGGGTT
824633753664,22464,False,22455,1,GAGATTCCCTAA
827854946368,22496,False,22487,1,TTGGAGAGGTTT
824633721024,22528,False,22519,1,TCTGTCTATGCA
827859173568,22560,False,22551,1,TAATTGTGTTGC
8421568,22624,False,22615,1,GGCGTTTCTGCC
277025439872,22656,False,22647,1,CTTCTCCAATGT
4243584,22688,False,22679,1,TCAAGGGAGATG
552989671424,22720,False,22711,1,GGACAAACTGGT
827867578496,22752,False,22743,1,TAAATTGCCAGA
277025390784,22784,False,22775,1,TTGCTTGGAATA
824646353024,22816,False,22807,1,TCAACTGGTAAT
275960053888,22848,False,22839,1,TCTTAGACATGG
2160083136,22880,False,22871,1,GAGACATATCTA
1086341120,22912,False,22903,1,GGCAAACCTTGC
2147532992,22944,False,22935,1,TTATTGGCCATT
825711673408,22976,False,22967,1,CCACTACTGGCA
827854995456,23008,False,22999,1,GTTGTAGTACTT
826785398976,23040,False,23031,1,ACCGGCCACGGT
1086374080,23072,False,23063,1,CTGACCTTATTA
275964264640,23104,False,23095,1,AATTTTAATGGA
12583104,23136,False,23127,1,AACTCCTTCTTC
552989622336,23168,False,23159,1,AACAATTTGGCC
550829604864,23200,False,23191,1,GATTCCGTTCGA
3225469056,23232,False,23223,1,ATTAGACATTTC
278099132608,23264,False,23255,1,TAAGTGTAATTA
552989655232,23296,False,23287,1,TCTGAAGTTGCT
824637964416,23328,False,23319,1,CTGCACTGATGT
278103376064,23360,False,23351,1,ATCAACTCACAC
552985444416,23392,False,23383,1,ACTGGAAACAAT
2147500032,23424,False,23415,1,CTGTCTTATAGG
3221258432,23456,False,23447,1,CTTATGAGTGCG
824633770176,23488,False,23479,1,ATTTGTGCTAGT
274882150528,23520,False,23511,1,ACGTAGTACTAG
827863367680,23552,False,23543,1,ATACTATGTCTT
1086324800,23584,False,23575,1,GCTTACTCTAAT
824637915264,23616,False,23607,1,TAACTTTTCAAT
827854962688,23648,False,23639,1,TGCCTGTTTCTA
2147532864,23680,False,23671,1,TGTAATATGTAC
550829604864,23712,False,23703,1,ATGTGCTAATTT
827863384064,23744,False,23735,1,TTTGCACACAAC
274882101376,23776,False,23767,1,ATTGCTGCTGAA
32768,23808,False,23799,1,AGTGTTCGCTCA
3229647040,23840,False,23831,1,CCCCAACTTTGA
825711673344,23872,False,23863,1,TTTTCACAAATA
824633737280,23904,False,23895,1,AACTAAGAGGTC
275960053824,23936,False,23927,1,TTAATAAGGTGA
549760040960,23968,False,23959,1,ATGAAGCAATAT
824642142208,24000,False,23991,1,TAATGCTAGAGA
277029601408,24032,False,24023,1,TCAATGGACTTA
1077936192,24064,False,24055,1,ACTGATGATATG
826785448128,24096,False,24087,1,TCTAGTTAGTGG
552981233664,24128,False,24119,1,CATTTGGTGCTG
1086373888,24160,False,24151,1,TTTGCTATGCAA
274890506368,24192,False,24183,1,CATTGGAGTTAC
825711706176,24224,False,24215,1,ACCAAAAACAAA
16448,24256,False,24247,1,GCGATTAGTCAA
2147516544,24288,False,24279,1,AACATCAACTGC
3229663296,24320,False,24311,1,TTGTTAACCAGA
277038022784,24352,False,24343,1,CTTGTTAAACAA
549755830464,24384,False,24375,1,AATTTCAAGTGT
826789642240,24416,False,24407,1,GACTTGATAAAG
2147500160,24448,False,24439,1,GACAGGTTAATT
1073741824,24480,False,24471,1,TCAAACCTATGT
552985428160,24512,False,24503,1,CTGCTGAAATCA
824646320256,24544,False,24535,1,GCTACTAAAATG
827863335040,24576,False,24567,1,ATCAAAAAGAGT
275955859520,24608,False,24599,1,ACCACCTTATGT
827867529216,24640,False,24631,1,CATGGTGTTGTC
549768413312,24672,False,24663,1,GCCATCCCAGGA
16448,24704,False,24695,1,CAGCAATTTGTC
552985428096,24736,False,24727,1,CCTCGTGAAGGT
825715867840,24768,False,24759,1,TTCTTGGTTTAT
827863334912,24800,False,24791,1,CTCCACAAATAA
824637915264,24832,False,24823,1,GTCTCAGGAAAT
3221274688,24864,False,24855,1,CATTAACAACAC
275960037504,24896,False,24887,1,CTGAGCTTGACT
16384,24928,False,24919,1,AAGTACTTCAAA
278107570304,24960,False,24951,1,TGATCTTGGCGA
824642158656,24992,False,24983,1,CTGTCGTCAACA
549768396800,25024,False,25015,1,CTCAATGAGGTC
826793787584,25056,False,25047,1,ACTCATTGACCT
2160066752,25088,False,25079,1,AGCAATATATTA
551903330496,25120,False,25111,1,CTCGGCTTCATT
275960053760,25152,False,25143,1,CATGGTTACAAT
550837960768,25184,False,25175,1,GTTGTTGCAGTT
824646336512,25216,False,25207,1,TGTGGTTCTTGC
824642126016,25248,False,25239,1,CTCTGAGCCAGT
275964281024,25280,False,25271,1,ATTACACATAAA
278111764672,25312,False,25303,1,TGAGATTTTTTA
12632128,25344,False,25335,1,CAGCCAGTAAAA
824637947968,25376,False,25367,1,AAGTACTGTTCA
827863367872,25408,False,25399,1,TACAAGCCTCAC
827867578368,25440,False,25431,1,ATTGGCGTTGCA
2160115712,25472,False,25463,1,CGCTACCAAAAT
827863384192,25504,False,25495,1,GGCAGCTAGCCC
278099165248,25536,False,25527,1,ATTTGCAATTTA
825720094848,25568,False,25559,1,CTATTCACATCT
826785398848,25600,False,25591,1,TGGAGGCGCAAT
277029617792,25632,False,25623,1,ATATATTTTCTA
3233857536,25664,False,25655,1,AATTATTATGAG
4194496,25696,False,25687,1,GCAAATCCAAGA
826785415168,25728,False,25719,1,AACTACTTTGTT
3221274624,25760,False,25751,1,TGACTACTGTAT
827863334976,25792,False,25783,1,ATACAATTGTCG
274877956096,25824,False,25815,1,TCAACACCAAAA
826789609600,25856,False,25847,1,TGGTGGTTATTC
827859173568,25888,False,25879,1,TTAAAGACTATG
824646352960,25920,False,25911,1,ACCGAAGTTTAC
277037973632,25952,False,25943,1,AATTACTACAGA
825711706112,25984,False,25975,1,CATTCTTCATCT
278103326720,26016,False,26007,1,CCACCGAATGTG
824637915264,26048,False,26039,1,CTCTTCAGGAGT
2147500224,26080,False,26071,1,CAATTTATGATG
549755846656,26112,False,26103,1,GTGCCTTTGTAA
2151677952,26144,False,26135,1,ACTTATGTACTC
827863384256,26176,False,26167,1,GTACGTTAATAG
552985460800,26208,False,26199,1,CTTGCTTTCGTG
825715884160,26240,False,26231,1,AGCCATCCTTAC
827863367680,26272,False,26263,1,ACTGCTGCAATA
827859157184,26304,False,26295,1,AAACCAACGGTT
826789642368,26336,False,26327,1,AAATCTGAACTC
275955892224,26368,False,26359,1,TTCTGGTCTAAA
274890539072,26400,False,26391,1,TTCTGTTTGGAA
3225452544,26432,False,26423,1,GCAGACAACGGT
550837960832,26464,False,26455,1,TAAACAACTCCT
824646353024,26496,False,26487,1,TAGGTTTCCTAT
825720045696,26528,False,26519,1,CTACAATTTGCC
1086341312,26560,False,26551,1,TTTGTACATAAT
824642142400,26592,False,26583,1,TCTTGTGGCCAG
826793836736,26624,False,26615,1,CTTGCTGCTGTC
551915929600,26656,False,26647,1,TGGCGGGATTGC
552989671616,26688,False,26679,1,TAGGCTTGATGT
825720062016,26720,False,26711,1,TCCTTCAGGCTG
277029601344,26752,False,26743,1,GTGGTCATTCAA
826781253760,26784,False,26775,1,TCAATGTGCCTC
551903330496,26816,False,26807,1,AGACCGCTCATG
826781237248,26848,False,26839,1,TGCTGTGATCAT
826793787584,26880,False,26871,1,CCGGACACTCCC
552989655104,26912,False,26903,1,GACCTGCCAAAA
827854946432,26944,False,26935,1,ACGAACGCTTTC
552989655232,26976,False,26967,1,CGCAGCGTGTAG
826793787392,27008,False,26999,1,GCATACAACCGC
277033795712,27040,False,27031,1,ATTAAATACAGA
824646352896,27072,False,27063,1,ATATTGCTTTGC
826793820160,27104,False,27095,1,GATGTTTCATCT
827854995584,27136,False,27127,1,TAGCAGAGATAT
2160099520,27168,False,27159,1,TTCAGGATTGCT
0,27200,False,27191,1,AATAAGTTCAAT
3233808384,27232,False,27223,1,CTCTAACTAAGA
49216,27264,False,27255,1,GATGAAGAACCT
3225469056,27296,False,27287,1,AAACGAACATGA
1077952512,27328,False,27319,1,TTGATTGTATTT
824642142336,27360,False,27351,1,CTATCAGGAGTG
275964264448,27392,False,27383,1,TACTAAAAGAAC
278103343168,27424,False,27415,1,GAGGGCAATTCA
8437760,27456,False,27447,1,CAATAAATTTGC
278107553984,27488,False,27479,1,ACTTTGCTTTTG
277025439936,27520,False,27511,1,CATACCTATCAG
274877939840,27552,False,27543,1,ACCAAAACTTTT
2151727168,27584,False,27575,1,AACAAGAGCTCT
552977055872,27616,False,27607,1,GTTGCTGCTCTA
0,27648,False,27639,1,CACCATTAAGAG
278111731904,27680,False,27671,1,CACTTTAATTGA
827867578496,27712,False,27703,1,CCTTTCTGCTAT
825711656960,27744,False,27735,1,ATTATATTTTGG
824633737216,27776,False,27768,1,TCTAGAAGAACC
827867545792,27808,False,27800,1,ACATGAAACTTC
827859173568,27840,False,27832,1,TCTCTATGCAGT
824637964352,27872,False,27864,1,GCGCTGTGCATC
4194432,27904,False,27896,1,AAGATCCTTGTA
827867578432,27936,False,27928,1,TACTTATAGCAC
278099165248,27968,False,27960,1,GAAAGGTTTTAC
825720078400,28000,False,27992,1,ATGGTTCAAACA
826789642304,28032,False,28024,1,CAACTGTCAAGA
550833750208,28064,False,28056,1,TAGCTAGGTGTT
826785415360,28096,False,28088,1,CAAACTGCTGCA
49344,28128,False,28120,1,TTTAAATAAACG
824633720896,28160,False,28152,1,AATGGACCCCAA
826785398976,28192,False,28184,1,CCGCATTACATT
3229647040,28224,False,28216,1,CTGACAATAACC
277025407104,28256,False,28248,1,GCAAGGCCAAAA
827863351424,28288,False,28280,1,ACCCAATAATAC
551911735296,28320,False,28312,1,TCACTCAGCATG
552977039424,28352,False,28344,1,CCTCGAGGCCAG
825720062144,28384,False,28376,1,TAGTGGTCCAGA
549760041152,28416,False,28408,1,GAAGAGCTACCC
552981233792,28448,False,28440,1,GGCAAAATGAAA
552977039424,28512,False,28503,1,CACTTCCCTACG
49152,28544,False,28535,1,GTATGGGTTGCA
277029601344,28576,False,28567,1,ACCCAAAGACCA
275955843264,28608,False,28599,1,ATAACAATGCTG
825707511808,28640,False,28631,1,CAAGGAACAACA
2155872448,28672,False,28663,1,AGAGGGAAGCAG
278103359680,28704,False,28695,1,CTCGCTCCTCAT
277029585024,28736,False,28727,1,AGAAATTCAACT
2155872384,28768,False,28759,1,TTCTCCTGCTCG
274882150464,28800,False,28791,1,AAACTGCCCTCG
551903346816,28832,False,28823,1,TTGAACCAGCTT
2147532800,28864,False,28855,1,AGGCCAACAACA
277037973632,28896,False,28887,1,AGAAATCTGCTG
1073758208,28928,False,28919,1,CGCCAAAAACGT
2155921472,28960,False,28951,1,CGTCACTCAAGC
552985427968,28992,False,28983,1,AACAAACCCAAG
550842138624,29024,False,29015,1,CTAATCAGACAA
3225419904,29056,False,29047,1,GCCGCAAATTGC
551907541056,29088,False,29079,1,CTGCATTCTTTG
826781220928,29120,False,29111,1,GAAGTCACACCT
827854962816,29152,False,29143,1,TCATGGAGCCAT
1073791104,29184,False,29175,1,CACAATTCAAAG
549755863104,29216,False,29207,1,AAGCACATTGAC
2147516416,29248,False,29239,1,AACAGAGCCTAA
3225419776,29280,False,29271,1,CTGATGAAGCTC
3233824832,29312,False,29303,1,AAGAAGCAGCCC
827859140672,29344,False,29335,1,GGCTGACATGGA
549768413376,29376,False,29367,1,AAAATTCCATGA
3229614144,29408,False,29399,1,ACTCAGGCATAA
827859189824,29440,False,29431,1,AGGCAGATGGGC
12599488,29472,False,29463,1,TCCGTTTACGAT
550829572096,29504,False,29495,1,GAATGAATTCTC
824637964288,29536,False,29527,1,GGTTTAGTTAAC
550829555776,29568,False,29559,1,TTTAATCAATGT
278111748096,29600,False,29591,1,AAAGAGCCACCA
3229614272,29632,False,29623,1,GGAGTACGATCG
274877939904,29664,False,29655,1,AGGGAGAGCTGC
824642158656,29696,False,29687,1,GTGTAAAATTAA
