551915929728,5312,False,5287,1,CAATGGCAGGAG
827863384192,8352,False,8450,1,CTTTTAATCAGC
275960037568,9536,False,9634,1,ACGCTTTATTTC
827867529280,10976,False,11074,1,AAATGGACTATG
551907524608,12032,False,12130,1,TTTGTTAATATG
550829555712,12224,False,12322,1,AATATGTATAAA
274877956288,12992,False,13090,1,TTTTCTGTAGAT
824642158592,13440,False,13538,1,ATTAAGGGCATT
278111715456,13632,False,13730,1,TGTGGCTGAACA
550842187776,13728,False,13826,1,TTGCTATGCATT
551915913408,14656,False,14751,1,TTCTTTACGCAG
824633770048,14688,False,14783,1,TGATTATAATTA
825711657088,14784,False,14879,1,TGATGGTGGGTG
3221241920,14816,False,14911,1,TTGTTAATAATT
549760024704,14976,False,15071,1,TATTAGTGCTAA
827854995648,15008,False,15103,1,CTGGTGTTTCCA
274890489984,15040,False,15135,1,AGAATGTTTCAT
552977088512,15168,False,15263,1,TCCTGTACTTAT
551903346880,15584,False,15679,1,ATAAGCATTTTA
827854979264,16096,False,16191,1,TACAAGAACATG
552989671424,16384,False,16479,1,ATGAATGGTATG
278107521216,16736,False,16831,1,AGAGTGAGTTGA
549760008320,17184,False,17279,1,TCGTAAGTATGT
3225468928,17248,False,17343,1,GATGAAGTTAGT
12599296,19104,False,19190,1,GAATGCAGTTGT
827867562112,19264,False,19350,1,TCAGATACGCCT
2147483776,19712,False,19798,1,AGCTCTTTAGAA
824646336640,21312,False,21398,1,GTTTTGGAGAAA
277037973696,28960,False,29010,1,AATAATGTGTAT
